Copyright 1986-2020 Xilinx, Inc. All Rights Reserved.
-------------------------------------------------------------------------------------------------------------------------------------------
| Tool Version      : Vivado v.2020.1 (win64) Build 2902540 Wed May 27 19:54:49 MDT 2020
| Date              : Fri Sep 25 13:19:45 2026
| Host              : (redacted)
| Command           : report_clock_utilization -file (redacted)
| Design            : system_top
| Device            : xczu4ev-sfvc784
| Speed File        : -1  PRODUCTION 1.27 02-28-2020
| Temperature Grade : I
| Design State      : Routed
-------------------------------------------------------------------------------------------------------------------------------------------

Clock Utilization Report

Table of Contents
-----------------
1. Clock Primitive Utilization
2. Global Clock Resources
3. Global Clock Source Details
4. Local Clock Details
5. Clock Regions : Clock Primitives
6. Clock Regions : Load Primitives
7. Clock Regions : Global Clock Summary
8. Clock Regions : Routing Resource Utilization
9. Device Cell Placement Summary for Global Clock g0
10. Device Cell Placement Summary for Global Clock g1
11. Device Cell Placement Summary for Global Clock g2
12. Device Cell Placement Summary for Global Clock g3
13. Device Cell Placement Summary for Global Clock g4
14. Device Cell Placement Summary for Global Clock g5
15. Device Cell Placement Summary for Global Clock g6
16. Device Cell Placement Summary for Global Clock g7
17. Device Cell Placement Summary for Global Clock g8
18. Device Cell Placement Summary for Global Clock g9
19. Device Cell Placement Summary for Global Clock g10
20. Device Cell Placement Summary for Global Clock g11
21. Device Cell Placement Summary for Global Clock g12
22. Device Cell Placement Summary for Global Clock g13
23. Device Cell Placement Summary for Global Clock g14
24. Device Cell Placement Summary for Global Clock g15
25. Device Cell Placement Summary for Global Clock g16
26. Device Cell Placement Summary for Global Clock g17
27. Device Cell Placement Summary for Global Clock g18
28. Clock Region Cell Placement per Global Clock: Region X0Y0
29. Clock Region Cell Placement per Global Clock: Region X1Y0
30. Clock Region Cell Placement per Global Clock: Region X2Y0
31. Clock Region Cell Placement per Global Clock: Region X0Y1
32. Clock Region Cell Placement per Global Clock: Region X1Y1
33. Clock Region Cell Placement per Global Clock: Region X2Y1
34. Clock Region Cell Placement per Global Clock: Region X0Y2
35. Clock Region Cell Placement per Global Clock: Region X1Y2
36. Clock Region Cell Placement per Global Clock: Region X2Y2
37. Clock Region Cell Placement per Global Clock: Region X0Y3
38. Clock Region Cell Placement per Global Clock: Region X1Y3
39. Clock Region Cell Placement per Global Clock: Region X2Y3

1. Clock Primitive Utilization
------------------------------

+------------+------+-----------+-----+--------------+--------+
| Type       | Used | Available | LOC | Clock Region | Pblock |
+------------+------+-----------+-----+--------------+--------+
| BUFGCE     |   13 |       112 |   0 |            0 |      0 |
| BUFGCE_DIV |    2 |        16 |   0 |            0 |      0 |
| BUFGCTRL   |    0 |        32 |   0 |            0 |      0 |
| BUFG_GT    |    4 |        96 |   0 |            0 |      0 |
| MMCM       |    2 |         4 |   0 |            0 |      0 |
| PLL        |    0 |         8 |   0 |            0 |      0 |
+------------+------+-----------+-----+--------------+--------+


2. Global Clock Resources
-------------------------

+-----------+-----------+-----------------+------------+-----------------+--------------+-----------+-------------------+-------------------+-------------+-----------------+--------------+-----------------------------------------------------------------------------------------------------+----------------------------------------------------------------------------------------------------------------------------------------------------------------------------------------------------------------------------------------+-----------------------------------------------------------------------------------------------------------------------------------------------------------------------------------------------------------------------+
| Global Id | Source Id | Driver Type/Pin | Constraint | Site            | Clock Region | Root      | Clock Delay Group | Load Clock Region | Clock Loads | Non-Clock Loads | Clock Period | Clock                                                                                               | Driver Pin                                                                                                                                                                                                                             | Net                                                                                                                                                                                                                   |
+-----------+-----------+-----------------+------------+-----------------+--------------+-----------+-------------------+-------------------+-------------+-----------------+--------------+-----------------------------------------------------------------------------------------------------+----------------------------------------------------------------------------------------------------------------------------------------------------------------------------------------------------------------------------------------+-----------------------------------------------------------------------------------------------------------------------------------------------------------------------------------------------------------------------+
| g0        | src0      | BUFGCE/O        | None       | BUFGCE_X0Y38    | X1Y1         | X1Y1      |                   |                12 |       77009 |               0 |        8.000 | gtx_clk_u                                                                                           | u_netsec/u_mac/u_bufg_gtx/O                                                                                                                                                                                                            | u_netsec/u_mac/logic_clk                                                                                                                                                                                              |
| g1        | src1      | BUFGCE_DIV/O    | None       | BUFGCE_DIV_X0Y5 | X1Y1         | X1Y1      |                   |                10 |        4955 |               0 |       10.000 | axi_clk                                                                                             | u_netsec/u_axi_div/O                                                                                                                                                                                                                   | u_netsec/axi_clk                                                                                                                                                                                                      |
| g2        | src1      | BUFGCE_DIV/O    | None       | BUFGCE_DIV_X0Y4 | X1Y1         | X2Y1      |                   |                 2 |         198 |               0 |       20.000 | clk_50m                                                                                             | u_netsec/u_div50/O                                                                                                                                                                                                                     | u_netsec/clk_50m                                                                                                                                                                                                      |
| g3        | src1      | BUFGCE/O        | None       | BUFGCE_X0Y27    | X1Y1         | X1Y1      |                   |                 2 |           9 |               1 |        5.000 | sys_clk_clk_p                                                                                       | u_netsec/u_mac/u_bufg_sys/O                                                                                                                                                                                                            | u_netsec/u_mac/sys_clk_buf                                                                                                                                                                                            |
| g4        | src2      | BUFGCE/O        | None       | BUFGCE_X0Y72    | X1Y3         | X0Y1      |                   |                 5 |        3522 |               0 |        8.000 | rgmii_rxc                                                                                           | rgmii_rxc_IBUF_BUFG_inst/O                                                                                                                                                                                                             | rgmii_rxc_IBUF_BUFGCE                                                                                                                                                                                                 |
| g5        | src2      | BUFGCE/O        | None       | BUFGCE_X0Y74    | X1Y3         | X1Y3      | n/a               |                 1 |           0 |               1 |        8.000 | rgmii_rxc                                                                                           | u_netsec/u_mac/u_bufg_rxc_in/O                                                                                                                                                                                                         | u_netsec/u_mac/rxc_in_buf                                                                                                                                                                                             |
| g6        | src3      | BUFGCE/O        | None       | BUFGCE_X0Y2     | X1Y0         | X1Y1      |                   |                 2 |        1384 |               0 |        6.244 | tx_clk_gt                                                                                           | u_netsec/g_sfp10g.u_sfp10g/u_tx_mac_clk/O                                                                                                                                                                                              | u_netsec/g_sfp10g.u_sfp10g/CLK                                                                                                                                                                                        |
| g7        | src4      | BUFGCE/O        | None       | BUFGCE_X0Y8     | X1Y0         | X1Y1      |                   |                 3 |         667 |               0 |        6.244 | rx_clk_gt                                                                                           | u_netsec/g_sfp10g.u_sfp10g/u_rx_mac_clk1/O                                                                                                                                                                                             | u_netsec/g_sfp10g.u_sfp10g/rx_v1_q_reg_0                                                                                                                                                                              |
| g8        | src4      | BUFGCE/O        | None       | BUFGCE_X0Y73    | X1Y3         | X2Y1      |                   |                 2 |         667 |               0 |        6.244 | rx_clk_gt                                                                                           | u_netsec/g_sfp10g.u_sfp10g/u_rx_mac_clk0/O                                                                                                                                                                                             | u_netsec/g_sfp10g.u_sfp10g/s_clk                                                                                                                                                                                      |
| g9        | src5      | BUFGCE/O        | None       | BUFGCE_X0Y50    | X1Y2         | X1Y2      |                   |                 3 |         468 |               0 |       50.000 | dbg_hub/inst/BSCANID.u_xsdbm_id/SWITCH_N_EXT_BSCAN.bscan_inst/SERIES7_BSCAN.bscan_inst/INTERNAL_TCK | dbg_hub/inst/BSCANID.u_xsdbm_id/SWITCH_N_EXT_BSCAN.u_bufg_icon_tck/O                                                                                                                                                                   | dbg_hub/inst/BSCANID.u_xsdbm_id/itck_i                                                                                                                                                                                |
| g10       | src6      | BUFGCE/O        | None       | BUFGCE_X0Y75    | X1Y3         | X1Y3      |                   |                 3 |         205 |               0 |        8.000 | rxc60_u                                                                                             | u_netsec/u_mac/u_mac/eth_mac_1g_rgmii_inst/rgmii_phy_if_inst/rx_ssio_ddr_inst/clk_bufg/O                                                                                                                                               | u_netsec/u_mac/u_mac/eth_mac_1g_rgmii_inst/rgmii_phy_if_inst/rx_ssio_ddr_inst/CLK                                                                                                                                     |
| g11       | src7      | BUFG_GT/O       | None       | BUFG_GT_X0Y47   | X2Y1         | X1Y1,X2Y1 |                   |                 4 |         145 |               0 |        6.244 | rx_clk_gt                                                                                           | u_netsec/g_sfp10g.u_sfp10g/u_gt/inst/gen_gtwizard_gthe4_top.gt_sfp_10g_gtwizard_gthe4_inst/gen_gtwizard_gthe4.gen_rx_user_clocking_internal.gen_single_instance.gtwiz_userclk_rx_inst/gen_gtwiz_userclk_rx_main.bufg_gt_usrclk2_inst/O | u_netsec/g_sfp10g.u_sfp10g/u_gt/inst/gen_gtwizard_gthe4_top.gt_sfp_10g_gtwizard_gthe4_inst/gen_gtwizard_gthe4.gen_rx_user_clocking_internal.gen_single_instance.gtwiz_userclk_rx_inst/gtwiz_userclk_rx_usrclk2_out[0] |
| g12       | src7      | BUFG_GT/O       | None       | BUFG_GT_X0Y46   | X2Y1         | X1Y1      |                   |                 1 |           2 |               0 |        3.122 | rxoutclk_out[0]                                                                                     | u_netsec/g_sfp10g.u_sfp10g/u_gt/inst/gen_gtwizard_gthe4_top.gt_sfp_10g_gtwizard_gthe4_inst/gen_gtwizard_gthe4.gen_rx_user_clocking_internal.gen_single_instance.gtwiz_userclk_rx_inst/gen_gtwiz_userclk_rx_main.bufg_gt_usrclk_inst/O  | u_netsec/g_sfp10g.u_sfp10g/u_gt/inst/gen_gtwizard_gthe4_top.gt_sfp_10g_gtwizard_gthe4_inst/gen_gtwizard_gthe4.gen_rx_user_clocking_internal.gen_single_instance.gtwiz_userclk_rx_inst/gtwiz_userclk_rx_usrclk_out[0]  |
| g13       | src7      | BUFG_GT/O       | None       | BUFG_GT_X0Y45   | X2Y1         | X1Y1      |                   |                 4 |          18 |               0 |        6.244 | tx_clk_gt                                                                                           | u_netsec/g_sfp10g.u_sfp10g/u_gt/inst/gen_gtwizard_gthe4_top.gt_sfp_10g_gtwizard_gthe4_inst/gen_gtwizard_gthe4.gen_tx_user_clocking_internal.gen_single_instance.gtwiz_userclk_tx_inst/gen_gtwiz_userclk_tx_main.bufg_gt_usrclk2_inst/O | u_netsec/g_sfp10g.u_sfp10g/u_gt/inst/gen_gtwizard_gthe4_top.gt_sfp_10g_gtwizard_gthe4_inst/gen_gtwizard_gthe4.gen_tx_user_clocking_internal.gen_single_instance.gtwiz_userclk_tx_inst/gtwiz_userclk_tx_usrclk2_out[0] |
| g14       | src7      | BUFG_GT/O       | None       | BUFG_GT_X0Y36   | X2Y1         | X1Y1      |                   |                 1 |           2 |               0 |        3.122 | txoutclk_out[0]                                                                                     | u_netsec/g_sfp10g.u_sfp10g/u_gt/inst/gen_gtwizard_gthe4_top.gt_sfp_10g_gtwizard_gthe4_inst/gen_gtwizard_gthe4.gen_tx_user_clocking_internal.gen_single_instance.gtwiz_userclk_tx_inst/gen_gtwiz_userclk_tx_main.bufg_gt_usrclk_inst/O  | u_netsec/g_sfp10g.u_sfp10g/u_gt/inst/gen_gtwizard_gthe4_top.gt_sfp_10g_gtwizard_gthe4_inst/gen_gtwizard_gthe4.gen_tx_user_clocking_internal.gen_single_instance.gtwiz_userclk_tx_inst/gtwiz_userclk_tx_usrclk_out[0]  |
| g15       | src0      | BUFGCE/O        | None       | BUFGCE_X0Y44    | X1Y1         | X1Y1      | n/a               |                 1 |           0 |               1 |        5.000 | mmcm_fb                                                                                             | u_netsec/u_mac/u_bufg_fb/O                                                                                                                                                                                                             | u_netsec/u_mac/mmcm_fb_buf                                                                                                                                                                                            |
| g16       | src8      | BUFGCE/O        | None       | BUFGCE_X0Y52    | X1Y2         | X1Y2      | n/a               |                12 |           0 |            7265 |          n/a | n/a                                                                                                 | u_netsec/u_mac/i___93_i_2_bufg_place/O                                                                                                                                                                                                 | u_netsec/u_mac/rst_sync_reg[3]_11                                                                                                                                                                                     |
| g17       | src6      | BUFGCE/O        | None       | BUFGCE_X0Y80    | X1Y3         | X1Y3      | n/a               |                 1 |           0 |               1 |        8.000 | rxc_fb                                                                                              | u_netsec/u_mac/u_bufg_rxc_fb/O                                                                                                                                                                                                         | u_netsec/u_mac/rxc_fb_buf                                                                                                                                                                                             |
| g18       | src9      | BUFGCE/O        | None       | BUFGCE_X0Y54    | X1Y2         | X1Y2      | n/a               |                 9 |           0 |            3733 |          n/a | n/a                                                                                                 | u_netsec/u_regs/s0[127]_i_1_bufg_place/O                                                                                                                                                                                               | u_netsec/u_regs/sel                                                                                                                                                                                                   |
+-----------+-----------+-----------------+------------+-----------------+--------------+-----------+-------------------+-------------------+-------------+-----------------+--------------+-----------------------------------------------------------------------------------------------------+----------------------------------------------------------------------------------------------------------------------------------------------------------------------------------------------------------------------------------------+-----------------------------------------------------------------------------------------------------------------------------------------------------------------------------------------------------------------------+
* Clock Loads column represents the clock pin loads (pin count)
** Non-Clock Loads column represents the non-clock pin loads (pin count)


3. Global Clock Source Details
------------------------------

+-----------+------------+------------------------+--------------------+--------------------+--------------+-------------+-----------------+---------------------+-----------------------------------------------------------------------------------------------------+---------------------------------------------------------------------------------------------------------------------------------------------------------------------------------------------------------------------------------------------------------------------------------+-----------------------------------------------------------------------------------------------------------------------------------------------------------------------------------------------------------------------+
| Source Id | Global Id  | Driver Type/Pin        | Constraint         | Site               | Clock Region | Clock Loads | Non-Clock Loads | Source Clock Period | Source Clock                                                                                        | Driver Pin                                                                                                                                                                                                                                                                      | Net                                                                                                                                                                                                                   |
+-----------+------------+------------------------+--------------------+--------------------+--------------+-------------+-----------------+---------------------+-----------------------------------------------------------------------------------------------------+---------------------------------------------------------------------------------------------------------------------------------------------------------------------------------------------------------------------------------------------------------------------------------+-----------------------------------------------------------------------------------------------------------------------------------------------------------------------------------------------------------------------+
| src0      | g0         | MMCME4_ADV/CLKOUT0     | None               | MMCM_X0Y1          | X1Y1         |           1 |               0 |               8.000 | gtx_clk_u                                                                                           | u_netsec/u_mac/u_mmcm/CLKOUT0                                                                                                                                                                                                                                                   | u_netsec/u_mac/gtx_clk_u                                                                                                                                                                                              |
| src0      | g15        | MMCME4_ADV/CLKFBOUT    | None               | MMCM_X0Y1          | X1Y1         |           1 |               0 |               5.000 | mmcm_fb                                                                                             | u_netsec/u_mac/u_mmcm/CLKFBOUT                                                                                                                                                                                                                                                  | u_netsec/u_mac/mmcm_fb                                                                                                                                                                                                |
| src1      | g1, g2, g3 | IBUFCTRL/O             | IOB_X1Y75          | IOB_X1Y75          | X1Y1         |           3 |               0 |               5.000 | sys_clk_clk_p                                                                                       | u_netsec/u_ibuf_sys/IBUFCTRL_INST/O                                                                                                                                                                                                                                             | u_netsec/u_ibuf_sys/O                                                                                                                                                                                                 |
| src2      | g4, g5     | IBUFCTRL/O             | IOB_X1Y184         | IOB_X1Y184         | X1Y3         |           2 |               0 |               8.000 | rgmii_rxc                                                                                           | rgmii_rxc_IBUF_inst/IBUFCTRL_INST/O                                                                                                                                                                                                                                             | rgmii_rxc_IBUF_inst/O                                                                                                                                                                                                 |
| src3      | g6         | BUFG_GT/O              | None               | BUFG_GT_X0Y45      | X2Y1         |          18 |               0 |               6.244 | tx_clk_gt                                                                                           | u_netsec/g_sfp10g.u_sfp10g/u_gt/inst/gen_gtwizard_gthe4_top.gt_sfp_10g_gtwizard_gthe4_inst/gen_gtwizard_gthe4.gen_tx_user_clocking_internal.gen_single_instance.gtwiz_userclk_tx_inst/gen_gtwiz_userclk_tx_main.bufg_gt_usrclk2_inst/O                                          | u_netsec/g_sfp10g.u_sfp10g/u_gt/inst/gen_gtwizard_gthe4_top.gt_sfp_10g_gtwizard_gthe4_inst/gen_gtwizard_gthe4.gen_tx_user_clocking_internal.gen_single_instance.gtwiz_userclk_tx_inst/gtwiz_userclk_tx_usrclk2_out[0] |
| src4      | g7, g8     | BUFG_GT/O              | None               | BUFG_GT_X0Y47      | X2Y1         |         145 |               0 |               6.244 | rx_clk_gt                                                                                           | u_netsec/g_sfp10g.u_sfp10g/u_gt/inst/gen_gtwizard_gthe4_top.gt_sfp_10g_gtwizard_gthe4_inst/gen_gtwizard_gthe4.gen_rx_user_clocking_internal.gen_single_instance.gtwiz_userclk_rx_inst/gen_gtwiz_userclk_rx_main.bufg_gt_usrclk2_inst/O                                          | u_netsec/g_sfp10g.u_sfp10g/u_gt/inst/gen_gtwizard_gthe4_top.gt_sfp_10g_gtwizard_gthe4_inst/gen_gtwizard_gthe4.gen_rx_user_clocking_internal.gen_single_instance.gtwiz_userclk_rx_inst/gtwiz_userclk_rx_usrclk2_out[0] |
| src5      | g9         | BSCANE2/TCK            | None               | CONFIG_SITE_X0Y0   | X2Y2         |           1 |               0 |              50.000 | dbg_hub/inst/BSCANID.u_xsdbm_id/SWITCH_N_EXT_BSCAN.bscan_inst/SERIES7_BSCAN.bscan_inst/INTERNAL_TCK | dbg_hub/inst/BSCANID.u_xsdbm_id/SWITCH_N_EXT_BSCAN.bscan_inst/SERIES7_BSCAN.bscan_inst/TCK                                                                                                                                                                                      | dbg_hub/inst/BSCANID.u_xsdbm_id/SWITCH_N_EXT_BSCAN.bscan_inst/tck_bs                                                                                                                                                  |
| src6      | g10        | MMCME4_ADV/CLKOUT1     | None               | MMCM_X0Y3          | X1Y3         |           1 |               0 |               8.000 | rxc60_u                                                                                             | u_netsec/u_mac/u_mmcm_rxc/CLKOUT1                                                                                                                                                                                                                                               | u_netsec/u_mac/rxc60_u                                                                                                                                                                                                |
| src6      | g17        | MMCME4_ADV/CLKFBOUT    | None               | MMCM_X0Y3          | X1Y3         |           1 |               0 |               8.000 | rxc_fb                                                                                              | u_netsec/u_mac/u_mmcm_rxc/CLKFBOUT                                                                                                                                                                                                                                              | u_netsec/u_mac/rxc_fb                                                                                                                                                                                                 |
| src7      | g11, g12   | GTHE4_CHANNEL/RXOUTCLK | GTHE4_CHANNEL_X0Y4 | GTHE4_CHANNEL_X0Y4 | X2Y1         |           3 |               0 |               3.122 | rxoutclk_out[0]                                                                                     | u_netsec/g_sfp10g.u_sfp10g/u_gt/inst/gen_gtwizard_gthe4_top.gt_sfp_10g_gtwizard_gthe4_inst/gen_gtwizard_gthe4.gen_channel_container[1].gen_enabled_channel.gthe4_channel_wrapper_inst/channel_inst/gthe4_channel_gen.gen_gthe4_channel_inst[0].GTHE4_CHANNEL_PRIM_INST/RXOUTCLK | u_netsec/g_sfp10g.u_sfp10g/u_gt/inst/gen_gtwizard_gthe4_top.gt_sfp_10g_gtwizard_gthe4_inst/gen_gtwizard_gthe4.gen_channel_container[1].gen_enabled_channel.gthe4_channel_wrapper_inst/channel_inst/rxoutclk_out[0]    |
| src7      | g13, g14   | GTHE4_CHANNEL/TXOUTCLK | GTHE4_CHANNEL_X0Y4 | GTHE4_CHANNEL_X0Y4 | X2Y1         |           3 |               0 |               3.122 | txoutclk_out[0]                                                                                     | u_netsec/g_sfp10g.u_sfp10g/u_gt/inst/gen_gtwizard_gthe4_top.gt_sfp_10g_gtwizard_gthe4_inst/gen_gtwizard_gthe4.gen_channel_container[1].gen_enabled_channel.gthe4_channel_wrapper_inst/channel_inst/gthe4_channel_gen.gen_gthe4_channel_inst[0].GTHE4_CHANNEL_PRIM_INST/TXOUTCLK | u_netsec/g_sfp10g.u_sfp10g/u_gt/inst/gen_gtwizard_gthe4_top.gt_sfp_10g_gtwizard_gthe4_inst/gen_gtwizard_gthe4.gen_channel_container[1].gen_enabled_channel.gthe4_channel_wrapper_inst/channel_inst/txoutclk_out[0]    |
| src8      | g16        | LUT2/O                 | None               | SLICE_X24Y126      | X1Y2         |           1 |            1019 |                     |                                                                                                     | u_netsec/u_mac/i___93_i_2/O                                                                                                                                                                                                                                                     | u_netsec/u_mac/rst_sync_reg[3]_11_bufg_place                                                                                                                                                                          |
| src9      | g18        | LUT3/O                 | None               | SLICE_X57Y127      | X2Y2         |           1 |               2 |                     |                                                                                                     | u_netsec/u_regs/s0[127]_i_1/O                                                                                                                                                                                                                                                   | u_netsec/u_regs/sel_bufg_place                                                                                                                                                                                        |
+-----------+------------+------------------------+--------------------+--------------------+--------------+-------------+-----------------+---------------------+-----------------------------------------------------------------------------------------------------+---------------------------------------------------------------------------------------------------------------------------------------------------------------------------------------------------------------------------------------------------------------------------------+-----------------------------------------------------------------------------------------------------------------------------------------------------------------------------------------------------------------------+
* Clock Loads column represents the clock pin loads (pin count)
** Non-Clock Loads column represents the non-clock pin loads (pin count)


4. Local Clock Details
----------------------

+----------+---------------------------+--------------------+----------------------------------+--------------+-------------+-----------------+--------------+------------------------------+------------------------------------------------------------------------------------------------------------------------------------------------------------------------------------------------------------------------------------------------------------------------------------+---------------------------------------------------------------------------------------------------------------------------------------------------------------------------------------------------------------------------------+
| Local Id | Driver Type/Pin           | Constraint         | Site/BEL                         | Clock Region | Clock Loads | Non-Clock Loads | Clock Period | Clock                        | Driver Pin                                                                                                                                                                                                                                                                         | Net                                                                                                                                                                                                                             |
+----------+---------------------------+--------------------+----------------------------------+--------------+-------------+-----------------+--------------+------------------------------+------------------------------------------------------------------------------------------------------------------------------------------------------------------------------------------------------------------------------------------------------------------------------------+---------------------------------------------------------------------------------------------------------------------------------------------------------------------------------------------------------------------------------||
| 0        | GTHE4_CHANNEL/RXOUTCLKPCS | GTHE4_CHANNEL_X0Y4 | GTHE4_CHANNEL_X0Y4/GTHE4_CHANNEL | X2Y1         |          15 |               0 |        3.122 | GTHE4_CHANNEL_RXOUTCLKPCS[0] | u_netsec/g_sfp10g.u_sfp10g/u_gt/inst/gen_gtwizard_gthe4_top.gt_sfp_10g_gtwizard_gthe4_inst/gen_gtwizard_gthe4.gen_channel_container[1].gen_enabled_channel.gthe4_channel_wrapper_inst/channel_inst/gthe4_channel_gen.gen_gthe4_channel_inst[0].GTHE4_CHANNEL_PRIM_INST/RXOUTCLKPCS | u_netsec/g_sfp10g.u_sfp10g/u_gt/inst/gen_gtwizard_gthe4_top.gt_sfp_10g_gtwizard_gthe4_inst/gen_gtwizard_gthe4.gen_channel_container[1].gen_enabled_channel.gthe4_channel_wrapper_inst/channel_inst/GTHE4_CHANNEL_RXOUTCLKPCS[0] - Static -
| 1        | GTHE4_CHANNEL/RXOUTCLKPCS | GTHE4_CHANNEL_X0Y5 | GTHE4_CHANNEL_X0Y5/GTHE4_CHANNEL | X2Y1         |          15 |               0 |        3.122 | GTHE4_CHANNEL_RXOUTCLKPCS[1] | u_netsec/g_sfp10g.u_sfp10g/u_gt/inst/gen_gtwizard_gthe4_top.gt_sfp_10g_gtwizard_gthe4_inst/gen_gtwizard_gthe4.gen_channel_container[1].gen_enabled_channel.gthe4_channel_wrapper_inst/channel_inst/gthe4_channel_gen.gen_gthe4_channel_inst[1].GTHE4_CHANNEL_PRIM_INST/RXOUTCLKPCS | u_netsec/g_sfp10g.u_sfp10g/u_gt/inst/gen_gtwizard_gthe4_top.gt_sfp_10g_gtwizard_gthe4_inst/gen_gtwizard_gthe4.gen_channel_container[1].gen_enabled_channel.gthe4_channel_wrapper_inst/channel_inst/GTHE4_CHANNEL_RXOUTCLKPCS[1] - Static -
+----------+---------------------------+--------------------+----------------------------------+--------------+-------------+-----------------+--------------+------------------------------+------------------------------------------------------------------------------------------------------------------------------------------------------------------------------------------------------------------------------------------------------------------------------------+---------------------------------------------------------------------------------------------------------------------------------------------------------------------------------------------------------------------------------||
* Local Clocks in this context represents only clocks driven by non-global buffers
** Clock Loads column represents the clock pin loads (pin count)
*** Non-Clock Loads column represents the non-clock pin loads (pin count)


5. Clock Regions : Clock Primitives
-----------------------------------

+-------------------+---------------+---------------+---------------+---------------+---------------+---------------+---------------+
|                   |  Global Clock |     BUFGCE    |   BUFGCE_DIV  |    BUFGCTRL   |    BUFG_GT    |      MMCM     |      PLL      |
+-------------------+-------+-------+-------+-------+-------+-------+-------+-------+-------+-------+-------+-------+-------+-------+
| Clock Region Name | Used  | Avail | Used  | Avail | Used  | Avail | Used  | Avail | Used  | Avail | Used  | Avail | Used  | Avail |
+-------------------+-------+-------+-------+-------+-------+-------+-------+-------+-------+-------+-------+-------+-------+-------+
| X0Y0              |     5 |    24 |     0 |     4 |     0 |     0 |     0 |     0 |     0 |     0 |     0 |     0 |     0 |     0 |
| X1Y0              |     7 |    24 |     2 |    24 |     0 |     4 |     0 |     8 |     0 |     0 |     0 |     1 |     0 |     2 |
| X2Y0              |     3 |    24 |     0 |     0 |     0 |     0 |     0 |     0 |     0 |    24 |     0 |     0 |     0 |     0 |
| X0Y1              |     2 |    24 |     0 |     4 |     0 |     0 |     0 |     0 |     0 |     0 |     0 |     0 |     0 |     0 |
| X1Y1              |    12 |    24 |     3 |    24 |     2 |     4 |     0 |     8 |     0 |     0 |     1 |     1 |     0 |     2 |
| X2Y1              |    12 |    24 |     0 |     0 |     0 |     0 |     0 |     0 |     4 |    24 |     0 |     0 |     0 |     0 |
| X0Y2              |     6 |    24 |     0 |     4 |     0 |     0 |     0 |     0 |     0 |     0 |     0 |     0 |     0 |     0 |
| X1Y2              |     9 |    24 |     3 |    24 |     0 |     4 |     0 |     8 |     0 |     0 |     0 |     1 |     0 |     2 |
| X2Y2              |    10 |    24 |     0 |     0 |     0 |     0 |     0 |     0 |     0 |    24 |     0 |     0 |     0 |     0 |
| X0Y3              |     6 |    24 |     0 |     4 |     0 |     0 |     0 |     0 |     0 |     0 |     0 |     0 |     0 |     0 |
| X1Y3              |     8 |    24 |     5 |    24 |     0 |     4 |     0 |     8 |     0 |     0 |     1 |     1 |     0 |     2 |
| X2Y3              |     5 |    24 |     0 |     0 |     0 |     0 |     0 |     0 |     0 |    24 |     0 |     0 |     0 |     0 |
+-------------------+-------+-------+-------+-------+-------+-------+-------+-------+-------+-------+-------+-------+-------+-------+
* Global Clock column represents track count; while other columns represents cell counts


6. Clock Regions : Load Primitives
----------------------------------

+-------------------+------------------+------------------+------------------+------------------+------------------+------------------+------------------+------------------+
|                   |   Global Clock   |        FF        |      LUTRAM      |  Block RAM (18K) |       URAM       |        DSP       |        GT        |      HARD IP     |
+-------------------+--------+---------+--------+---------+--------+---------+--------+---------+--------+---------+--------+---------+--------+---------+--------+---------+
| Clock Region Name | Used   | Avail   | Used   | Avail   | Used   | Avail   | Used   | Avail   | Used   | Avail   | Used   | Avail   | Used   | Avail   | Used   | Avail   |
+-------------------+--------+---------+--------+---------+--------+---------+--------+---------+--------+---------+--------+---------+--------+---------+--------+---------+
| X0Y0              |      5 |      24 |   6898 |   22080 |      0 |    6240 |      0 |       0 |      0 |       0 |      0 |     144 |      0 |       0 |      0 |       0 |
| X1Y0              |      7 |      24 |   6429 |   17280 |      0 |    5280 |      0 |      24 |      0 |       0 |      0 |     144 |      0 |       0 |      0 |       0 |
| X2Y0              |      3 |      24 |   6332 |   19200 |      0 |    2880 |      0 |      48 |      0 |      16 |      0 |      24 |      0 |       4 |      0 |       1 |
| X0Y1              |      2 |      24 |   8061 |   22080 |      0 |    6240 |      0 |       0 |      0 |       0 |      0 |     144 |      0 |       0 |      0 |       0 |
| X1Y1              |     12 |      24 |   6504 |   17280 |      0 |    5280 |      2 |      24 |      0 |       0 |      0 |     144 |      0 |       0 |      0 |       0 |
| X2Y1              |     12 |      24 |   8559 |   19200 |      0 |    2880 |     12 |      48 |      0 |      16 |      0 |      24 |      2 |       4 |      0 |       1 |
| X0Y2              |      6 |      24 |   7755 |   22080 |      2 |    6240 |      0 |       0 |      0 |       0 |      0 |     144 |      0 |       0 |      0 |       0 |
| X1Y2              |      9 |      24 |   6687 |   17280 |      0 |    5280 |      0 |      24 |      0 |       0 |      0 |     144 |      0 |       0 |      0 |       0 |
| X2Y2              |     10 |      24 |   7604 |   19200 |      0 |    2880 |      3 |      48 |      0 |      16 |      0 |      24 |      0 |       4 |      0 |       0 |
| X0Y3              |      6 |      24 |   9780 |   22080 |    128 |    6240 |      0 |       0 |      0 |       0 |      0 |     144 |      0 |       0 |      0 |       0 |
| X1Y3              |      8 |      24 |   6587 |   17280 |      0 |    5280 |     12 |      24 |      0 |       0 |      0 |     144 |      0 |       0 |      0 |       0 |
| X2Y3              |      5 |      24 |   7577 |   19200 |      0 |    2880 |      2 |      48 |      0 |      16 |      0 |      24 |      0 |       4 |      0 |       0 |
+-------------------+--------+---------+--------+---------+--------+---------+--------+---------+--------+---------+--------+---------+--------+---------+--------+---------+
* Global Clock column represents track count; while other columns represents cell counts


7. Clock Regions : Global Clock Summary
---------------------------------------

All Modules
+----+----+----+----+
|    | X0 | X1 | X2 |
+----+----+----+----+
| Y3 |  6 | 10 |  6 |
| Y2 |  6 |  9 | 10 |
| Y1 |  4 | 13 | 12 |
| Y0 |  5 | 10 |  3 |
+----+----+----+----+


8. Clock Regions : Routing Resource Utilization
-----------------------------------------------

All Modules
+-------------------+----------------------+----------------------+----------------------+----------------------+
|                   |        HROUTES       |        HDISTRS       |        VROUTES       |        VDISTRS       |
+-------------------+------+-------+-------+------+-------+-------+------+-------+-------+------+-------+-------+
| Clock Region Name | Used | Avail | Util% | Used | Avail | Util% | Used | Avail | Util% | Used | Avail | Util% |
+-------------------+------+-------+-------+------+-------+-------+------+-------+-------+------+-------+-------+
| X0Y0              |    0 |    24 |  0.00 |    5 |    24 | 20.83 |    0 |    24 |  0.00 |    1 |    24 |  4.17 |
| X1Y0              |    8 |    24 | 33.33 |    7 |    24 | 29.17 |    0 |    24 |  0.00 |    6 |    24 | 25.00 |
| X2Y0              |    0 |    24 |  0.00 |    3 |    24 | 12.50 |    0 |    24 |  0.00 |    0 |    24 |  0.00 |
| X0Y1              |    0 |    24 |  0.00 |    2 |    24 |  8.33 |    1 |    24 |  4.17 |    1 |    24 |  4.17 |
| X1Y1              |    6 |    24 | 25.00 |   12 |    24 | 50.00 |    4 |    24 | 16.67 |   12 |    24 | 50.00 |
| X2Y1              |    9 |    24 | 37.50 |   12 |    24 | 50.00 |    1 |    24 |  4.17 |    2 |    24 |  8.33 |
| X0Y2              |    0 |    24 |  0.00 |    6 |    24 | 25.00 |    1 |    24 |  4.17 |    1 |    24 |  4.17 |
| X1Y2              |    0 |    24 |  0.00 |    9 |    24 | 37.50 |    1 |    24 |  4.17 |    4 |    24 | 16.67 |
| X2Y2              |    0 |    24 |  0.00 |   10 |    24 | 41.67 |    1 |    24 |  4.17 |    0 |    24 |  0.00 |
| X0Y3              |    2 |    24 |  8.33 |    6 |    24 | 25.00 |    1 |    24 |  4.17 |    0 |    24 |  0.00 |
| X1Y3              |    6 |    24 | 25.00 |    8 |    24 | 33.33 |    1 |    24 |  4.17 |    0 |    24 |  0.00 |
| X2Y3              |    1 |    24 |  4.17 |    5 |    24 | 20.83 |    1 |    24 |  4.17 |    0 |    24 |  0.00 |
+-------------------+------+-------+-------+------+-------+-------+------+-------+-------+------+-------+-------+


9. Device Cell Placement Summary for Global Clock g0
----------------------------------------------------

+-----------+-----------------+-------------------+-----------+-------------+---------------+----------+-------------+----------+----------------+----------+--------------------------+
| Global Id | Driver Type/Pin | Driver Region (D) | Clock     | Period (ns) | Waveform (ns) | Root (R) | Slice Loads | IO Loads | Clocking Loads | GT Loads | Net                      |
+-----------+-----------------+-------------------+-----------+-------------+---------------+----------+-------------+----------+----------------+----------+--------------------------+
| g0        | BUFGCE/O        | X1Y1              | gtx_clk_u |       8.000 | {0.000 4.000} | X1Y1     |       76819 |        6 |              0 |        0 | u_netsec/u_mac/logic_clk |
+-----------+-----------------+-------------------+-----------+-------------+---------------+----------+-------------+----------+----------------+----------+--------------------------+
* Slice Loads column represents load cell count of all cell types other than IO, GT and clock resources
** IO Loads column represents load cell count of IO types
*** Clocking Loads column represents load cell count that are clock resources (global clock buffer, MMCM, PLL, etc)
**** GT Loads column represents load cell count of GT types


+----+-------+--------------+-------+
|    | X0    | X1           | X2    |
+----+-------+--------------+-------+
| Y3 |  2717 |         6002 |  7569 |
| Y2 |  7026 |         6394 |  7186 |
| Y1 |  8061 | (R) (D) 6426 |  5822 |
| Y0 |  6873 |         6418 |  6331 |
+----+-------+--------------+-------+


10. Device Cell Placement Summary for Global Clock g1
-----------------------------------------------------

+-----------+-----------------+-------------------+---------+-------------+---------------+----------+-------------+----------+----------------+----------+------------------+
| Global Id | Driver Type/Pin | Driver Region (D) | Clock   | Period (ns) | Waveform (ns) | Root (R) | Slice Loads | IO Loads | Clocking Loads | GT Loads | Net              |
+-----------+-----------------+-------------------+---------+-------------+---------------+----------+-------------+----------+----------------+----------+------------------+
| g1        | BUFGCE_DIV/O    | X1Y1              | axi_clk |      10.000 | {0.000 5.000} | X1Y1     |        4953 |        0 |              0 |        0 | u_netsec/axi_clk |
+-----------+-----------------+-------------------+---------+-------------+---------------+----------+-------------+----------+----------------+----------+------------------+
* Slice Loads column represents load cell count of all cell types other than IO, GT and clock resources
** IO Loads column represents load cell count of IO types
*** Clocking Loads column represents load cell count that are clock resources (global clock buffer, MMCM, PLL, etc)
**** GT Loads column represents load cell count of GT types


+----+-------+-----------+-----+
|    | X0    | X1        | X2  |
+----+-------+-----------+-----+
| Y3 |  3960 |       548 |   6 |
| Y2 |   331 |        43 |  30 |
| Y1 |     1 | (R) (D) 1 |   8 |
| Y0 |    25 |         0 |   0 |
+----+-------+-----------+-----+


11. Device Cell Placement Summary for Global Clock g2
-----------------------------------------------------

+-----------+-----------------+-------------------+---------+-------------+----------------+----------+-------------+----------+----------------+----------+------------------+
| Global Id | Driver Type/Pin | Driver Region (D) | Clock   | Period (ns) | Waveform (ns)  | Root (R) | Slice Loads | IO Loads | Clocking Loads | GT Loads | Net              |
+-----------+-----------------+-------------------+---------+-------------+----------------+----------+-------------+----------+----------------+----------+------------------+
| g2        | BUFGCE_DIV/O    | X1Y1              | clk_50m |      20.000 | {0.000 10.000} | X2Y1     |         198 |        0 |              0 |        0 | u_netsec/clk_50m |
+-----------+-----------------+-------------------+---------+-------------+----------------+----------+-------------+----------+----------------+----------+------------------+
* Slice Loads column represents load cell count of all cell types other than IO, GT and clock resources
** IO Loads column represents load cell count of IO types
*** Clocking Loads column represents load cell count that are clock resources (global clock buffer, MMCM, PLL, etc)
**** GT Loads column represents load cell count of GT types


+----+----+--------+--------+
|    | X0 | X1     | X2     |
+----+----+--------+--------+
| Y3 |  0 |      0 |      0 |
| Y2 |  0 |      0 |    171 |
| Y1 |  0 |  (D) 0 | (R) 27 |
| Y0 |  0 |      0 |      0 |
+----+----+--------+--------+


12. Device Cell Placement Summary for Global Clock g3
-----------------------------------------------------

+-----------+-----------------+-------------------+---------------+-------------+---------------+----------+-------------+----------+----------------+----------+----------------------------+
| Global Id | Driver Type/Pin | Driver Region (D) | Clock         | Period (ns) | Waveform (ns) | Root (R) | Slice Loads | IO Loads | Clocking Loads | GT Loads | Net                        |
+-----------+-----------------+-------------------+---------------+-------------+---------------+----------+-------------+----------+----------------+----------+----------------------------+
| g3        | BUFGCE/O        | X1Y1              | sys_clk_clk_p |       5.000 | {0.000 2.500} | X1Y1     |           9 |        0 |              1 |        0 | u_netsec/u_mac/sys_clk_buf |
+-----------+-----------------+-------------------+---------------+-------------+---------------+----------+-------------+----------+----------------+----------+----------------------------+
* Slice Loads column represents load cell count of all cell types other than IO, GT and clock resources
** IO Loads column represents load cell count of IO types
*** Clocking Loads column represents load cell count that are clock resources (global clock buffer, MMCM, PLL, etc)
**** GT Loads column represents load cell count of GT types


+----+----+-----------+----+
|    | X0 | X1        | X2 |
+----+----+-----------+----+
| Y3 |  0 |         0 |  0 |
| Y2 |  0 |         0 |  0 |
| Y1 |  0 | (R) (D) 1 |  0 |
| Y0 |  0 |         9 |  0 |
+----+----+-----------+----+


13. Device Cell Placement Summary for Global Clock g4
-----------------------------------------------------

+-----------+-----------------+-------------------+-----------+-------------+---------------+----------+-------------+----------+----------------+----------+-----------------------+
| Global Id | Driver Type/Pin | Driver Region (D) | Clock     | Period (ns) | Waveform (ns) | Root (R) | Slice Loads | IO Loads | Clocking Loads | GT Loads | Net                   |
+-----------+-----------------+-------------------+-----------+-------------+---------------+----------+-------------+----------+----------------+----------+-----------------------+
| g4        | BUFGCE/O        | X1Y3              | rgmii_rxc |       8.000 | {0.000 4.000} | X0Y1     |        3399 |        0 |              0 |        0 | rgmii_rxc_IBUF_BUFGCE |
+-----------+-----------------+-------------------+-----------+-------------+---------------+----------+-------------+----------+----------------+----------+-----------------------+
* Slice Loads column represents load cell count of all cell types other than IO, GT and clock resources
** IO Loads column represents load cell count of IO types
*** Clocking Loads column represents load cell count that are clock resources (global clock buffer, MMCM, PLL, etc)
**** GT Loads column represents load cell count of GT types


+----+-------+---------+----+
|    | X0    | X1      | X2 |
+----+-------+---------+----+
| Y3 |  3046 |  (D) 54 |  0 |
| Y2 |   205 |      91 |  0 |
| Y1 | (R) 0 |       0 |  0 |
| Y0 |     0 |       3 |  0 |
+----+-------+---------+----+


14. Device Cell Placement Summary for Global Clock g5
-----------------------------------------------------

+-----------+-----------------+-------------------+-----------+-------------+---------------+----------+-------------+----------+----------------+----------+---------------------------+
| Global Id | Driver Type/Pin | Driver Region (D) | Clock     | Period (ns) | Waveform (ns) | Root (R) | Slice Loads | IO Loads | Clocking Loads | GT Loads | Net                       |
+-----------+-----------------+-------------------+-----------+-------------+---------------+----------+-------------+----------+----------------+----------+---------------------------+
| g5        | BUFGCE/O        | X1Y3              | rgmii_rxc |       8.000 | {0.000 4.000} | X1Y3     |           0 |        0 |              1 |        0 | u_netsec/u_mac/rxc_in_buf |
+-----------+-----------------+-------------------+-----------+-------------+---------------+----------+-------------+----------+----------------+----------+---------------------------+
* Slice Loads column represents load cell count of all cell types other than IO, GT and clock resources
** IO Loads column represents load cell count of IO types
*** Clocking Loads column represents load cell count that are clock resources (global clock buffer, MMCM, PLL, etc)
**** GT Loads column represents load cell count of GT types


+----+----+-----------+----+
|    | X0 | X1        | X2 |
+----+----+-----------+----+
| Y3 |  0 | (R) (D) 1 |  0 |
| Y2 |  0 |         0 |  0 |
| Y1 |  0 |         0 |  0 |
| Y0 |  0 |         0 |  0 |
+----+----+-----------+----+


15. Device Cell Placement Summary for Global Clock g6
-----------------------------------------------------

+-----------+-----------------+-------------------+-----------+-------------+---------------+----------+-------------+----------+----------------+----------+--------------------------------+
| Global Id | Driver Type/Pin | Driver Region (D) | Clock     | Period (ns) | Waveform (ns) | Root (R) | Slice Loads | IO Loads | Clocking Loads | GT Loads | Net                            |
+-----------+-----------------+-------------------+-----------+-------------+---------------+----------+-------------+----------+----------------+----------+--------------------------------+
| g6        | BUFGCE/O        | X1Y0              | tx_clk_gt |       6.244 | {0.000 3.122} | X1Y1     |        1384 |        0 |              0 |        0 | u_netsec/g_sfp10g.u_sfp10g/CLK |
+-----------+-----------------+-------------------+-----------+-------------+---------------+----------+-------------+----------+----------------+----------+--------------------------------+
* Slice Loads column represents load cell count of all cell types other than IO, GT and clock resources
** IO Loads column represents load cell count of IO types
*** Clocking Loads column represents load cell count that are clock resources (global clock buffer, MMCM, PLL, etc)
**** GT Loads column represents load cell count of GT types


+----+----+--------+-------+
|    | X0 | X1     | X2    |
+----+----+--------+-------+
| Y3 |  0 |      0 |     0 |
| Y2 |  0 |      0 |     0 |
| Y1 |  0 | (R) 78 |  1306 |
| Y0 |  0 |  (D) 0 |     0 |
+----+----+--------+-------+


16. Device Cell Placement Summary for Global Clock g7
-----------------------------------------------------

+-----------+-----------------+-------------------+-----------+-------------+---------------+----------+-------------+----------+----------------+----------+------------------------------------------+
| Global Id | Driver Type/Pin | Driver Region (D) | Clock     | Period (ns) | Waveform (ns) | Root (R) | Slice Loads | IO Loads | Clocking Loads | GT Loads | Net                                      |
+-----------+-----------------+-------------------+-----------+-------------+---------------+----------+-------------+----------+----------------+----------+------------------------------------------+
| g7        | BUFGCE/O        | X1Y0              | rx_clk_gt |       6.244 | {0.000 3.122} | X1Y1     |         667 |        0 |              0 |        0 | u_netsec/g_sfp10g.u_sfp10g/rx_v1_q_reg_0 |
+-----------+-----------------+-------------------+-----------+-------------+---------------+----------+-------------+----------+----------------+----------+------------------------------------------+
* Slice Loads column represents load cell count of all cell types other than IO, GT and clock resources
** IO Loads column represents load cell count of IO types
*** Clocking Loads column represents load cell count that are clock resources (global clock buffer, MMCM, PLL, etc)
**** GT Loads column represents load cell count of GT types


+----+----+--------+------+
|    | X0 | X1     | X2   |
+----+----+--------+------+
| Y3 |  0 |      0 |    0 |
| Y2 |  0 |     47 |   12 |
| Y1 |  0 |  (R) 0 |  608 |
| Y0 |  0 |  (D) 0 |    0 |
+----+----+--------+------+


17. Device Cell Placement Summary for Global Clock g8
-----------------------------------------------------

+-----------+-----------------+-------------------+-----------+-------------+---------------+----------+-------------+----------+----------------+----------+----------------------------------+
| Global Id | Driver Type/Pin | Driver Region (D) | Clock     | Period (ns) | Waveform (ns) | Root (R) | Slice Loads | IO Loads | Clocking Loads | GT Loads | Net                              |
+-----------+-----------------+-------------------+-----------+-------------+---------------+----------+-------------+----------+----------------+----------+----------------------------------+
| g8        | BUFGCE/O        | X1Y3              | rx_clk_gt |       6.244 | {0.000 3.122} | X2Y1     |         667 |        0 |              0 |        0 | u_netsec/g_sfp10g.u_sfp10g/s_clk |
+-----------+-----------------+-------------------+-----------+-------------+---------------+----------+-------------+----------+----------------+----------+----------------------------------+
* Slice Loads column represents load cell count of all cell types other than IO, GT and clock resources
** IO Loads column represents load cell count of IO types
*** Clocking Loads column represents load cell count that are clock resources (global clock buffer, MMCM, PLL, etc)
**** GT Loads column represents load cell count of GT types


+----+----+--------+---------+
|    | X0 | X1     | X2      |
+----+----+--------+---------+
| Y3 |  0 |  (D) 0 |       0 |
| Y2 |  0 |      0 |      30 |
| Y1 |  0 |      0 | (R) 637 |
| Y0 |  0 |      0 |       0 |
+----+----+--------+---------+


18. Device Cell Placement Summary for Global Clock g9
-----------------------------------------------------

+-----------+-----------------+-------------------+-----------------------------------------------------------------------------------------------------+-------------+----------------+----------+-------------+----------+----------------+----------+----------------------------------------+
| Global Id | Driver Type/Pin | Driver Region (D) | Clock                                                                                               | Period (ns) | Waveform (ns)  | Root (R) | Slice Loads | IO Loads | Clocking Loads | GT Loads | Net                                    |
+-----------+-----------------+-------------------+-----------------------------------------------------------------------------------------------------+-------------+----------------+----------+-------------+----------+----------------+----------+----------------------------------------+
| g9        | BUFGCE/O        | X1Y2              | dbg_hub/inst/BSCANID.u_xsdbm_id/SWITCH_N_EXT_BSCAN.bscan_inst/SERIES7_BSCAN.bscan_inst/INTERNAL_TCK |      50.000 | {0.000 25.000} | X1Y2     |         466 |        0 |              0 |        0 | dbg_hub/inst/BSCANID.u_xsdbm_id/itck_i |
+-----------+-----------------+-------------------+-----------------------------------------------------------------------------------------------------+-------------+----------------+----------+-------------+----------+----------------+----------+----------------------------------------+
* Slice Loads column represents load cell count of all cell types other than IO, GT and clock resources
** IO Loads column represents load cell count of IO types
*** Clocking Loads column represents load cell count that are clock resources (global clock buffer, MMCM, PLL, etc)
**** GT Loads column represents load cell count of GT types


+----+------+-------------+------+
|    | X0   | X1          | X2   |
+----+------+-------------+------+
| Y3 |    0 |           0 |    0 |
| Y2 |  195 | (R) (D) 112 |  159 |
| Y1 |    0 |           0 |    0 |
| Y0 |    0 |           0 |    0 |
+----+------+-------------+------+


19. Device Cell Placement Summary for Global Clock g10
------------------------------------------------------

+-----------+-----------------+-------------------+---------+-------------+---------------+----------+-------------+----------+----------------+----------+-----------------------------------------------------------------------------------+
| Global Id | Driver Type/Pin | Driver Region (D) | Clock   | Period (ns) | Waveform (ns) | Root (R) | Slice Loads | IO Loads | Clocking Loads | GT Loads | Net                                                                               |
+-----------+-----------------+-------------------+---------+-------------+---------------+----------+-------------+----------+----------------+----------+-----------------------------------------------------------------------------------+
| g10       | BUFGCE/O        | X1Y3              | rxc60_u |       8.000 | {0.000 4.000} | X1Y3     |         200 |        0 |              0 |        0 | u_netsec/u_mac/u_mac/eth_mac_1g_rgmii_inst/rgmii_phy_if_inst/rx_ssio_ddr_inst/CLK |
+-----------+-----------------+-------------------+---------+-------------+---------------+----------+-------------+----------+----------------+----------+-----------------------------------------------------------------------------------+
* Slice Loads column represents load cell count of all cell types other than IO, GT and clock resources
** IO Loads column represents load cell count of IO types
*** Clocking Loads column represents load cell count that are clock resources (global clock buffer, MMCM, PLL, etc)
**** GT Loads column represents load cell count of GT types


+----+------+------------+----+
|    | X0   | X1         | X2 |
+----+------+------------+----+
| Y3 |  185 | (R) (D) 12 |  3 |
| Y2 |    0 |          0 |  0 |
| Y1 |    0 |          0 |  0 |
| Y0 |    0 |          0 |  0 |
+----+------+------------+----+


20. Device Cell Placement Summary for Global Clock g11
------------------------------------------------------

+-----------+-----------------+-------------------+-----------+-------------+---------------+-----------+-------------+----------+----------------+----------+-----------------------------------------------------------------------------------------------------------------------------------------------------------------------------------------------------------------------+
| Global Id | Driver Type/Pin | Driver Region (D) | Clock     | Period (ns) | Waveform (ns) | Root (R)  | Slice Loads | IO Loads | Clocking Loads | GT Loads | Net                                                                                                                                                                                                                   |
+-----------+-----------------+-------------------+-----------+-------------+---------------+-----------+-------------+----------+----------------+----------+-----------------------------------------------------------------------------------------------------------------------------------------------------------------------------------------------------------------------+
| g11       | BUFG_GT/O       | X2Y1              | rx_clk_gt |       6.244 | {0.000 3.122} | X1Y1,X2Y1 |         141 |        0 |              2 |        2 | u_netsec/g_sfp10g.u_sfp10g/u_gt/inst/gen_gtwizard_gthe4_top.gt_sfp_10g_gtwizard_gthe4_inst/gen_gtwizard_gthe4.gen_rx_user_clocking_internal.gen_single_instance.gtwiz_userclk_rx_inst/gtwiz_userclk_rx_usrclk2_out[0] |
+-----------+-----------------+-------------------+-----------+-------------+---------------+-----------+-------------+----------+----------------+----------+-----------------------------------------------------------------------------------------------------------------------------------------------------------------------------------------------------------------------+
* Slice Loads column represents load cell count of all cell types other than IO, GT and clock resources
** IO Loads column represents load cell count of IO types
*** Clocking Loads column represents load cell count that are clock resources (global clock buffer, MMCM, PLL, etc)
**** GT Loads column represents load cell count of GT types


+----+----+-------+-------------+
|    | X0 | X1    | X2          |
+----+----+-------+-------------+
| Y3 |  0 |     1 |           0 |
| Y2 |  0 |     0 |          13 |
| Y1 |  0 | (R) 0 | (R) (D) 130 |
| Y0 |  0 |     1 |           0 |
+----+----+-------+-------------+


21. Device Cell Placement Summary for Global Clock g12
------------------------------------------------------

+-----------+-----------------+-------------------+-----------------+-------------+---------------+----------+-------------+----------+----------------+----------+----------------------------------------------------------------------------------------------------------------------------------------------------------------------------------------------------------------------+
| Global Id | Driver Type/Pin | Driver Region (D) | Clock           | Period (ns) | Waveform (ns) | Root (R) | Slice Loads | IO Loads | Clocking Loads | GT Loads | Net                                                                                                                                                                                                                  |
+-----------+-----------------+-------------------+-----------------+-------------+---------------+----------+-------------+----------+----------------+----------+----------------------------------------------------------------------------------------------------------------------------------------------------------------------------------------------------------------------+
| g12       | BUFG_GT/O       | X2Y1              | rxoutclk_out[0] |       3.122 | {0.000 1.561} | X1Y1     |           0 |        0 |              0 |        2 | u_netsec/g_sfp10g.u_sfp10g/u_gt/inst/gen_gtwizard_gthe4_top.gt_sfp_10g_gtwizard_gthe4_inst/gen_gtwizard_gthe4.gen_rx_user_clocking_internal.gen_single_instance.gtwiz_userclk_rx_inst/gtwiz_userclk_rx_usrclk_out[0] |
+-----------+-----------------+-------------------+-----------------+-------------+---------------+----------+-------------+----------+----------------+----------+----------------------------------------------------------------------------------------------------------------------------------------------------------------------------------------------------------------------+
* Slice Loads column represents load cell count of all cell types other than IO, GT and clock resources
** IO Loads column represents load cell count of IO types
*** Clocking Loads column represents load cell count that are clock resources (global clock buffer, MMCM, PLL, etc)
**** GT Loads column represents load cell count of GT types


+----+----+-------+--------+
|    | X0 | X1    | X2     |
+----+----+-------+--------+
| Y3 |  0 |     0 |      0 |
| Y2 |  0 |     0 |      0 |
| Y1 |  0 | (R) 0 |  (D) 2 |
| Y0 |  0 |     0 |      0 |
+----+----+-------+--------+


22. Device Cell Placement Summary for Global Clock g13
------------------------------------------------------

+-----------+-----------------+-------------------+-----------+-------------+---------------+----------+-------------+----------+----------------+----------+-----------------------------------------------------------------------------------------------------------------------------------------------------------------------------------------------------------------------+
| Global Id | Driver Type/Pin | Driver Region (D) | Clock     | Period (ns) | Waveform (ns) | Root (R) | Slice Loads | IO Loads | Clocking Loads | GT Loads | Net                                                                                                                                                                                                                   |
+-----------+-----------------+-------------------+-----------+-------------+---------------+----------+-------------+----------+----------------+----------+-----------------------------------------------------------------------------------------------------------------------------------------------------------------------------------------------------------------------+
| g13       | BUFG_GT/O       | X2Y1              | tx_clk_gt |       6.244 | {0.000 3.122} | X1Y1     |          15 |        0 |              1 |        2 | u_netsec/g_sfp10g.u_sfp10g/u_gt/inst/gen_gtwizard_gthe4_top.gt_sfp_10g_gtwizard_gthe4_inst/gen_gtwizard_gthe4.gen_tx_user_clocking_internal.gen_single_instance.gtwiz_userclk_tx_inst/gtwiz_userclk_tx_usrclk2_out[0] |
+-----------+-----------------+-------------------+-----------+-------------+---------------+----------+-------------+----------+----------------+----------+-----------------------------------------------------------------------------------------------------------------------------------------------------------------------------------------------------------------------+
* Slice Loads column represents load cell count of all cell types other than IO, GT and clock resources
** IO Loads column represents load cell count of IO types
*** Clocking Loads column represents load cell count that are clock resources (global clock buffer, MMCM, PLL, etc)
**** GT Loads column represents load cell count of GT types


+----+----+-------+---------+
|    | X0 | X1    | X2      |
+----+----+-------+---------+
| Y3 |  0 |     0 |       0 |
| Y2 |  0 |     0 |       5 |
| Y1 |  0 | (R) 0 |  (D) 11 |
| Y0 |  0 |     1 |       1 |
+----+----+-------+---------+


23. Device Cell Placement Summary for Global Clock g14
------------------------------------------------------

+-----------+-----------------+-------------------+-----------------+-------------+---------------+----------+-------------+----------+----------------+----------+----------------------------------------------------------------------------------------------------------------------------------------------------------------------------------------------------------------------+
| Global Id | Driver Type/Pin | Driver Region (D) | Clock           | Period (ns) | Waveform (ns) | Root (R) | Slice Loads | IO Loads | Clocking Loads | GT Loads | Net                                                                                                                                                                                                                  |
+-----------+-----------------+-------------------+-----------------+-------------+---------------+----------+-------------+----------+----------------+----------+----------------------------------------------------------------------------------------------------------------------------------------------------------------------------------------------------------------------+
| g14       | BUFG_GT/O       | X2Y1              | txoutclk_out[0] |       3.122 | {0.000 1.561} | X1Y1     |           0 |        0 |              0 |        2 | u_netsec/g_sfp10g.u_sfp10g/u_gt/inst/gen_gtwizard_gthe4_top.gt_sfp_10g_gtwizard_gthe4_inst/gen_gtwizard_gthe4.gen_tx_user_clocking_internal.gen_single_instance.gtwiz_userclk_tx_inst/gtwiz_userclk_tx_usrclk_out[0] |
+-----------+-----------------+-------------------+-----------------+-------------+---------------+----------+-------------+----------+----------------+----------+----------------------------------------------------------------------------------------------------------------------------------------------------------------------------------------------------------------------+
* Slice Loads column represents load cell count of all cell types other than IO, GT and clock resources
** IO Loads column represents load cell count of IO types
*** Clocking Loads column represents load cell count that are clock resources (global clock buffer, MMCM, PLL, etc)
**** GT Loads column represents load cell count of GT types


+----+----+-------+--------+
|    | X0 | X1    | X2     |
+----+----+-------+--------+
| Y3 |  0 |     0 |      0 |
| Y2 |  0 |     0 |      0 |
| Y1 |  0 | (R) 0 |  (D) 2 |
| Y0 |  0 |     0 |      0 |
+----+----+-------+--------+


24. Device Cell Placement Summary for Global Clock g15
------------------------------------------------------

+-----------+-----------------+-------------------+---------+-------------+---------------+----------+-------------+----------+----------------+----------+----------------------------+
| Global Id | Driver Type/Pin | Driver Region (D) | Clock   | Period (ns) | Waveform (ns) | Root (R) | Slice Loads | IO Loads | Clocking Loads | GT Loads | Net                        |
+-----------+-----------------+-------------------+---------+-------------+---------------+----------+-------------+----------+----------------+----------+----------------------------+
| g15       | BUFGCE/O        | X1Y1              | mmcm_fb |       5.000 | {0.000 2.500} | X1Y1     |           0 |        0 |              1 |        0 | u_netsec/u_mac/mmcm_fb_buf |
+-----------+-----------------+-------------------+---------+-------------+---------------+----------+-------------+----------+----------------+----------+----------------------------+
* Slice Loads column represents load cell count of all cell types other than IO, GT and clock resources
** IO Loads column represents load cell count of IO types
*** Clocking Loads column represents load cell count that are clock resources (global clock buffer, MMCM, PLL, etc)
**** GT Loads column represents load cell count of GT types


+----+----+-----------+----+
|    | X0 | X1        | X2 |
+----+----+-----------+----+
| Y3 |  0 |         0 |  0 |
| Y2 |  0 |         0 |  0 |
| Y1 |  0 | (R) (D) 1 |  0 |
| Y0 |  0 |         0 |  0 |
+----+----+-----------+----+


25. Device Cell Placement Summary for Global Clock g16
------------------------------------------------------

+-----------+-----------------+-------------------+-------+-------------+---------------+----------+-------------+----------+----------------+----------+-----------------------------------+
| Global Id | Driver Type/Pin | Driver Region (D) | Clock | Period (ns) | Waveform (ns) | Root (R) | Slice Loads | IO Loads | Clocking Loads | GT Loads | Net                               |
+-----------+-----------------+-------------------+-------+-------------+---------------+----------+-------------+----------+----------------+----------+-----------------------------------+
| g16       | BUFGCE/O        | X1Y2              |       |             |               | X1Y2     |        7265 |        0 |              0 |        0 | u_netsec/u_mac/rst_sync_reg[3]_11 |
+-----------+-----------------+-------------------+-------+-------------+---------------+----------+-------------+----------+----------------+----------+-----------------------------------+
* Slice Loads column represents load cell count of all cell types other than IO, GT and clock resources
** IO Loads column represents load cell count of IO types
*** Clocking Loads column represents load cell count that are clock resources (global clock buffer, MMCM, PLL, etc)
**** GT Loads column represents load cell count of GT types


+----+-------+--------------+-------+
|    | X0    | X1           | X2    |
+----+-------+--------------+-------+
| Y3 |   301 |         1272 |  1632 |
| Y2 |   280 | (R) (D) 1479 |   177 |
| Y1 |   102 |          109 |    25 |
| Y0 |  1213 |          443 |   232 |
+----+-------+--------------+-------+


26. Device Cell Placement Summary for Global Clock g17
------------------------------------------------------

+-----------+-----------------+-------------------+--------+-------------+---------------+----------+-------------+----------+----------------+----------+---------------------------+
| Global Id | Driver Type/Pin | Driver Region (D) | Clock  | Period (ns) | Waveform (ns) | Root (R) | Slice Loads | IO Loads | Clocking Loads | GT Loads | Net                       |
+-----------+-----------------+-------------------+--------+-------------+---------------+----------+-------------+----------+----------------+----------+---------------------------+
| g17       | BUFGCE/O        | X1Y3              | rxc_fb |       8.000 | {0.000 4.000} | X1Y3     |           0 |        0 |              1 |        0 | u_netsec/u_mac/rxc_fb_buf |
+-----------+-----------------+-------------------+--------+-------------+---------------+----------+-------------+----------+----------------+----------+---------------------------+
* Slice Loads column represents load cell count of all cell types other than IO, GT and clock resources
** IO Loads column represents load cell count of IO types
*** Clocking Loads column represents load cell count that are clock resources (global clock buffer, MMCM, PLL, etc)
**** GT Loads column represents load cell count of GT types


+----+----+-----------+----+
|    | X0 | X1        | X2 |
+----+----+-----------+----+
| Y3 |  0 | (R) (D) 1 |  0 |
| Y2 |  0 |         0 |  0 |
| Y1 |  0 |         0 |  0 |
| Y0 |  0 |         0 |  0 |
+----+----+-----------+----+


27. Device Cell Placement Summary for Global Clock g18
------------------------------------------------------

+-----------+-----------------+-------------------+-------+-------------+---------------+----------+-------------+----------+----------------+----------+---------------------+
| Global Id | Driver Type/Pin | Driver Region (D) | Clock | Period (ns) | Waveform (ns) | Root (R) | Slice Loads | IO Loads | Clocking Loads | GT Loads | Net                 |
+-----------+-----------------+-------------------+-------+-------------+---------------+----------+-------------+----------+----------------+----------+---------------------+
| g18       | BUFGCE/O        | X1Y2              |       |             |               | X1Y2     |        3733 |        0 |              0 |        0 | u_netsec/u_regs/sel |
+-----------+-----------------+-------------------+-------+-------------+---------------+----------+-------------+----------+----------------+----------+---------------------+
* Slice Loads column represents load cell count of all cell types other than IO, GT and clock resources
** IO Loads column represents load cell count of IO types
*** Clocking Loads column represents load cell count that are clock resources (global clock buffer, MMCM, PLL, etc)
**** GT Loads column represents load cell count of GT types


+----+-------+------------+-----+
|    | X0    | X1         | X2  |
+----+-------+------------+-----+
| Y3 |  3049 |        545 |   6 |
| Y2 |    50 | (R) (D) 21 |  28 |
| Y1 |     0 |          0 |   1 |
| Y0 |    25 |          8 |   0 |
+----+-------+------------+-----+


28. Clock Region Cell Placement per Global Clock: Region X0Y0
-------------------------------------------------------------

+-----------+-------+-----------------+------------+-------------+-----------------+------+--------+------+------+-----+----+------+-----+---------+-----------------------------------+
| Global Id | Track | Driver Type/Pin | Constraint | Clock Loads | Non-Clock Loads | FF   | LUTRAM | RAMB | URAM | DSP | GT | MMCM | PLL | Hard IP | Net                               |
+-----------+-------+-----------------+------------+-------------+-----------------+------+--------+------+------+-----+----+------+-----+---------+-----------------------------------+
| g0        | 14    | BUFGCE/O        | None       |        6873 |               0 | 6873 |      0 |    0 |    0 |   0 |  0 |    0 |   0 |       0 | u_netsec/u_mac/logic_clk          |
| g1        | 11    | BUFGCE_DIV/O    | None       |          25 |               0 |   25 |      0 |    0 |    0 |   0 |  0 |    0 |   0 |       0 | u_netsec/axi_clk                  |
| g4+       | 0     | BUFGCE/O        | None       |           0 |               0 |    0 |      0 |    0 |    0 |   0 |  0 |    0 |   0 |       0 | rgmii_rxc_IBUF_BUFGCE             |
| g16       | 4     | BUFGCE/O        | None       |           0 |            1213 | 1213 |      0 |    0 |    0 |   0 |  0 |    0 |   0 |       0 | u_netsec/u_mac/rst_sync_reg[3]_11 |
| g18       | 6     | BUFGCE/O        | None       |           0 |              25 |   25 |      0 |    0 |    0 |   0 |  0 |    0 |   0 |       0 | u_netsec/u_regs/sel               |
+-----------+-------+-----------------+------------+-------------+-----------------+------+--------+------+------+-----+----+------+-----+---------+-----------------------------------+
* Clock Loads column represents the clock pin loads (pin count)
** Non-Clock Loads column represents the non-clock pin loads (pin count)
*** Columns FF, LUTRAM, RAMB through 'Hard IP' represents load cell counts
**** In Global Id column, sympbol '+' indicates that global clock was used only to route through the clock region.


29. Clock Region Cell Placement per Global Clock: Region X1Y0
-------------------------------------------------------------

+-----------+-------+-----------------+------------+-------------+-----------------+------+--------+------+------+-----+----+------+-----+---------+-----------------------------------------------------------------------------------------------------------------------------------------------------------------------------------------------------------------------+
| Global Id | Track | Driver Type/Pin | Constraint | Clock Loads | Non-Clock Loads | FF   | LUTRAM | RAMB | URAM | DSP | GT | MMCM | PLL | Hard IP | Net                                                                                                                                                                                                                   |
+-----------+-------+-----------------+------------+-------------+-----------------+------+--------+------+------+-----+----+------+-----+---------+-----------------------------------------------------------------------------------------------------------------------------------------------------------------------------------------------------------------------+
| g0        | 14    | BUFGCE/O        | None       |        6418 |               0 | 6418 |      0 |    0 |    0 |   0 |  0 |    0 |   0 |       0 | u_netsec/u_mac/logic_clk                                                                                                                                                                                              |
| g1+       | 11    | BUFGCE_DIV/O    | None       |           0 |               0 |    0 |      0 |    0 |    0 |   0 |  0 |    0 |   0 |       0 | u_netsec/axi_clk                                                                                                                                                                                                      |
| g4        | 0     | BUFGCE/O        | None       |           3 |               0 |    3 |      0 |    0 |    0 |   0 |  0 |    0 |   0 |       0 | rgmii_rxc_IBUF_BUFGCE                                                                                                                                                                                                 |
| g6+       | 2     | BUFGCE/O        | None       |           0 |               0 |    0 |      0 |    0 |    0 |   0 |  0 |    0 |   0 |       0 | u_netsec/g_sfp10g.u_sfp10g/CLK                                                                                                                                                                                        |
| g7+       | 8     | BUFGCE/O        | None       |           0 |               0 |    0 |      0 |    0 |    0 |   0 |  0 |    0 |   0 |       0 | u_netsec/g_sfp10g.u_sfp10g/rx_v1_q_reg_0                                                                                                                                                                              |
| g11       | 23    | BUFG_GT/O       | None       |           1 |               0 |    0 |      0 |    0 |    0 |   0 |  0 |    0 |   0 |       0 | u_netsec/g_sfp10g.u_sfp10g/u_gt/inst/gen_gtwizard_gthe4_top.gt_sfp_10g_gtwizard_gthe4_inst/gen_gtwizard_gthe4.gen_rx_user_clocking_internal.gen_single_instance.gtwiz_userclk_rx_inst/gtwiz_userclk_rx_usrclk2_out[0] |
| g13       | 21    | BUFG_GT/O       | None       |           1 |               0 |    0 |      0 |    0 |    0 |   0 |  0 |    0 |   0 |       0 | u_netsec/g_sfp10g.u_sfp10g/u_gt/inst/gen_gtwizard_gthe4_top.gt_sfp_10g_gtwizard_gthe4_inst/gen_gtwizard_gthe4.gen_tx_user_clocking_internal.gen_single_instance.gtwiz_userclk_tx_inst/gtwiz_userclk_tx_usrclk2_out[0] |
| g3        | 3     | BUFGCE/O        | None       |           9 |               0 |    8 |      0 |    0 |    0 |   0 |  0 |    0 |   0 |       0 | u_netsec/u_mac/sys_clk_buf                                                                                                                                                                                            |
| g16       | 4     | BUFGCE/O        | None       |           0 |             443 |  443 |      0 |    0 |    0 |   0 |  0 |    0 |   0 |       0 | u_netsec/u_mac/rst_sync_reg[3]_11                                                                                                                                                                                     |
| g18       | 6     | BUFGCE/O        | None       |           0 |               8 |    8 |      0 |    0 |    0 |   0 |  0 |    0 |   0 |       0 | u_netsec/u_regs/sel                                                                                                                                                                                                   |
+-----------+-------+-----------------+------------+-------------+-----------------+------+--------+------+------+-----+----+------+-----+---------+-----------------------------------------------------------------------------------------------------------------------------------------------------------------------------------------------------------------------+
* Clock Loads column represents the clock pin loads (pin count)
** Non-Clock Loads column represents the non-clock pin loads (pin count)
*** Columns FF, LUTRAM, RAMB through 'Hard IP' represents load cell counts
**** In Global Id column, sympbol '+' indicates that global clock was used only to route through the clock region.


30. Clock Region Cell Placement per Global Clock: Region X2Y0
-------------------------------------------------------------

+-----------+-------+-----------------+------------+-------------+-----------------+------+--------+------+------+-----+----+------+-----+---------+-----------------------------------------------------------------------------------------------------------------------------------------------------------------------------------------------------------------------+
| Global Id | Track | Driver Type/Pin | Constraint | Clock Loads | Non-Clock Loads | FF   | LUTRAM | RAMB | URAM | DSP | GT | MMCM | PLL | Hard IP | Net                                                                                                                                                                                                                   |
+-----------+-------+-----------------+------------+-------------+-----------------+------+--------+------+------+-----+----+------+-----+---------+-----------------------------------------------------------------------------------------------------------------------------------------------------------------------------------------------------------------------+
| g0        | 14    | BUFGCE/O        | None       |        6331 |               0 | 6331 |      0 |    0 |    0 |   0 |  0 |    0 |   0 |       0 | u_netsec/u_mac/logic_clk                                                                                                                                                                                              |
| g13       | 21    | BUFG_GT/O       | None       |           1 |               0 |    1 |      0 |    0 |    0 |   0 |  0 |    0 |   0 |       0 | u_netsec/g_sfp10g.u_sfp10g/u_gt/inst/gen_gtwizard_gthe4_top.gt_sfp_10g_gtwizard_gthe4_inst/gen_gtwizard_gthe4.gen_tx_user_clocking_internal.gen_single_instance.gtwiz_userclk_tx_inst/gtwiz_userclk_tx_usrclk2_out[0] |
| g16       | 4     | BUFGCE/O        | None       |           0 |             232 |  232 |      0 |    0 |    0 |   0 |  0 |    0 |   0 |       0 | u_netsec/u_mac/rst_sync_reg[3]_11                                                                                                                                                                                     |
+-----------+-------+-----------------+------------+-------------+-----------------+------+--------+------+------+-----+----+------+-----+---------+-----------------------------------------------------------------------------------------------------------------------------------------------------------------------------------------------------------------------+
* Clock Loads column represents the clock pin loads (pin count)
** Non-Clock Loads column represents the non-clock pin loads (pin count)
*** Columns FF, LUTRAM, RAMB through 'Hard IP' represents load cell counts


31. Clock Region Cell Placement per Global Clock: Region X0Y1
-------------------------------------------------------------

+-----------+-------+-----------------+------------+-------------+-----------------+------+--------+------+------+-----+----+------+-----+---------+-----------------------------------+
| Global Id | Track | Driver Type/Pin | Constraint | Clock Loads | Non-Clock Loads | FF   | LUTRAM | RAMB | URAM | DSP | GT | MMCM | PLL | Hard IP | Net                               |
+-----------+-------+-----------------+------------+-------------+-----------------+------+--------+------+------+-----+----+------+-----+---------+-----------------------------------+
| g0        | 14    | BUFGCE/O        | None       |        8061 |               0 | 8061 |      0 |    0 |    0 |   0 |  0 |    0 |   0 |       0 | u_netsec/u_mac/logic_clk          |
| g1        | 11    | BUFGCE_DIV/O    | None       |           1 |               0 |    0 |      0 |    0 |    0 |   0 |  0 |    0 |   0 |       0 | u_netsec/axi_clk                  |
| g4+       | 0     | BUFGCE/O        | None       |           0 |               0 |    0 |      0 |    0 |    0 |   0 |  0 |    0 |   0 |       0 | rgmii_rxc_IBUF_BUFGCE             |
| g16       | 4     | BUFGCE/O        | None       |           0 |             102 |  102 |      0 |    0 |    0 |   0 |  0 |    0 |   0 |       0 | u_netsec/u_mac/rst_sync_reg[3]_11 |
+-----------+-------+-----------------+------------+-------------+-----------------+------+--------+------+------+-----+----+------+-----+---------+-----------------------------------+
* Clock Loads column represents the clock pin loads (pin count)
** Non-Clock Loads column represents the non-clock pin loads (pin count)
*** Columns FF, LUTRAM, RAMB through 'Hard IP' represents load cell counts
**** In Global Id column, sympbol '+' indicates that global clock was used only to route through the clock region.


32. Clock Region Cell Placement per Global Clock: Region X1Y1
-------------------------------------------------------------

+-----------+-------+-----------------+------------+-------------+-----------------+------+--------+------+------+-----+----+------+-----+---------+-----------------------------------------------------------------------------------------------------------------------------------------------------------------------------------------------------------------------+
| Global Id | Track | Driver Type/Pin | Constraint | Clock Loads | Non-Clock Loads | FF   | LUTRAM | RAMB | URAM | DSP | GT | MMCM | PLL | Hard IP | Net                                                                                                                                                                                                                   |
+-----------+-------+-----------------+------------+-------------+-----------------+------+--------+------+------+-----+----+------+-----+---------+-----------------------------------------------------------------------------------------------------------------------------------------------------------------------------------------------------------------------+
| g0        | 14    | BUFGCE/O        | None       |        6426 |               0 | 6425 |      0 |    1 |    0 |   0 |  0 |    0 |   0 |       0 | u_netsec/u_mac/logic_clk                                                                                                                                                                                              |
| g1        | 11    | BUFGCE_DIV/O    | None       |           1 |               0 |    1 |      0 |    0 |    0 |   0 |  0 |    0 |   0 |       0 | u_netsec/axi_clk                                                                                                                                                                                                      |
| g6        | 2     | BUFGCE/O        | None       |          78 |               0 |   78 |      0 |    0 |    0 |   0 |  0 |    0 |   0 |       0 | u_netsec/g_sfp10g.u_sfp10g/CLK                                                                                                                                                                                        |
| g7+       | 8     | BUFGCE/O        | None       |           0 |               0 |    0 |      0 |    0 |    0 |   0 |  0 |    0 |   0 |       0 | u_netsec/g_sfp10g.u_sfp10g/rx_v1_q_reg_0                                                                                                                                                                              |
| g2+       | 5     | BUFGCE_DIV/O    | None       |           0 |               0 |    0 |      0 |    0 |    0 |   0 |  0 |    0 |   0 |       0 | u_netsec/clk_50m                                                                                                                                                                                                      |
| g11+      | 23    | BUFG_GT/O       | None       |           0 |               0 |    0 |      0 |    0 |    0 |   0 |  0 |    0 |   0 |       0 | u_netsec/g_sfp10g.u_sfp10g/u_gt/inst/gen_gtwizard_gthe4_top.gt_sfp_10g_gtwizard_gthe4_inst/gen_gtwizard_gthe4.gen_rx_user_clocking_internal.gen_single_instance.gtwiz_userclk_rx_inst/gtwiz_userclk_rx_usrclk2_out[0] |
| g13+      | 21    | BUFG_GT/O       | None       |           0 |               0 |    0 |      0 |    0 |    0 |   0 |  0 |    0 |   0 |       0 | u_netsec/g_sfp10g.u_sfp10g/u_gt/inst/gen_gtwizard_gthe4_top.gt_sfp_10g_gtwizard_gthe4_inst/gen_gtwizard_gthe4.gen_tx_user_clocking_internal.gen_single_instance.gtwiz_userclk_tx_inst/gtwiz_userclk_tx_usrclk2_out[0] |
| g3        | 3     | BUFGCE/O        | None       |           0 |               1 |    0 |      0 |    0 |    0 |   0 |  0 |    1 |   0 |       0 | u_netsec/u_mac/sys_clk_buf                                                                                                                                                                                            |
| g12+      | 22    | BUFG_GT/O       | None       |           0 |               0 |    0 |      0 |    0 |    0 |   0 |  0 |    0 |   0 |       0 | u_netsec/g_sfp10g.u_sfp10g/u_gt/inst/gen_gtwizard_gthe4_top.gt_sfp_10g_gtwizard_gthe4_inst/gen_gtwizard_gthe4.gen_rx_user_clocking_internal.gen_single_instance.gtwiz_userclk_rx_inst/gtwiz_userclk_rx_usrclk_out[0]  |
| g14+      | 12    | BUFG_GT/O       | None       |           0 |               0 |    0 |      0 |    0 |    0 |   0 |  0 |    0 |   0 |       0 | u_netsec/g_sfp10g.u_sfp10g/u_gt/inst/gen_gtwizard_gthe4_top.gt_sfp_10g_gtwizard_gthe4_inst/gen_gtwizard_gthe4.gen_tx_user_clocking_internal.gen_single_instance.gtwiz_userclk_tx_inst/gtwiz_userclk_tx_usrclk_out[0]  |
| g15       | 20    | BUFGCE/O        | None       |           0 |               1 |    0 |      0 |    0 |    0 |   0 |  0 |    1 |   0 |       0 | u_netsec/u_mac/mmcm_fb_buf                                                                                                                                                                                            |
| g16       | 4     | BUFGCE/O        | None       |           0 |             109 |  109 |      0 |    0 |    0 |   0 |  0 |    0 |   0 |       0 | u_netsec/u_mac/rst_sync_reg[3]_11                                                                                                                                                                                     |
| g18+      | 6     | BUFGCE/O        | None       |           0 |               0 |    0 |      0 |    0 |    0 |   0 |  0 |    0 |   0 |       0 | u_netsec/u_regs/sel                                                                                                                                                                                                   |
+-----------+-------+-----------------+------------+-------------+-----------------+------+--------+------+------+-----+----+------+-----+---------+-----------------------------------------------------------------------------------------------------------------------------------------------------------------------------------------------------------------------+
* Clock Loads column represents the clock pin loads (pin count)
** Non-Clock Loads column represents the non-clock pin loads (pin count)
*** Columns FF, LUTRAM, RAMB through 'Hard IP' represents load cell counts
**** In Global Id column, sympbol '+' indicates that global clock was used only to route through the clock region.


33. Clock Region Cell Placement per Global Clock: Region X2Y1
-------------------------------------------------------------

+-----------+-------+-----------------+------------+-------------+-----------------+------+--------+------+------+-----+----+------+-----+---------+-----------------------------------------------------------------------------------------------------------------------------------------------------------------------------------------------------------------------+
| Global Id | Track | Driver Type/Pin | Constraint | Clock Loads | Non-Clock Loads | FF   | LUTRAM | RAMB | URAM | DSP | GT | MMCM | PLL | Hard IP | Net                                                                                                                                                                                                                   |
+-----------+-------+-----------------+------------+-------------+-----------------+------+--------+------+------+-----+----+------+-----+---------+-----------------------------------------------------------------------------------------------------------------------------------------------------------------------------------------------------------------------+
| g0        | 14    | BUFGCE/O        | None       |        5822 |               0 | 5814 |      0 |    8 |    0 |   0 |  0 |    0 |   0 |       0 | u_netsec/u_mac/logic_clk                                                                                                                                                                                              |
| g1        | 11    | BUFGCE_DIV/O    | None       |           8 |               0 |    8 |      0 |    0 |    0 |   0 |  0 |    0 |   0 |       0 | u_netsec/axi_clk                                                                                                                                                                                                      |
| g6        | 2     | BUFGCE/O        | None       |        1306 |               0 | 1302 |      0 |    4 |    0 |   0 |  0 |    0 |   0 |       0 | u_netsec/g_sfp10g.u_sfp10g/CLK                                                                                                                                                                                        |
| g7        | 8     | BUFGCE/O        | None       |         608 |               0 |  606 |      0 |    2 |    0 |   0 |  0 |    0 |   0 |       0 | u_netsec/g_sfp10g.u_sfp10g/rx_v1_q_reg_0                                                                                                                                                                              |
| g8        | 1     | BUFGCE/O        | None       |         637 |               0 |  635 |      0 |    2 |    0 |   0 |  0 |    0 |   0 |       0 | u_netsec/g_sfp10g.u_sfp10g/s_clk                                                                                                                                                                                      |
| g2        | 5     | BUFGCE_DIV/O    | None       |          27 |               0 |   27 |      0 |    0 |    0 |   0 |  0 |    0 |   0 |       0 | u_netsec/clk_50m                                                                                                                                                                                                      |
| g11       | 23    | BUFG_GT/O       | None       |         130 |               0 |  128 |      0 |    0 |    0 |   0 |  2 |    0 |   0 |       0 | u_netsec/g_sfp10g.u_sfp10g/u_gt/inst/gen_gtwizard_gthe4_top.gt_sfp_10g_gtwizard_gthe4_inst/gen_gtwizard_gthe4.gen_rx_user_clocking_internal.gen_single_instance.gtwiz_userclk_rx_inst/gtwiz_userclk_rx_usrclk2_out[0] |
| g13       | 21    | BUFG_GT/O       | None       |          11 |               0 |    9 |      0 |    0 |    0 |   0 |  2 |    0 |   0 |       0 | u_netsec/g_sfp10g.u_sfp10g/u_gt/inst/gen_gtwizard_gthe4_top.gt_sfp_10g_gtwizard_gthe4_inst/gen_gtwizard_gthe4.gen_tx_user_clocking_internal.gen_single_instance.gtwiz_userclk_tx_inst/gtwiz_userclk_tx_usrclk2_out[0] |
| g12       | 22    | BUFG_GT/O       | None       |           2 |               0 |    0 |      0 |    0 |    0 |   0 |  2 |    0 |   0 |       0 | u_netsec/g_sfp10g.u_sfp10g/u_gt/inst/gen_gtwizard_gthe4_top.gt_sfp_10g_gtwizard_gthe4_inst/gen_gtwizard_gthe4.gen_rx_user_clocking_internal.gen_single_instance.gtwiz_userclk_rx_inst/gtwiz_userclk_rx_usrclk_out[0]  |
| g14       | 12    | BUFG_GT/O       | None       |           2 |               0 |    0 |      0 |    0 |    0 |   0 |  2 |    0 |   0 |       0 | u_netsec/g_sfp10g.u_sfp10g/u_gt/inst/gen_gtwizard_gthe4_top.gt_sfp_10g_gtwizard_gthe4_inst/gen_gtwizard_gthe4.gen_tx_user_clocking_internal.gen_single_instance.gtwiz_userclk_tx_inst/gtwiz_userclk_tx_usrclk_out[0]  |
| g16       | 4     | BUFGCE/O        | None       |           0 |              25 |   25 |      0 |    0 |    0 |   0 |  0 |    0 |   0 |       0 | u_netsec/u_mac/rst_sync_reg[3]_11                                                                                                                                                                                     |
| g18       | 6     | BUFGCE/O        | None       |           0 |               1 |    1 |      0 |    0 |    0 |   0 |  0 |    0 |   0 |       0 | u_netsec/u_regs/sel                                                                                                                                                                                                   |
+-----------+-------+-----------------+------------+-------------+-----------------+------+--------+------+------+-----+----+------+-----+---------+-----------------------------------------------------------------------------------------------------------------------------------------------------------------------------------------------------------------------+
* Clock Loads column represents the clock pin loads (pin count)
** Non-Clock Loads column represents the non-clock pin loads (pin count)
*** Columns FF, LUTRAM, RAMB through 'Hard IP' represents load cell counts


34. Clock Region Cell Placement per Global Clock: Region X0Y2
-------------------------------------------------------------

+-----------+-------+-----------------+------------+-------------+-----------------+------+--------+------+------+-----+----+------+-----+---------+----------------------------------------+
| Global Id | Track | Driver Type/Pin | Constraint | Clock Loads | Non-Clock Loads | FF   | LUTRAM | RAMB | URAM | DSP | GT | MMCM | PLL | Hard IP | Net                                    |
+-----------+-------+-----------------+------------+-------------+-----------------+------+--------+------+------+-----+----+------+-----+---------+----------------------------------------+
| g0        | 14    | BUFGCE/O        | None       |        7026 |               0 | 7026 |      0 |    0 |    0 |   0 |  0 |    0 |   0 |       0 | u_netsec/u_mac/logic_clk               |
| g1        | 11    | BUFGCE_DIV/O    | None       |         331 |               0 |  329 |      2 |    0 |    0 |   0 |  0 |    0 |   0 |       0 | u_netsec/axi_clk                       |
| g4        | 0     | BUFGCE/O        | None       |         205 |               0 |  205 |      0 |    0 |    0 |   0 |  0 |    0 |   0 |       0 | rgmii_rxc_IBUF_BUFGCE                  |
| g9        | 2     | BUFGCE/O        | None       |         195 |               0 |  195 |      0 |    0 |    0 |   0 |  0 |    0 |   0 |       0 | dbg_hub/inst/BSCANID.u_xsdbm_id/itck_i |
| g16       | 4     | BUFGCE/O        | None       |           0 |             280 |  280 |      0 |    0 |    0 |   0 |  0 |    0 |   0 |       0 | u_netsec/u_mac/rst_sync_reg[3]_11      |
| g18       | 6     | BUFGCE/O        | None       |           0 |              50 |   50 |      0 |    0 |    0 |   0 |  0 |    0 |   0 |       0 | u_netsec/u_regs/sel                    |
+-----------+-------+-----------------+------------+-------------+-----------------+------+--------+------+------+-----+----+------+-----+---------+----------------------------------------+
* Clock Loads column represents the clock pin loads (pin count)
** Non-Clock Loads column represents the non-clock pin loads (pin count)
*** Columns FF, LUTRAM, RAMB through 'Hard IP' represents load cell counts


35. Clock Region Cell Placement per Global Clock: Region X1Y2
-------------------------------------------------------------

+-----------+-------+-----------------+------------+-------------+-----------------+------+--------+------+------+-----+----+------+-----+---------+-----------------------------------------------------------------------------------------------------------------------------------------------------------------------------------------------------------------------+
| Global Id | Track | Driver Type/Pin | Constraint | Clock Loads | Non-Clock Loads | FF   | LUTRAM | RAMB | URAM | DSP | GT | MMCM | PLL | Hard IP | Net                                                                                                                                                                                                                   |
+-----------+-------+-----------------+------------+-------------+-----------------+------+--------+------+------+-----+----+------+-----+---------+-----------------------------------------------------------------------------------------------------------------------------------------------------------------------------------------------------------------------+
| g0        | 14    | BUFGCE/O        | None       |        6394 |               0 | 6394 |      0 |    0 |    0 |   0 |  0 |    0 |   0 |       0 | u_netsec/u_mac/logic_clk                                                                                                                                                                                              |
| g1        | 11    | BUFGCE_DIV/O    | None       |          43 |               0 |   43 |      0 |    0 |    0 |   0 |  0 |    0 |   0 |       0 | u_netsec/axi_clk                                                                                                                                                                                                      |
| g4        | 0     | BUFGCE/O        | None       |          91 |               0 |   91 |      0 |    0 |    0 |   0 |  0 |    0 |   0 |       0 | rgmii_rxc_IBUF_BUFGCE                                                                                                                                                                                                 |
| g7        | 8     | BUFGCE/O        | None       |          47 |               0 |   47 |      0 |    0 |    0 |   0 |  0 |    0 |   0 |       0 | u_netsec/g_sfp10g.u_sfp10g/rx_v1_q_reg_0                                                                                                                                                                              |
| g9        | 2     | BUFGCE/O        | None       |         112 |               0 |  112 |      0 |    0 |    0 |   0 |  0 |    0 |   0 |       0 | dbg_hub/inst/BSCANID.u_xsdbm_id/itck_i                                                                                                                                                                                |
| g11+      | 23    | BUFG_GT/O       | None       |           0 |               0 |    0 |      0 |    0 |    0 |   0 |  0 |    0 |   0 |       0 | u_netsec/g_sfp10g.u_sfp10g/u_gt/inst/gen_gtwizard_gthe4_top.gt_sfp_10g_gtwizard_gthe4_inst/gen_gtwizard_gthe4.gen_rx_user_clocking_internal.gen_single_instance.gtwiz_userclk_rx_inst/gtwiz_userclk_rx_usrclk2_out[0] |
| g13+      | 21    | BUFG_GT/O       | None       |           0 |               0 |    0 |      0 |    0 |    0 |   0 |  0 |    0 |   0 |       0 | u_netsec/g_sfp10g.u_sfp10g/u_gt/inst/gen_gtwizard_gthe4_top.gt_sfp_10g_gtwizard_gthe4_inst/gen_gtwizard_gthe4.gen_tx_user_clocking_internal.gen_single_instance.gtwiz_userclk_tx_inst/gtwiz_userclk_tx_usrclk2_out[0] |
| g16       | 4     | BUFGCE/O        | None       |           0 |            1479 | 1479 |      0 |    0 |    0 |   0 |  0 |    0 |   0 |       0 | u_netsec/u_mac/rst_sync_reg[3]_11                                                                                                                                                                                     |
| g18       | 6     | BUFGCE/O        | None       |           0 |              21 |   21 |      0 |    0 |    0 |   0 |  0 |    0 |   0 |       0 | u_netsec/u_regs/sel                                                                                                                                                                                                   |
+-----------+-------+-----------------+------------+-------------+-----------------+------+--------+------+------+-----+----+------+-----+---------+-----------------------------------------------------------------------------------------------------------------------------------------------------------------------------------------------------------------------+
* Clock Loads column represents the clock pin loads (pin count)
** Non-Clock Loads column represents the non-clock pin loads (pin count)
*** Columns FF, LUTRAM, RAMB through 'Hard IP' represents load cell counts
**** In Global Id column, sympbol '+' indicates that global clock was used only to route through the clock region.


36. Clock Region Cell Placement per Global Clock: Region X2Y2
-------------------------------------------------------------

+-----------+-------+-----------------+------------+-------------+-----------------+------+--------+------+------+-----+----+------+-----+---------+-----------------------------------------------------------------------------------------------------------------------------------------------------------------------------------------------------------------------+
| Global Id | Track | Driver Type/Pin | Constraint | Clock Loads | Non-Clock Loads | FF   | LUTRAM | RAMB | URAM | DSP | GT | MMCM | PLL | Hard IP | Net                                                                                                                                                                                                                   |
+-----------+-------+-----------------+------------+-------------+-----------------+------+--------+------+------+-----+----+------+-----+---------+-----------------------------------------------------------------------------------------------------------------------------------------------------------------------------------------------------------------------+
| g0        | 14    | BUFGCE/O        | None       |        7186 |               0 | 7184 |      0 |    2 |    0 |   0 |  0 |    0 |   0 |       0 | u_netsec/u_mac/logic_clk                                                                                                                                                                                              |
| g1        | 11    | BUFGCE_DIV/O    | None       |          30 |               0 |   30 |      0 |    0 |    0 |   0 |  0 |    0 |   0 |       0 | u_netsec/axi_clk                                                                                                                                                                                                      |
| g7        | 8     | BUFGCE/O        | None       |          12 |               0 |   12 |      0 |    0 |    0 |   0 |  0 |    0 |   0 |       0 | u_netsec/g_sfp10g.u_sfp10g/rx_v1_q_reg_0                                                                                                                                                                              |
| g8        | 1     | BUFGCE/O        | None       |          30 |               0 |   30 |      0 |    0 |    0 |   0 |  0 |    0 |   0 |       0 | u_netsec/g_sfp10g.u_sfp10g/s_clk                                                                                                                                                                                      |
| g9        | 2     | BUFGCE/O        | None       |         159 |               0 |  159 |      0 |    0 |    0 |   0 |  0 |    0 |   0 |       0 | dbg_hub/inst/BSCANID.u_xsdbm_id/itck_i                                                                                                                                                                                |
| g2        | 5     | BUFGCE_DIV/O    | None       |         171 |               0 |  171 |      0 |    0 |    0 |   0 |  0 |    0 |   0 |       0 | u_netsec/clk_50m                                                                                                                                                                                                      |
| g11       | 23    | BUFG_GT/O       | None       |          13 |               0 |   13 |      0 |    0 |    0 |   0 |  0 |    0 |   0 |       0 | u_netsec/g_sfp10g.u_sfp10g/u_gt/inst/gen_gtwizard_gthe4_top.gt_sfp_10g_gtwizard_gthe4_inst/gen_gtwizard_gthe4.gen_rx_user_clocking_internal.gen_single_instance.gtwiz_userclk_rx_inst/gtwiz_userclk_rx_usrclk2_out[0] |
| g13       | 21    | BUFG_GT/O       | None       |           5 |               0 |    5 |      0 |    0 |    0 |   0 |  0 |    0 |   0 |       0 | u_netsec/g_sfp10g.u_sfp10g/u_gt/inst/gen_gtwizard_gthe4_top.gt_sfp_10g_gtwizard_gthe4_inst/gen_gtwizard_gthe4.gen_tx_user_clocking_internal.gen_single_instance.gtwiz_userclk_tx_inst/gtwiz_userclk_tx_usrclk2_out[0] |
| g16       | 4     | BUFGCE/O        | None       |           0 |             177 |  177 |      0 |    0 |    0 |   0 |  0 |    0 |   0 |       0 | u_netsec/u_mac/rst_sync_reg[3]_11                                                                                                                                                                                     |
| g18       | 6     | BUFGCE/O        | None       |           0 |              28 |   28 |      0 |    0 |    0 |   0 |  0 |    0 |   0 |       0 | u_netsec/u_regs/sel                                                                                                                                                                                                   |
+-----------+-------+-----------------+------------+-------------+-----------------+------+--------+------+------+-----+----+------+-----+---------+-----------------------------------------------------------------------------------------------------------------------------------------------------------------------------------------------------------------------+
* Clock Loads column represents the clock pin loads (pin count)
** Non-Clock Loads column represents the non-clock pin loads (pin count)
*** Columns FF, LUTRAM, RAMB through 'Hard IP' represents load cell counts


37. Clock Region Cell Placement per Global Clock: Region X0Y3
-------------------------------------------------------------

+-----------+-------+-----------------+------------+-------------+-----------------+------+--------+------+------+-----+----+------+-----+---------+-----------------------------------------------------------------------------------+
| Global Id | Track | Driver Type/Pin | Constraint | Clock Loads | Non-Clock Loads | FF   | LUTRAM | RAMB | URAM | DSP | GT | MMCM | PLL | Hard IP | Net                                                                               |
+-----------+-------+-----------------+------------+-------------+-----------------+------+--------+------+------+-----+----+------+-----+---------+-----------------------------------------------------------------------------------+
| g0        | 14    | BUFGCE/O        | None       |        2717 |               0 | 2657 |     60 |    0 |    0 |   0 |  0 |    0 |   0 |       0 | u_netsec/u_mac/logic_clk                                                          |
| g1        | 11    | BUFGCE_DIV/O    | None       |        3960 |               0 | 3958 |      2 |    0 |    0 |   0 |  0 |    0 |   0 |       0 | u_netsec/axi_clk                                                                  |
| g4        | 0     | BUFGCE/O        | None       |        3046 |               0 | 2980 |     66 |    0 |    0 |   0 |  0 |    0 |   0 |       0 | rgmii_rxc_IBUF_BUFGCE                                                             |
| g10       | 3     | BUFGCE/O        | None       |         185 |               0 |  185 |      0 |    0 |    0 |   0 |  0 |    0 |   0 |       0 | u_netsec/u_mac/u_mac/eth_mac_1g_rgmii_inst/rgmii_phy_if_inst/rx_ssio_ddr_inst/CLK |
| g16       | 4     | BUFGCE/O        | None       |           0 |             301 |  301 |      0 |    0 |    0 |   0 |  0 |    0 |   0 |       0 | u_netsec/u_mac/rst_sync_reg[3]_11                                                 |
| g18       | 6     | BUFGCE/O        | None       |           0 |            3049 | 3049 |      0 |    0 |    0 |   0 |  0 |    0 |   0 |       0 | u_netsec/u_regs/sel                                                               |
+-----------+-------+-----------------+------------+-------------+-----------------+------+--------+------+------+-----+----+------+-----+---------+-----------------------------------------------------------------------------------+
* Clock Loads column represents the clock pin loads (pin count)
** Non-Clock Loads column represents the non-clock pin loads (pin count)
*** Columns FF, LUTRAM, RAMB through 'Hard IP' represents load cell counts


38. Clock Region Cell Placement per Global Clock: Region X1Y3
-------------------------------------------------------------

+-----------+-------+-----------------+------------+-------------+-----------------+------+--------+------+------+-----+----+------+-----+---------+-----------------------------------------------------------------------------------------------------------------------------------------------------------------------------------------------------------------------+
| Global Id | Track | Driver Type/Pin | Constraint | Clock Loads | Non-Clock Loads | FF   | LUTRAM | RAMB | URAM | DSP | GT | MMCM | PLL | Hard IP | Net                                                                                                                                                                                                                   |
+-----------+-------+-----------------+------------+-------------+-----------------+------+--------+------+------+-----+----+------+-----+---------+-----------------------------------------------------------------------------------------------------------------------------------------------------------------------------------------------------------------------+
| g0        | 14    | BUFGCE/O        | None       |        6002 |               0 | 5988 |      0 |    3 |    0 |   0 |  0 |    0 |   0 |       0 | u_netsec/u_mac/logic_clk                                                                                                                                                                                              |
| g1        | 11    | BUFGCE_DIV/O    | None       |         548 |               0 |  545 |      0 |    3 |    0 |   0 |  0 |    0 |   0 |       0 | u_netsec/axi_clk                                                                                                                                                                                                      |
| g4        | 0     | BUFGCE/O        | None       |          54 |               0 |   48 |      0 |    6 |    0 |   0 |  0 |    0 |   0 |       0 | rgmii_rxc_IBUF_BUFGCE                                                                                                                                                                                                 |
| g8+       | 1     | BUFGCE/O        | None       |           0 |               0 |    0 |      0 |    0 |    0 |   0 |  0 |    0 |   0 |       0 | u_netsec/g_sfp10g.u_sfp10g/s_clk                                                                                                                                                                                      |
| g10       | 3     | BUFGCE/O        | None       |          12 |               0 |    6 |      0 |    1 |    0 |   0 |  0 |    0 |   0 |       0 | u_netsec/u_mac/u_mac/eth_mac_1g_rgmii_inst/rgmii_phy_if_inst/rx_ssio_ddr_inst/CLK                                                                                                                                     |
| g11       | 23    | BUFG_GT/O       | None       |           1 |               0 |    0 |      0 |    0 |    0 |   0 |  0 |    0 |   0 |       0 | u_netsec/g_sfp10g.u_sfp10g/u_gt/inst/gen_gtwizard_gthe4_top.gt_sfp_10g_gtwizard_gthe4_inst/gen_gtwizard_gthe4.gen_rx_user_clocking_internal.gen_single_instance.gtwiz_userclk_rx_inst/gtwiz_userclk_rx_usrclk2_out[0] |
| g16       | 4     | BUFGCE/O        | None       |           0 |            1272 | 1272 |      0 |    0 |    0 |   0 |  0 |    0 |   0 |       0 | u_netsec/u_mac/rst_sync_reg[3]_11                                                                                                                                                                                     |
| g17       | 8     | BUFGCE/O        | None       |           0 |               1 |    0 |      0 |    0 |    0 |   0 |  0 |    1 |   0 |       0 | u_netsec/u_mac/rxc_fb_buf                                                                                                                                                                                             |
| g5        | 2     | BUFGCE/O        | None       |           0 |               1 |    0 |      0 |    0 |    0 |   0 |  0 |    1 |   0 |       0 | u_netsec/u_mac/rxc_in_buf                                                                                                                                                                                             |
| g18       | 6     | BUFGCE/O        | None       |           0 |             545 |  545 |      0 |    0 |    0 |   0 |  0 |    0 |   0 |       0 | u_netsec/u_regs/sel                                                                                                                                                                                                   |
+-----------+-------+-----------------+------------+-------------+-----------------+------+--------+------+------+-----+----+------+-----+---------+-----------------------------------------------------------------------------------------------------------------------------------------------------------------------------------------------------------------------+
* Clock Loads column represents the clock pin loads (pin count)
** Non-Clock Loads column represents the non-clock pin loads (pin count)
*** Columns FF, LUTRAM, RAMB through 'Hard IP' represents load cell counts
**** In Global Id column, sympbol '+' indicates that global clock was used only to route through the clock region.


39. Clock Region Cell Placement per Global Clock: Region X2Y3
-------------------------------------------------------------

+-----------+-------+-----------------+------------+-------------+-----------------+------+--------+------+------+-----+----+------+-----+---------+-----------------------------------------------------------------------------------+
| Global Id | Track | Driver Type/Pin | Constraint | Clock Loads | Non-Clock Loads | FF   | LUTRAM | RAMB | URAM | DSP | GT | MMCM | PLL | Hard IP | Net                                                                               |
+-----------+-------+-----------------+------------+-------------+-----------------+------+--------+------+------+-----+----+------+-----+---------+-----------------------------------------------------------------------------------+
| g0        | 14    | BUFGCE/O        | None       |        7569 |               0 | 7568 |      0 |    1 |    0 |   0 |  0 |    0 |   0 |       0 | u_netsec/u_mac/logic_clk                                                          |
| g1        | 11    | BUFGCE_DIV/O    | None       |           6 |               0 |    6 |      0 |    0 |    0 |   0 |  0 |    0 |   0 |       0 | u_netsec/axi_clk                                                                  |
| g8+       | 1     | BUFGCE/O        | None       |           0 |               0 |    0 |      0 |    0 |    0 |   0 |  0 |    0 |   0 |       0 | u_netsec/g_sfp10g.u_sfp10g/s_clk                                                  |
| g10       | 3     | BUFGCE/O        | None       |           3 |               0 |    3 |      0 |    0 |    0 |   0 |  0 |    0 |   0 |       0 | u_netsec/u_mac/u_mac/eth_mac_1g_rgmii_inst/rgmii_phy_if_inst/rx_ssio_ddr_inst/CLK |
| g16       | 4     | BUFGCE/O        | None       |           0 |            1632 | 1632 |      0 |    0 |    0 |   0 |  0 |    0 |   0 |       0 | u_netsec/u_mac/rst_sync_reg[3]_11                                                 |
| g18       | 6     | BUFGCE/O        | None       |           0 |               6 |    6 |      0 |    0 |    0 |   0 |  0 |    0 |   0 |       0 | u_netsec/u_regs/sel                                                               |
+-----------+-------+-----------------+------------+-------------+-----------------+------+--------+------+------+-----+----+------+-----+---------+-----------------------------------------------------------------------------------+
* Clock Loads column represents the clock pin loads (pin count)
** Non-Clock Loads column represents the non-clock pin loads (pin count)
*** Columns FF, LUTRAM, RAMB through 'Hard IP' represents load cell counts
**** In Global Id column, sympbol '+' indicates that global clock was used only to route through the clock region.


