Copyright 1986-2020 Xilinx, Inc. All Rights Reserved.
--------------------------------------------------------------------------------------------------------------------------------------------
| Tool Version      : Vivado v.2020.1 (win64) Build 2902540 Wed May 27 19:54:49 MDT 2020
| Date              : Thu Sep 24 22:09:44 2026
| Host         : (redacted)
| Command      : (redacted)
| Design            : system_top_sfp10g
| Device            : xczu4ev-sfvc784
| Speed File        : -1  PRODUCTION 1.27 02-28-2020
| Temperature Grade : I
--------------------------------------------------------------------------------------------------------------------------------------------

Timing Summary Report

------------------------------------------------------------------------------------------------
| Timer Settings
| --------------
------------------------------------------------------------------------------------------------

  Enable Multi Corner Analysis               :  Yes
  Enable Pessimism Removal                   :  Yes
  Pessimism Removal Resolution               :  Nearest Common Node
  Enable Input Delay Default Clock           :  No
  Enable Preset / Clear Arcs                 :  No
  Disable Flight Delays                      :  No
  Ignore I/O Paths                           :  No
  Timing Early Launch at Borrowing Latches   :  No
  Borrow Time for Max Delay Exceptions       :  Yes
  Merge Timing Exceptions                    :  Yes

  Corner  Analyze    Analyze    
  Name    Max Paths  Min Paths  
  ------  ---------  ---------  
  Slow    Yes        Yes        
  Fast    Yes        Yes        



check_timing report

Table of Contents
-----------------
1. checking no_clock (0)
2. checking constant_clock (0)
3. checking pulse_width_clock (0)
4. checking unconstrained_internal_endpoints (0)
5. checking no_input_delay (3)
6. checking no_output_delay (1)
7. checking multiple_clock (0)
8. checking generated_clocks (0)
9. checking loops (0)
10. checking partial_input_delay (0)
11. checking partial_output_delay (0)
12. checking latch_loops (0)

1. checking no_clock (0)
------------------------
 There are 0 register/latch pins with no clock.


2. checking constant_clock (0)
------------------------------
 There are 0 register/latch pins with constant_clock.


3. checking pulse_width_clock (0)
---------------------------------
 There are 0 register/latch pins which need pulse_width check


4. checking unconstrained_internal_endpoints (0)
------------------------------------------------
 There are 0 pins that are not constrained for maximum delay.

 There are 0 pins that are not constrained for maximum delay due to constant clock.


5. checking no_input_delay (3)
------------------------------
 There are 0 input ports with no input delay specified.

 There are 3 input ports with no input delay but user has a false path constraint. (MEDIUM)


6. checking no_output_delay (1)
-------------------------------
 There are 0 ports with no output delay specified.

 There is 1 port with no output delay but user has a false path constraint (MEDIUM)

 There are 0 ports with no output delay but with a timing clock defined on it or propagating through it


7. checking multiple_clock (0)
------------------------------
 There are 0 register/latch pins with multiple clocks.


8. checking generated_clocks (0)
--------------------------------
 There are 0 generated clocks that are not connected to a clock source.


9. checking loops (0)
---------------------
 There are 0 combinational loops in the design.


10. checking partial_input_delay (0)
------------------------------------
 There are 0 input ports with partial input delay specified.


11. checking partial_output_delay (0)
-------------------------------------
 There are 0 ports with partial output delay specified.


12. checking latch_loops (0)
----------------------------
 There are 0 combinational latch loops in the design through latch input



------------------------------------------------------------------------------------------------
| Design Timing Summary
| ---------------------
------------------------------------------------------------------------------------------------

    WNS(ns)      TNS(ns)  TNS Failing Endpoints  TNS Total Endpoints      WHS(ns)      THS(ns)  THS Failing Endpoints  THS Total Endpoints     WPWS(ns)     TPWS(ns)  TPWS Failing Endpoints  TPWS Total Endpoints  
    -------      -------  ---------------------  -------------------      -------      -------  ---------------------  -------------------     --------     --------  ----------------------  --------------------  
      1.963        0.000                      0                12552        0.010        0.000                      0                12488        0.455        0.000                       0                  5954  


All user specified timing constraints are met.


------------------------------------------------------------------------------------------------
| Clock Summary
| -------------
------------------------------------------------------------------------------------------------

Clock                                                                                                Waveform(ns)           Period(ns)      Frequency(MHz)
-----                                                                                                ------------           ----------      --------------
clk_pl_0                                                                                             {0.000 5.000}          10.000          100.000         
dbg_hub/inst/BSCANID.u_xsdbm_id/SWITCH_N_EXT_BSCAN.bscan_inst/SERIES7_BSCAN.bscan_inst/INTERNAL_TCK  {0.000 25.000}         50.000          20.000          
mgtrefclk_125m                                                                                       {0.000 4.000}          8.000           125.000         
  qpll0outclk_out[0]                                                                                 {0.000 0.098}          0.195           5125.001        
    GTHE4_CHANNEL_RXOUTCLKPCS[0]                                                                     {0.000 1.561}          3.122           320.313         
    GTHE4_CHANNEL_RXOUTCLKPCS[1]                                                                     {0.000 1.561}          3.122           320.313         
    rxoutclk_out[0]                                                                                  {0.000 1.561}          3.122           320.313         
      rx_clk_gt                                                                                      {0.000 3.122}          6.244           160.156         
    txoutclk_out[0]                                                                                  {0.000 1.561}          3.122           320.313         
      tx_clk_gt                                                                                      {0.000 3.122}          6.244           160.156         
  qpll0outrefclk_out[0]                                                                              {0.000 4.000}          8.000           125.000         
rgmii_rxc                                                                                            {0.000 4.000}          8.000           125.000         
sys_clk_clk_p                                                                                        {0.000 2.500}          5.000           200.000         
  axi_clk                                                                                            {0.000 5.000}          10.000          100.000         
  clk_50m                                                                                            {0.000 10.000}         20.000          50.000          


------------------------------------------------------------------------------------------------
| Intra Clock Table
| -----------------
------------------------------------------------------------------------------------------------

Clock                                                                                                    WNS(ns)      TNS(ns)  TNS Failing Endpoints  TNS Total Endpoints      WHS(ns)      THS(ns)  THS Failing Endpoints  THS Total Endpoints     WPWS(ns)     TPWS(ns)  TPWS Failing Endpoints  TPWS Total Endpoints  
-----                                                                                                    -------      -------  ---------------------  -------------------      -------      -------  ---------------------  -------------------     --------     --------  ----------------------  --------------------  
dbg_hub/inst/BSCANID.u_xsdbm_id/SWITCH_N_EXT_BSCAN.bscan_inst/SERIES7_BSCAN.bscan_inst/INTERNAL_TCK       14.380        0.000                      0                 1050        0.019        0.000                      0                 1050       24.427        0.000                       0                   491  
    GTHE4_CHANNEL_RXOUTCLKPCS[0]                                                                           1.963        0.000                      0                   34        0.054        0.000                      0                   34        1.286        0.000                       0                    15  
    GTHE4_CHANNEL_RXOUTCLKPCS[1]                                                                           2.089        0.000                      0                   34        0.023        0.000                      0                   34        1.286        0.000                       0                    15  
    rxoutclk_out[0]                                                                                                                                                                                                                                    0.475        0.000                       0                     4  
      rx_clk_gt                                                                                            2.338        0.000                      0                 1332        0.010        0.000                      0                 1332        0.629        0.000                       0                  1095  
    txoutclk_out[0]                                                                                                                                                                                                                                    0.455        0.000                       0                     4  
      tx_clk_gt                                                                                            2.627        0.000                      0                 2062        0.019        0.000                      0                 2062        0.658        0.000                       0                  1148  
sys_clk_clk_p                                                                                                                                                                                                                                          3.750        0.000                       0                     2  
  axi_clk                                                                                                  6.087        0.000                      0                 7118        0.013        0.000                      0                 7070        3.500        0.000                       0                  2968  
  clk_50m                                                                                                 18.395        0.000                      0                  342        0.037        0.000                      0                  342        9.725        0.000                       0                   212  


------------------------------------------------------------------------------------------------
| Inter Clock Table
| -----------------
------------------------------------------------------------------------------------------------

From Clock                                                                                           To Clock                                                                                                 WNS(ns)      TNS(ns)  TNS Failing Endpoints  TNS Total Endpoints      WHS(ns)      THS(ns)  THS Failing Endpoints  THS Total Endpoints  
----------                                                                                           --------                                                                                                 -------      -------  ---------------------  -------------------      -------      -------  ---------------------  -------------------  
axi_clk                                                                                              dbg_hub/inst/BSCANID.u_xsdbm_id/SWITCH_N_EXT_BSCAN.bscan_inst/SERIES7_BSCAN.bscan_inst/INTERNAL_TCK        9.500        0.000                      0                    8                                                                        
dbg_hub/inst/BSCANID.u_xsdbm_id/SWITCH_N_EXT_BSCAN.bscan_inst/SERIES7_BSCAN.bscan_inst/INTERNAL_TCK  axi_clk                                                                                                   49.102        0.000                      0                    8                                                                        
clk_50m                                                                                              axi_clk                                                                                                    8.191        0.000                      0                    1        0.237        0.000                      0                    1  


------------------------------------------------------------------------------------------------
| Other Path Groups Table
| -----------------------
------------------------------------------------------------------------------------------------

Path Group                                                                                           From Clock                                                                                           To Clock                                                                                                 WNS(ns)      TNS(ns)  TNS Failing Endpoints  TNS Total Endpoints      WHS(ns)      THS(ns)  THS Failing Endpoints  THS Total Endpoints  
----------                                                                                           ----------                                                                                           --------                                                                                                 -------      -------  ---------------------  -------------------      -------      -------  ---------------------  -------------------  
**async_default**                                                                                    axi_clk                                                                                              axi_clk                                                                                                    6.344        0.000                      0                  436        0.122        0.000                      0                  436  
**async_default**                                                                                    clk_50m                                                                                              axi_clk                                                                                                    6.313        0.000                      0                   20        0.097        0.000                      0                   20  
**async_default**                                                                                    axi_clk                                                                                              clk_50m                                                                                                    5.729        0.000                      0                    6        1.637        0.000                      0                    6  
**async_default**                                                                                    clk_50m                                                                                              clk_50m                                                                                                   15.925        0.000                      0                    6        1.531        0.000                      0                    6  
**async_default**                                                                                    dbg_hub/inst/BSCANID.u_xsdbm_id/SWITCH_N_EXT_BSCAN.bscan_inst/SERIES7_BSCAN.bscan_inst/INTERNAL_TCK  dbg_hub/inst/BSCANID.u_xsdbm_id/SWITCH_N_EXT_BSCAN.bscan_inst/SERIES7_BSCAN.bscan_inst/INTERNAL_TCK       47.366        0.000                      0                  100        0.115        0.000                      0                  100  
**async_default**                                                                                    rx_clk_gt                                                                                            rx_clk_gt                                                                                                  2.168        0.000                      0                   14        0.077        0.000                      0                   14  
**async_default**                                                                                    tx_clk_gt                                                                                            tx_clk_gt                                                                                                  4.137        0.000                      0                    6        0.289        0.000                      0                    6  


------------------------------------------------------------------------------------------------
| Timing Details
| --------------
------------------------------------------------------------------------------------------------


---------------------------------------------------------------------------------------------------
From Clock:  dbg_hub/inst/BSCANID.u_xsdbm_id/SWITCH_N_EXT_BSCAN.bscan_inst/SERIES7_BSCAN.bscan_inst/INTERNAL_TCK
  To Clock:  dbg_hub/inst/BSCANID.u_xsdbm_id/SWITCH_N_EXT_BSCAN.bscan_inst/SERIES7_BSCAN.bscan_inst/INTERNAL_TCK

Setup :            0  Failing Endpoints,  Worst Slack       14.380ns,  Total Violation        0.000ns
Hold  :            0  Failing Endpoints,  Worst Slack        0.019ns,  Total Violation        0.000ns
PW    :            0  Failing Endpoints,  Worst Slack       24.427ns,  Total Violation        0.000ns
---------------------------------------------------------------------------------------------------


Max Delay Paths
--------------------------------------------------------------------------------------
Slack (MET) :             14.380ns  (required time - arrival time)
  Source:                 dbg_hub/inst/BSCANID.u_xsdbm_id/SWITCH_N_EXT_BSCAN.bscan_switch/state_reg[2]/C
                            (rising edge-triggered cell FDRE clocked by dbg_hub/inst/BSCANID.u_xsdbm_id/SWITCH_N_EXT_BSCAN.bscan_inst/SERIES7_BSCAN.bscan_inst/INTERNAL_TCK  {rise@0.000ns fall@25.000ns period=50.000ns})
  Destination:            dbg_hub/inst/BSCANID.u_xsdbm_id/SWITCH_N_EXT_BSCAN.bscan_inst/SERIES7_BSCAN.bscan_inst/TDO
                            (falling edge-triggered cell BSCANE2 clocked by dbg_hub/inst/BSCANID.u_xsdbm_id/SWITCH_N_EXT_BSCAN.bscan_inst/SERIES7_BSCAN.bscan_inst/INTERNAL_TCK  {rise@0.000ns fall@25.000ns period=50.000ns})
  Path Group:             dbg_hub/inst/BSCANID.u_xsdbm_id/SWITCH_N_EXT_BSCAN.bscan_inst/SERIES7_BSCAN.bscan_inst/INTERNAL_TCK
  Path Type:              Setup (Max at Slow Process Corner)
  Requirement:            25.000ns  (dbg_hub/inst/BSCANID.u_xsdbm_id/SWITCH_N_EXT_BSCAN.bscan_inst/SERIES7_BSCAN.bscan_inst/INTERNAL_TCK fall@25.000ns - dbg_hub/inst/BSCANID.u_xsdbm_id/SWITCH_N_EXT_BSCAN.bscan_inst/SERIES7_BSCAN.bscan_inst/INTERNAL_TCK rise@0.000ns)
  Data Path Delay:        2.720ns  (logic 0.458ns (16.838%)  route 2.262ns (83.162%))
  Logic Levels:           3  (LUT3=1 LUT5=1 LUT6=1)
  Clock Path Skew:        -7.665ns (DCD - SCD + CPR)
    Destination Clock Delay (DCD):    0.000ns = ( 25.000 - 25.000 ) 
    Source Clock Delay      (SCD):    7.665ns
    Clock Pessimism Removal (CPR):    0.000ns
  Clock Uncertainty:      0.235ns  ((TSJ^2 + TIJ^2)^1/2 + DJ) / 2 + PE + DCD
    Total System Jitter     (TSJ):    0.071ns
    Total Input Jitter      (TIJ):    0.000ns
    Discrete Jitter          (DJ):    0.000ns
    Phase Error              (PE):    0.000ns
    Duty Cycle Distortion   (DCD):    0.200ns
  Clock Net Delay (Source):      1.644ns (routing 0.585ns, distribution 1.059ns)

    Location             Delay type                Incr(ns)  Path(ns)    Netlist Resource(s)
  -------------------------------------------------------------------    -------------------
                         (clock dbg_hub/inst/BSCANID.u_xsdbm_id/SWITCH_N_EXT_BSCAN.bscan_inst/SERIES7_BSCAN.bscan_inst/INTERNAL_TCK rise edge)
                                                      0.000     0.000 r  
    CONFIG_SITE_X0Y0     BSCANE2                      0.000     0.000 r  dbg_hub/inst/BSCANID.u_xsdbm_id/SWITCH_N_EXT_BSCAN.bscan_inst/SERIES7_BSCAN.bscan_inst/INTERNAL_TCK
    CONFIG_SITE_X0Y0     BSCANE2 (Prop_BSCAN1_CONFIG_SITE_INTERNAL_TCK_TCK)
                                                      4.300     4.300 r  dbg_hub/inst/BSCANID.u_xsdbm_id/SWITCH_N_EXT_BSCAN.bscan_inst/SERIES7_BSCAN.bscan_inst/TCK
                         net (fo=1, routed)           1.693     5.993    dbg_hub/inst/BSCANID.u_xsdbm_id/tck_bs
    BUFGCE_X0Y32         BUFGCE (Prop_BUFCE_BUFGCE_I_O)
                                                      0.028     6.021 r  dbg_hub/inst/BSCANID.u_xsdbm_id/SWITCH_N_EXT_BSCAN.u_bufg_icon_tck/O
    X1Y2 (CLOCK_ROOT)    net (fo=490, routed)         1.644     7.665    dbg_hub/inst/BSCANID.u_xsdbm_id/SWITCH_N_EXT_BSCAN.bscan_switch/s_bscan_tck
    SLICE_X45Y203        FDRE                                         r  dbg_hub/inst/BSCANID.u_xsdbm_id/SWITCH_N_EXT_BSCAN.bscan_switch/state_reg[2]/C
  -------------------------------------------------------------------    -------------------
    SLICE_X45Y203        FDRE (Prop_FFF_SLICEM_C_Q)
                                                      0.094     7.759 f  dbg_hub/inst/BSCANID.u_xsdbm_id/SWITCH_N_EXT_BSCAN.bscan_switch/state_reg[2]/Q
                         net (fo=50, routed)          0.531     8.290    dbg_hub/inst/BSCANID.u_xsdbm_id/SWITCH_N_EXT_BSCAN.bscan_switch/state[2]
    SLICE_X44Y184        LUT5 (Prop_H6LUT_SLICEL_I3_O)
                                                      0.116     8.406 r  dbg_hub/inst/BSCANID.u_xsdbm_id/SWITCH_N_EXT_BSCAN.bscan_switch/m_bscan_bscanid_en_INST_0/O
                         net (fo=35, routed)          0.501     8.907    dbg_hub/inst/BSCANID.u_xsdbm_id/bscanid_en_int
    SLICE_X43Y175        LUT3 (Prop_E6LUT_SLICEM_I1_O)
                                                      0.148     9.055 r  dbg_hub/inst/BSCANID.u_xsdbm_id/SWITCH_N_EXT_BSCAN.bscan_switch_i_1/O
                         net (fo=2, routed)           0.548     9.603    dbg_hub/inst/BSCANID.u_xsdbm_id/SWITCH_N_EXT_BSCAN.bscan_switch/m_bscan_tdo[0]
    SLICE_X45Y184        LUT6 (Prop_H6LUT_SLICEM_I5_O)
                                                      0.100     9.703 r  dbg_hub/inst/BSCANID.u_xsdbm_id/SWITCH_N_EXT_BSCAN.bscan_switch/s_bscan_tdo_INST_0/O
                         net (fo=1, routed)           0.682    10.385    dbg_hub/inst/BSCANID.u_xsdbm_id/SWITCH_N_EXT_BSCAN.bscan_inst/s_bscan_tdo
    CONFIG_SITE_X0Y0     BSCANE2                                      r  dbg_hub/inst/BSCANID.u_xsdbm_id/SWITCH_N_EXT_BSCAN.bscan_inst/SERIES7_BSCAN.bscan_inst/TDO
  -------------------------------------------------------------------    -------------------

                         (clock dbg_hub/inst/BSCANID.u_xsdbm_id/SWITCH_N_EXT_BSCAN.bscan_inst/SERIES7_BSCAN.bscan_inst/INTERNAL_TCK fall edge)
                                                     25.000    25.000 f  
    CONFIG_SITE_X0Y0     BSCANE2                      0.000    25.000 f  dbg_hub/inst/BSCANID.u_xsdbm_id/SWITCH_N_EXT_BSCAN.bscan_inst/SERIES7_BSCAN.bscan_inst/INTERNAL_TCK
                         clock pessimism              0.000    25.000    
                         clock uncertainty           -0.235    24.765    
    CONFIG_SITE_X0Y0     BSCANE2 (Setup_BSCAN1_CONFIG_SITE_INTERNAL_TCK_TDO)
                                                      0.000    24.765    dbg_hub/inst/BSCANID.u_xsdbm_id/SWITCH_N_EXT_BSCAN.bscan_inst/SERIES7_BSCAN.bscan_inst
  -------------------------------------------------------------------
                         required time                         24.765    
                         arrival time                         -10.385    
  -------------------------------------------------------------------
                         slack                                 14.380    





Min Delay Paths
--------------------------------------------------------------------------------------
Slack (MET) :             0.019ns  (arrival time - required time)
  Source:                 dbg_hub/inst/BSCANID.u_xsdbm_id/CORE_XSDB.UUT_MASTER/U_ICON_INTERFACE/U_CMD6_WR/U_WR_FIFO/SUBCORE_FIFO.xsdbm_v3_0_0_wrfifo_inst/inst_fifo_gen/gconvfifo.rf/grf.rf/gntv_or_sync_fifo.gl0.wr/wpntr/gic0.gc0.count_d2_reg[3]/C
                            (rising edge-triggered cell FDCE clocked by dbg_hub/inst/BSCANID.u_xsdbm_id/SWITCH_N_EXT_BSCAN.bscan_inst/SERIES7_BSCAN.bscan_inst/INTERNAL_TCK  {rise@0.000ns fall@25.000ns period=50.000ns})
  Destination:            dbg_hub/inst/BSCANID.u_xsdbm_id/CORE_XSDB.UUT_MASTER/U_ICON_INTERFACE/U_CMD6_WR/U_WR_FIFO/SUBCORE_FIFO.xsdbm_v3_0_0_wrfifo_inst/inst_fifo_gen/gconvfifo.rf/grf.rf/gntv_or_sync_fifo.mem/gdm.dm_gen.dm/RAM_reg_0_15_14_15/RAMA/WADR3
                            (rising edge-triggered cell RAMD32 clocked by dbg_hub/inst/BSCANID.u_xsdbm_id/SWITCH_N_EXT_BSCAN.bscan_inst/SERIES7_BSCAN.bscan_inst/INTERNAL_TCK  {rise@0.000ns fall@25.000ns period=50.000ns})
  Path Group:             dbg_hub/inst/BSCANID.u_xsdbm_id/SWITCH_N_EXT_BSCAN.bscan_inst/SERIES7_BSCAN.bscan_inst/INTERNAL_TCK
  Path Type:              Hold (Min at Slow Process Corner)
  Requirement:            0.000ns  (dbg_hub/inst/BSCANID.u_xsdbm_id/SWITCH_N_EXT_BSCAN.bscan_inst/SERIES7_BSCAN.bscan_inst/INTERNAL_TCK rise@0.000ns - dbg_hub/inst/BSCANID.u_xsdbm_id/SWITCH_N_EXT_BSCAN.bscan_inst/SERIES7_BSCAN.bscan_inst/INTERNAL_TCK rise@0.000ns)
  Data Path Delay:        0.261ns  (logic 0.071ns (27.203%)  route 0.190ns (72.797%))
  Logic Levels:           0  
  Clock Path Skew:        0.146ns (DCD - SCD - CPR)
    Destination Clock Delay (DCD):    7.746ns
    Source Clock Delay      (SCD):    3.072ns
    Clock Pessimism Removal (CPR):    4.528ns
  Clock Net Delay (Source):      1.478ns (routing 0.533ns, distribution 0.945ns)
  Clock Net Delay (Destination): 1.725ns (routing 0.585ns, distribution 1.140ns)

    Location             Delay type                Incr(ns)  Path(ns)    Netlist Resource(s)
  -------------------------------------------------------------------    -------------------
                         (clock dbg_hub/inst/BSCANID.u_xsdbm_id/SWITCH_N_EXT_BSCAN.bscan_inst/SERIES7_BSCAN.bscan_inst/INTERNAL_TCK rise edge)
                                                      0.000     0.000 r  
    CONFIG_SITE_X0Y0     BSCANE2                      0.000     0.000 r  dbg_hub/inst/BSCANID.u_xsdbm_id/SWITCH_N_EXT_BSCAN.bscan_inst/SERIES7_BSCAN.bscan_inst/INTERNAL_TCK
    CONFIG_SITE_X0Y0     BSCANE2 (Prop_BSCAN1_CONFIG_SITE_INTERNAL_TCK_TCK)
                                                      0.465     0.465 r  dbg_hub/inst/BSCANID.u_xsdbm_id/SWITCH_N_EXT_BSCAN.bscan_inst/SERIES7_BSCAN.bscan_inst/TCK
                         net (fo=1, routed)           1.105     1.570    dbg_hub/inst/BSCANID.u_xsdbm_id/tck_bs
    BUFGCE_X0Y32         BUFGCE (Prop_BUFCE_BUFGCE_I_O)
                                                      0.024     1.594 r  dbg_hub/inst/BSCANID.u_xsdbm_id/SWITCH_N_EXT_BSCAN.u_bufg_icon_tck/O
    X1Y2 (CLOCK_ROOT)    net (fo=490, routed)         1.478     3.072    dbg_hub/inst/BSCANID.u_xsdbm_id/CORE_XSDB.UUT_MASTER/U_ICON_INTERFACE/U_CMD6_WR/U_WR_FIFO/SUBCORE_FIFO.xsdbm_v3_0_0_wrfifo_inst/inst_fifo_gen/gconvfifo.rf/grf.rf/gntv_or_sync_fifo.gl0.wr/wpntr/wr_clk
    SLICE_X21Y189        FDCE                                         r  dbg_hub/inst/BSCANID.u_xsdbm_id/CORE_XSDB.UUT_MASTER/U_ICON_INTERFACE/U_CMD6_WR/U_WR_FIFO/SUBCORE_FIFO.xsdbm_v3_0_0_wrfifo_inst/inst_fifo_gen/gconvfifo.rf/grf.rf/gntv_or_sync_fifo.gl0.wr/wpntr/gic0.gc0.count_d2_reg[3]/C
  -------------------------------------------------------------------    -------------------
    SLICE_X21Y189        FDCE (Prop_HFF2_SLICEM_C_Q)
                                                      0.071     3.143 r  dbg_hub/inst/BSCANID.u_xsdbm_id/CORE_XSDB.UUT_MASTER/U_ICON_INTERFACE/U_CMD6_WR/U_WR_FIFO/SUBCORE_FIFO.xsdbm_v3_0_0_wrfifo_inst/inst_fifo_gen/gconvfifo.rf/grf.rf/gntv_or_sync_fifo.gl0.wr/wpntr/gic0.gc0.count_d2_reg[3]/Q
                         net (fo=34, routed)          0.190     3.333    dbg_hub/inst/BSCANID.u_xsdbm_id/CORE_XSDB.UUT_MASTER/U_ICON_INTERFACE/U_CMD6_WR/U_WR_FIFO/SUBCORE_FIFO.xsdbm_v3_0_0_wrfifo_inst/inst_fifo_gen/gconvfifo.rf/grf.rf/gntv_or_sync_fifo.mem/gdm.dm_gen.dm/RAM_reg_0_15_14_15/ADDRH3
    SLICE_X20Y185        RAMD32                                       r  dbg_hub/inst/BSCANID.u_xsdbm_id/CORE_XSDB.UUT_MASTER/U_ICON_INTERFACE/U_CMD6_WR/U_WR_FIFO/SUBCORE_FIFO.xsdbm_v3_0_0_wrfifo_inst/inst_fifo_gen/gconvfifo.rf/grf.rf/gntv_or_sync_fifo.mem/gdm.dm_gen.dm/RAM_reg_0_15_14_15/RAMA/WADR3
  -------------------------------------------------------------------    -------------------

                         (clock dbg_hub/inst/BSCANID.u_xsdbm_id/SWITCH_N_EXT_BSCAN.bscan_inst/SERIES7_BSCAN.bscan_inst/INTERNAL_TCK rise edge)
                                                      0.000     0.000 r  
    CONFIG_SITE_X0Y0     BSCANE2                      0.000     0.000 r  dbg_hub/inst/BSCANID.u_xsdbm_id/SWITCH_N_EXT_BSCAN.bscan_inst/SERIES7_BSCAN.bscan_inst/INTERNAL_TCK
    CONFIG_SITE_X0Y0     BSCANE2 (Prop_BSCAN1_CONFIG_SITE_INTERNAL_TCK_TCK)
                                                      4.300     4.300 r  dbg_hub/inst/BSCANID.u_xsdbm_id/SWITCH_N_EXT_BSCAN.bscan_inst/SERIES7_BSCAN.bscan_inst/TCK
                         net (fo=1, routed)           1.693     5.993    dbg_hub/inst/BSCANID.u_xsdbm_id/tck_bs
    BUFGCE_X0Y32         BUFGCE (Prop_BUFCE_BUFGCE_I_O)
                                                      0.028     6.021 r  dbg_hub/inst/BSCANID.u_xsdbm_id/SWITCH_N_EXT_BSCAN.u_bufg_icon_tck/O
    X1Y2 (CLOCK_ROOT)    net (fo=490, routed)         1.725     7.746    dbg_hub/inst/BSCANID.u_xsdbm_id/CORE_XSDB.UUT_MASTER/U_ICON_INTERFACE/U_CMD6_WR/U_WR_FIFO/SUBCORE_FIFO.xsdbm_v3_0_0_wrfifo_inst/inst_fifo_gen/gconvfifo.rf/grf.rf/gntv_or_sync_fifo.mem/gdm.dm_gen.dm/RAM_reg_0_15_14_15/WCLK
    SLICE_X20Y185        RAMD32                                       r  dbg_hub/inst/BSCANID.u_xsdbm_id/CORE_XSDB.UUT_MASTER/U_ICON_INTERFACE/U_CMD6_WR/U_WR_FIFO/SUBCORE_FIFO.xsdbm_v3_0_0_wrfifo_inst/inst_fifo_gen/gconvfifo.rf/grf.rf/gntv_or_sync_fifo.mem/gdm.dm_gen.dm/RAM_reg_0_15_14_15/RAMA/CLK
                         clock pessimism             -4.528     3.218    
    SLICE_X20Y185        RAMD32 (Hold_A5LUT_SLICEM_CLK_WADR3)
                                                      0.096     3.314    dbg_hub/inst/BSCANID.u_xsdbm_id/CORE_XSDB.UUT_MASTER/U_ICON_INTERFACE/U_CMD6_WR/U_WR_FIFO/SUBCORE_FIFO.xsdbm_v3_0_0_wrfifo_inst/inst_fifo_gen/gconvfifo.rf/grf.rf/gntv_or_sync_fifo.mem/gdm.dm_gen.dm/RAM_reg_0_15_14_15/RAMA
  -------------------------------------------------------------------
                         required time                         -3.314    
                         arrival time                           3.333    
  -------------------------------------------------------------------
                         slack                                  0.019    





Pulse Width Checks
--------------------------------------------------------------------------------------
Clock Name:         dbg_hub/inst/BSCANID.u_xsdbm_id/SWITCH_N_EXT_BSCAN.bscan_inst/SERIES7_BSCAN.bscan_inst/INTERNAL_TCK
Waveform(ns):       { 0.000 25.000 }
Period(ns):         50.000
Sources:            { dbg_hub/inst/BSCANID.u_xsdbm_id/SWITCH_N_EXT_BSCAN.bscan_inst/SERIES7_BSCAN.bscan_inst/INTERNAL_TCK }

Check Type        Corner  Lib Pin     Reference Pin  Required(ns)  Actual(ns)  Slack(ns)  Location       Pin
Min Period        n/a     BUFGCE/I    n/a            1.499         50.000      48.501     BUFGCE_X0Y32   dbg_hub/inst/BSCANID.u_xsdbm_id/SWITCH_N_EXT_BSCAN.u_bufg_icon_tck/I
Low Pulse Width   Fast    RAMD32/CLK  n/a            0.573         25.000      24.427     SLICE_X20Y185  dbg_hub/inst/BSCANID.u_xsdbm_id/CORE_XSDB.UUT_MASTER/U_ICON_INTERFACE/U_CMD6_WR/U_WR_FIFO/SUBCORE_FIFO.xsdbm_v3_0_0_wrfifo_inst/inst_fifo_gen/gconvfifo.rf/grf.rf/gntv_or_sync_fifo.mem/gdm.dm_gen.dm/RAM_reg_0_15_14_15/RAMA/CLK
High Pulse Width  Slow    RAMD32/CLK  n/a            0.573         25.000      24.427     SLICE_X20Y185  dbg_hub/inst/BSCANID.u_xsdbm_id/CORE_XSDB.UUT_MASTER/U_ICON_INTERFACE/U_CMD6_WR/U_WR_FIFO/SUBCORE_FIFO.xsdbm_v3_0_0_wrfifo_inst/inst_fifo_gen/gconvfifo.rf/grf.rf/gntv_or_sync_fifo.mem/gdm.dm_gen.dm/RAM_reg_0_15_14_15/RAMA/CLK



---------------------------------------------------------------------------------------------------
From Clock:  GTHE4_CHANNEL_RXOUTCLKPCS[0]
  To Clock:  GTHE4_CHANNEL_RXOUTCLKPCS[0]

Setup :            0  Failing Endpoints,  Worst Slack        1.963ns,  Total Violation        0.000ns
Hold  :            0  Failing Endpoints,  Worst Slack        0.054ns,  Total Violation        0.000ns
PW    :            0  Failing Endpoints,  Worst Slack        1.286ns,  Total Violation        0.000ns
---------------------------------------------------------------------------------------------------


Max Delay Paths
--------------------------------------------------------------------------------------
Slack (MET) :             1.963ns  (required time - arrival time)
  Source:                 u_sfp/u_gt/inst/gen_gtwizard_gthe4_top.gt_sfp_10g_gtwizard_gthe4_inst/gen_gtwizard_gthe4.gen_pwrgood_delay_inst[0].delay_powergood_inst/gen_powergood_delay.intclk_rrst_n_r_reg[4]/C
                            (rising edge-triggered cell FDCE clocked by GTHE4_CHANNEL_RXOUTCLKPCS[0]  {rise@0.000ns fall@1.561ns period=3.122ns})
  Destination:            u_sfp/u_gt/inst/gen_gtwizard_gthe4_top.gt_sfp_10g_gtwizard_gthe4_inst/gen_gtwizard_gthe4.gen_pwrgood_delay_inst[0].delay_powergood_inst/gen_powergood_delay.wait_cnt_reg[0]/CE
                            (rising edge-triggered cell FDRE clocked by GTHE4_CHANNEL_RXOUTCLKPCS[0]  {rise@0.000ns fall@1.561ns period=3.122ns})
  Path Group:             GTHE4_CHANNEL_RXOUTCLKPCS[0]
  Path Type:              Setup (Max at Slow Process Corner)
  Requirement:            3.122ns  (GTHE4_CHANNEL_RXOUTCLKPCS[0] rise@3.122ns - GTHE4_CHANNEL_RXOUTCLKPCS[0] rise@0.000ns)
  Data Path Delay:        0.896ns  (logic 0.292ns (32.589%)  route 0.604ns (67.411%))
  Logic Levels:           1  (LUT2=1)
  Clock Path Skew:        -0.186ns (DCD - SCD + CPR)
    Destination Clock Delay (DCD):    0.290ns = ( 3.412 - 3.122 ) 
    Source Clock Delay      (SCD):    0.490ns
    Clock Pessimism Removal (CPR):    0.014ns
  Clock Uncertainty:      0.035ns  ((TSJ^2 + TIJ^2)^1/2 + DJ) / 2 + PE
    Total System Jitter     (TSJ):    0.071ns
    Total Input Jitter      (TIJ):    0.000ns
    Discrete Jitter          (DJ):    0.000ns
    Phase Error              (PE):    0.000ns
  Clock Net Delay (Source):      0.490ns (routing 0.008ns, distribution 0.482ns)
  Clock Net Delay (Destination): 0.290ns (routing 0.005ns, distribution 0.285ns)

    Location             Delay type                Incr(ns)  Path(ns)    Netlist Resource(s)
  -------------------------------------------------------------------    -------------------
                         (clock GTHE4_CHANNEL_RXOUTCLKPCS[0] rise edge)
                                                      0.000     0.000 r  
    GTHE4_CHANNEL_X0Y4   GTHE4_CHANNEL                0.000     0.000 r  u_sfp/u_gt/inst/gen_gtwizard_gthe4_top.gt_sfp_10g_gtwizard_gthe4_inst/gen_gtwizard_gthe4.gen_channel_container[1].gen_enabled_channel.gthe4_channel_wrapper_inst/channel_inst/gthe4_channel_gen.gen_gthe4_channel_inst[0].GTHE4_CHANNEL_PRIM_INST/RXOUTCLKPCS
    X2Y1 (CLOCK_ROOT)    net (fo=15, routed)          0.490     0.490    u_sfp/u_gt/inst/gen_gtwizard_gthe4_top.gt_sfp_10g_gtwizard_gthe4_inst/gen_gtwizard_gthe4.gen_pwrgood_delay_inst[0].delay_powergood_inst/GTHE4_CHANNEL_RXOUTCLKPCS[0]
    SLICE_X59Y75         FDCE                                         r  u_sfp/u_gt/inst/gen_gtwizard_gthe4_top.gt_sfp_10g_gtwizard_gthe4_inst/gen_gtwizard_gthe4.gen_pwrgood_delay_inst[0].delay_powergood_inst/gen_powergood_delay.intclk_rrst_n_r_reg[4]/C
  -------------------------------------------------------------------    -------------------
    SLICE_X59Y75         FDCE (Prop_EFF2_SLICEL_C_Q)
                                                      0.099     0.589 f  u_sfp/u_gt/inst/gen_gtwizard_gthe4_top.gt_sfp_10g_gtwizard_gthe4_inst/gen_gtwizard_gthe4.gen_pwrgood_delay_inst[0].delay_powergood_inst/gen_powergood_delay.intclk_rrst_n_r_reg[4]/Q
                         net (fo=9, routed)           0.227     0.816    u_sfp/u_gt/inst/gen_gtwizard_gthe4_top.gt_sfp_10g_gtwizard_gthe4_inst/gen_gtwizard_gthe4.gen_pwrgood_delay_inst[0].delay_powergood_inst/gen_powergood_delay.intclk_rrst_n_r[4]
    SLICE_X59Y75         LUT2 (Prop_D5LUT_SLICEL_I0_O)
                                                      0.193     1.009 r  u_sfp/u_gt/inst/gen_gtwizard_gthe4_top.gt_sfp_10g_gtwizard_gthe4_inst/gen_gtwizard_gthe4.gen_pwrgood_delay_inst[0].delay_powergood_inst/gen_powergood_delay.wait_cnt[0]_i_1/O
                         net (fo=1, routed)           0.377     1.386    u_sfp/u_gt/inst/gen_gtwizard_gthe4_top.gt_sfp_10g_gtwizard_gthe4_inst/gen_gtwizard_gthe4.gen_pwrgood_delay_inst[0].delay_powergood_inst/gen_powergood_delay.wait_cnt[0]_i_1_n_0
    SLICE_X59Y76         FDRE                                         r  u_sfp/u_gt/inst/gen_gtwizard_gthe4_top.gt_sfp_10g_gtwizard_gthe4_inst/gen_gtwizard_gthe4.gen_pwrgood_delay_inst[0].delay_powergood_inst/gen_powergood_delay.wait_cnt_reg[0]/CE
  -------------------------------------------------------------------    -------------------

                         (clock GTHE4_CHANNEL_RXOUTCLKPCS[0] rise edge)
                                                      3.122     3.122 r  
    GTHE4_CHANNEL_X0Y4   GTHE4_CHANNEL                0.000     3.122 r  u_sfp/u_gt/inst/gen_gtwizard_gthe4_top.gt_sfp_10g_gtwizard_gthe4_inst/gen_gtwizard_gthe4.gen_channel_container[1].gen_enabled_channel.gthe4_channel_wrapper_inst/channel_inst/gthe4_channel_gen.gen_gthe4_channel_inst[0].GTHE4_CHANNEL_PRIM_INST/RXOUTCLKPCS
    X2Y1 (CLOCK_ROOT)    net (fo=15, routed)          0.290     3.412    u_sfp/u_gt/inst/gen_gtwizard_gthe4_top.gt_sfp_10g_gtwizard_gthe4_inst/gen_gtwizard_gthe4.gen_pwrgood_delay_inst[0].delay_powergood_inst/GTHE4_CHANNEL_RXOUTCLKPCS[0]
    SLICE_X59Y76         FDRE                                         r  u_sfp/u_gt/inst/gen_gtwizard_gthe4_top.gt_sfp_10g_gtwizard_gthe4_inst/gen_gtwizard_gthe4.gen_pwrgood_delay_inst[0].delay_powergood_inst/gen_powergood_delay.wait_cnt_reg[0]/C
                         clock pessimism              0.014     3.426    
                         clock uncertainty           -0.035     3.391    
    SLICE_X59Y76         FDRE (Setup_AFF2_SLICEL_C_CE)
                                                     -0.042     3.349    u_sfp/u_gt/inst/gen_gtwizard_gthe4_top.gt_sfp_10g_gtwizard_gthe4_inst/gen_gtwizard_gthe4.gen_pwrgood_delay_inst[0].delay_powergood_inst/gen_powergood_delay.wait_cnt_reg[0]
  -------------------------------------------------------------------
                         required time                          3.349    
                         arrival time                          -1.386    
  -------------------------------------------------------------------
                         slack                                  1.963    





Min Delay Paths
--------------------------------------------------------------------------------------
Slack (MET) :             0.054ns  (arrival time - required time)
  Source:                 u_sfp/u_gt/inst/gen_gtwizard_gthe4_top.gt_sfp_10g_gtwizard_gthe4_inst/gen_gtwizard_gthe4.gen_pwrgood_delay_inst[0].delay_powergood_inst/gen_powergood_delay.int_pwr_on_fsm_reg/C
                            (rising edge-triggered cell FDCE clocked by GTHE4_CHANNEL_RXOUTCLKPCS[0]  {rise@0.000ns fall@1.561ns period=3.122ns})
  Destination:            u_sfp/u_gt/inst/gen_gtwizard_gthe4_top.gt_sfp_10g_gtwizard_gthe4_inst/gen_gtwizard_gthe4.gen_pwrgood_delay_inst[0].delay_powergood_inst/gen_powergood_delay.pwr_on_fsm_reg/D
                            (rising edge-triggered cell FDRE clocked by GTHE4_CHANNEL_RXOUTCLKPCS[0]  {rise@0.000ns fall@1.561ns period=3.122ns})
  Path Group:             GTHE4_CHANNEL_RXOUTCLKPCS[0]
  Path Type:              Hold (Min at Slow Process Corner)
  Requirement:            0.000ns  (GTHE4_CHANNEL_RXOUTCLKPCS[0] rise@0.000ns - GTHE4_CHANNEL_RXOUTCLKPCS[0] rise@0.000ns)
  Data Path Delay:        0.321ns  (logic 0.072ns (22.430%)  route 0.249ns (77.570%))
  Logic Levels:           0  
  Clock Path Skew:        0.212ns (DCD - SCD - CPR)
    Destination Clock Delay (DCD):    0.473ns
    Source Clock Delay      (SCD):    0.247ns
    Clock Pessimism Removal (CPR):    0.014ns
  Clock Net Delay (Source):      0.247ns (routing 0.005ns, distribution 0.242ns)
  Clock Net Delay (Destination): 0.473ns (routing 0.008ns, distribution 0.465ns)

    Location             Delay type                Incr(ns)  Path(ns)    Netlist Resource(s)
  -------------------------------------------------------------------    -------------------
                         (clock GTHE4_CHANNEL_RXOUTCLKPCS[0] rise edge)
                                                      0.000     0.000 r  
    GTHE4_CHANNEL_X0Y4   GTHE4_CHANNEL                0.000     0.000 r  u_sfp/u_gt/inst/gen_gtwizard_gthe4_top.gt_sfp_10g_gtwizard_gthe4_inst/gen_gtwizard_gthe4.gen_channel_container[1].gen_enabled_channel.gthe4_channel_wrapper_inst/channel_inst/gthe4_channel_gen.gen_gthe4_channel_inst[0].GTHE4_CHANNEL_PRIM_INST/RXOUTCLKPCS
    X2Y1 (CLOCK_ROOT)    net (fo=15, routed)          0.247     0.247    u_sfp/u_gt/inst/gen_gtwizard_gthe4_top.gt_sfp_10g_gtwizard_gthe4_inst/gen_gtwizard_gthe4.gen_pwrgood_delay_inst[0].delay_powergood_inst/GTHE4_CHANNEL_RXOUTCLKPCS[0]
    SLICE_X60Y75         FDCE                                         r  u_sfp/u_gt/inst/gen_gtwizard_gthe4_top.gt_sfp_10g_gtwizard_gthe4_inst/gen_gtwizard_gthe4.gen_pwrgood_delay_inst[0].delay_powergood_inst/gen_powergood_delay.int_pwr_on_fsm_reg/C
  -------------------------------------------------------------------    -------------------
    SLICE_X60Y75         FDCE (Prop_AFF2_SLICEL_C_Q)
                                                      0.072     0.319 r  u_sfp/u_gt/inst/gen_gtwizard_gthe4_top.gt_sfp_10g_gtwizard_gthe4_inst/gen_gtwizard_gthe4.gen_pwrgood_delay_inst[0].delay_powergood_inst/gen_powergood_delay.int_pwr_on_fsm_reg/Q
                         net (fo=4, routed)           0.249     0.568    u_sfp/u_gt/inst/gen_gtwizard_gthe4_top.gt_sfp_10g_gtwizard_gthe4_inst/gen_gtwizard_gthe4.gen_pwrgood_delay_inst[0].delay_powergood_inst/gen_powergood_delay.int_pwr_on_fsm
    SLICE_X60Y76         FDRE                                         r  u_sfp/u_gt/inst/gen_gtwizard_gthe4_top.gt_sfp_10g_gtwizard_gthe4_inst/gen_gtwizard_gthe4.gen_pwrgood_delay_inst[0].delay_powergood_inst/gen_powergood_delay.pwr_on_fsm_reg/D
  -------------------------------------------------------------------    -------------------

                         (clock GTHE4_CHANNEL_RXOUTCLKPCS[0] rise edge)
                                                      0.000     0.000 r  
    GTHE4_CHANNEL_X0Y4   GTHE4_CHANNEL                0.000     0.000 r  u_sfp/u_gt/inst/gen_gtwizard_gthe4_top.gt_sfp_10g_gtwizard_gthe4_inst/gen_gtwizard_gthe4.gen_channel_container[1].gen_enabled_channel.gthe4_channel_wrapper_inst/channel_inst/gthe4_channel_gen.gen_gthe4_channel_inst[0].GTHE4_CHANNEL_PRIM_INST/RXOUTCLKPCS
    X2Y1 (CLOCK_ROOT)    net (fo=15, routed)          0.473     0.473    u_sfp/u_gt/inst/gen_gtwizard_gthe4_top.gt_sfp_10g_gtwizard_gthe4_inst/gen_gtwizard_gthe4.gen_pwrgood_delay_inst[0].delay_powergood_inst/GTHE4_CHANNEL_RXOUTCLKPCS[0]
    SLICE_X60Y76         FDRE                                         r  u_sfp/u_gt/inst/gen_gtwizard_gthe4_top.gt_sfp_10g_gtwizard_gthe4_inst/gen_gtwizard_gthe4.gen_pwrgood_delay_inst[0].delay_powergood_inst/gen_powergood_delay.pwr_on_fsm_reg/C
                         clock pessimism             -0.014     0.459    
    SLICE_X60Y76         FDRE (Hold_AFF2_SLICEL_C_D)
                                                      0.055     0.514    u_sfp/u_gt/inst/gen_gtwizard_gthe4_top.gt_sfp_10g_gtwizard_gthe4_inst/gen_gtwizard_gthe4.gen_pwrgood_delay_inst[0].delay_powergood_inst/gen_powergood_delay.pwr_on_fsm_reg
  -------------------------------------------------------------------
                         required time                         -0.514    
                         arrival time                           0.568    
  -------------------------------------------------------------------
                         slack                                  0.054    





Pulse Width Checks
--------------------------------------------------------------------------------------
Clock Name:         GTHE4_CHANNEL_RXOUTCLKPCS[0]
Waveform(ns):       { 0.000 1.561 }
Period(ns):         3.122
Sources:            { u_sfp/u_gt/inst/gen_gtwizard_gthe4_top.gt_sfp_10g_gtwizard_gthe4_inst/gen_gtwizard_gthe4.gen_channel_container[1].gen_enabled_channel.gthe4_channel_wrapper_inst/channel_inst/gthe4_channel_gen.gen_gthe4_channel_inst[0].GTHE4_CHANNEL_PRIM_INST/RXOUTCLKPCS }

Check Type        Corner  Lib Pin  Reference Pin  Required(ns)  Actual(ns)  Slack(ns)  Location      Pin
Min Period        n/a     FDCE/C   n/a            0.550         3.122       2.572      SLICE_X60Y75  u_sfp/u_gt/inst/gen_gtwizard_gthe4_top.gt_sfp_10g_gtwizard_gthe4_inst/gen_gtwizard_gthe4.gen_pwrgood_delay_inst[0].delay_powergood_inst/gen_powergood_delay.int_pwr_on_fsm_reg/C
Low Pulse Width   Slow    FDCE/C   n/a            0.275         1.561       1.286      SLICE_X59Y75  u_sfp/u_gt/inst/gen_gtwizard_gthe4_top.gt_sfp_10g_gtwizard_gthe4_inst/gen_gtwizard_gthe4.gen_pwrgood_delay_inst[0].delay_powergood_inst/gen_powergood_delay.intclk_rrst_n_r_reg[0]/C
High Pulse Width  Slow    FDCE/C   n/a            0.275         1.561       1.286      SLICE_X59Y75  u_sfp/u_gt/inst/gen_gtwizard_gthe4_top.gt_sfp_10g_gtwizard_gthe4_inst/gen_gtwizard_gthe4.gen_pwrgood_delay_inst[0].delay_powergood_inst/gen_powergood_delay.intclk_rrst_n_r_reg[0]/C



---------------------------------------------------------------------------------------------------
From Clock:  GTHE4_CHANNEL_RXOUTCLKPCS[1]
  To Clock:  GTHE4_CHANNEL_RXOUTCLKPCS[1]

Setup :            0  Failing Endpoints,  Worst Slack        2.089ns,  Total Violation        0.000ns
Hold  :            0  Failing Endpoints,  Worst Slack        0.023ns,  Total Violation        0.000ns
PW    :            0  Failing Endpoints,  Worst Slack        1.286ns,  Total Violation        0.000ns
---------------------------------------------------------------------------------------------------


Max Delay Paths
--------------------------------------------------------------------------------------
Slack (MET) :             2.089ns  (required time - arrival time)
  Source:                 u_sfp/u_gt/inst/gen_gtwizard_gthe4_top.gt_sfp_10g_gtwizard_gthe4_inst/gen_gtwizard_gthe4.gen_pwrgood_delay_inst[1].delay_powergood_inst/gen_powergood_delay.int_pwr_on_fsm_reg/C
                            (rising edge-triggered cell FDCE clocked by GTHE4_CHANNEL_RXOUTCLKPCS[1]  {rise@0.000ns fall@1.561ns period=3.122ns})
  Destination:            u_sfp/u_gt/inst/gen_gtwizard_gthe4_top.gt_sfp_10g_gtwizard_gthe4_inst/gen_gtwizard_gthe4.gen_pwrgood_delay_inst[1].delay_powergood_inst/gen_powergood_delay.wait_cnt_reg[0]/CE
                            (rising edge-triggered cell FDRE clocked by GTHE4_CHANNEL_RXOUTCLKPCS[1]  {rise@0.000ns fall@1.561ns period=3.122ns})
  Path Group:             GTHE4_CHANNEL_RXOUTCLKPCS[1]
  Path Type:              Setup (Max at Slow Process Corner)
  Requirement:            3.122ns  (GTHE4_CHANNEL_RXOUTCLKPCS[1] rise@3.122ns - GTHE4_CHANNEL_RXOUTCLKPCS[1] rise@0.000ns)
  Data Path Delay:        0.806ns  (logic 0.234ns (29.032%)  route 0.572ns (70.968%))
  Logic Levels:           1  (LUT2=1)
  Clock Path Skew:        -0.150ns (DCD - SCD + CPR)
    Destination Clock Delay (DCD):    0.225ns = ( 3.347 - 3.122 ) 
    Source Clock Delay      (SCD):    0.389ns
    Clock Pessimism Removal (CPR):    0.014ns
  Clock Uncertainty:      0.035ns  ((TSJ^2 + TIJ^2)^1/2 + DJ) / 2 + PE
    Total System Jitter     (TSJ):    0.071ns
    Total Input Jitter      (TIJ):    0.000ns
    Discrete Jitter          (DJ):    0.000ns
    Phase Error              (PE):    0.000ns
  Clock Net Delay (Source):      0.389ns (routing 0.008ns, distribution 0.381ns)
  Clock Net Delay (Destination): 0.225ns (routing 0.005ns, distribution 0.220ns)

    Location             Delay type                Incr(ns)  Path(ns)    Netlist Resource(s)
  -------------------------------------------------------------------    -------------------
                         (clock GTHE4_CHANNEL_RXOUTCLKPCS[1] rise edge)
                                                      0.000     0.000 r  
    GTHE4_CHANNEL_X0Y5   GTHE4_CHANNEL                0.000     0.000 r  u_sfp/u_gt/inst/gen_gtwizard_gthe4_top.gt_sfp_10g_gtwizard_gthe4_inst/gen_gtwizard_gthe4.gen_channel_container[1].gen_enabled_channel.gthe4_channel_wrapper_inst/channel_inst/gthe4_channel_gen.gen_gthe4_channel_inst[1].GTHE4_CHANNEL_PRIM_INST/RXOUTCLKPCS
    X2Y1 (CLOCK_ROOT)    net (fo=15, routed)          0.389     0.389    u_sfp/u_gt/inst/gen_gtwizard_gthe4_top.gt_sfp_10g_gtwizard_gthe4_inst/gen_gtwizard_gthe4.gen_pwrgood_delay_inst[1].delay_powergood_inst/GTHE4_CHANNEL_RXOUTCLKPCS[0]
    SLICE_X60Y79         FDCE                                         r  u_sfp/u_gt/inst/gen_gtwizard_gthe4_top.gt_sfp_10g_gtwizard_gthe4_inst/gen_gtwizard_gthe4.gen_pwrgood_delay_inst[1].delay_powergood_inst/gen_powergood_delay.int_pwr_on_fsm_reg/C
  -------------------------------------------------------------------    -------------------
    SLICE_X60Y79         FDCE (Prop_AFF2_SLICEL_C_Q)
                                                      0.099     0.488 f  u_sfp/u_gt/inst/gen_gtwizard_gthe4_top.gt_sfp_10g_gtwizard_gthe4_inst/gen_gtwizard_gthe4.gen_pwrgood_delay_inst[1].delay_powergood_inst/gen_powergood_delay.int_pwr_on_fsm_reg/Q
                         net (fo=4, routed)           0.167     0.655    u_sfp/u_gt/inst/gen_gtwizard_gthe4_top.gt_sfp_10g_gtwizard_gthe4_inst/gen_gtwizard_gthe4.gen_pwrgood_delay_inst[1].delay_powergood_inst/gen_powergood_delay.int_pwr_on_fsm
    SLICE_X60Y79         LUT2 (Prop_C5LUT_SLICEL_I1_O)
                                                      0.135     0.790 r  u_sfp/u_gt/inst/gen_gtwizard_gthe4_top.gt_sfp_10g_gtwizard_gthe4_inst/gen_gtwizard_gthe4.gen_pwrgood_delay_inst[1].delay_powergood_inst/gen_powergood_delay.wait_cnt[0]_i_1__0/O
                         net (fo=1, routed)           0.405     1.195    u_sfp/u_gt/inst/gen_gtwizard_gthe4_top.gt_sfp_10g_gtwizard_gthe4_inst/gen_gtwizard_gthe4.gen_pwrgood_delay_inst[1].delay_powergood_inst/gen_powergood_delay.wait_cnt[0]_i_1__0_n_0
    SLICE_X60Y82         FDRE                                         r  u_sfp/u_gt/inst/gen_gtwizard_gthe4_top.gt_sfp_10g_gtwizard_gthe4_inst/gen_gtwizard_gthe4.gen_pwrgood_delay_inst[1].delay_powergood_inst/gen_powergood_delay.wait_cnt_reg[0]/CE
  -------------------------------------------------------------------    -------------------

                         (clock GTHE4_CHANNEL_RXOUTCLKPCS[1] rise edge)
                                                      3.122     3.122 r  
    GTHE4_CHANNEL_X0Y5   GTHE4_CHANNEL                0.000     3.122 r  u_sfp/u_gt/inst/gen_gtwizard_gthe4_top.gt_sfp_10g_gtwizard_gthe4_inst/gen_gtwizard_gthe4.gen_channel_container[1].gen_enabled_channel.gthe4_channel_wrapper_inst/channel_inst/gthe4_channel_gen.gen_gthe4_channel_inst[1].GTHE4_CHANNEL_PRIM_INST/RXOUTCLKPCS
    X2Y1 (CLOCK_ROOT)    net (fo=15, routed)          0.225     3.347    u_sfp/u_gt/inst/gen_gtwizard_gthe4_top.gt_sfp_10g_gtwizard_gthe4_inst/gen_gtwizard_gthe4.gen_pwrgood_delay_inst[1].delay_powergood_inst/GTHE4_CHANNEL_RXOUTCLKPCS[0]
    SLICE_X60Y82         FDRE                                         r  u_sfp/u_gt/inst/gen_gtwizard_gthe4_top.gt_sfp_10g_gtwizard_gthe4_inst/gen_gtwizard_gthe4.gen_pwrgood_delay_inst[1].delay_powergood_inst/gen_powergood_delay.wait_cnt_reg[0]/C
                         clock pessimism              0.014     3.361    
                         clock uncertainty           -0.035     3.326    
    SLICE_X60Y82         FDRE (Setup_AFF2_SLICEL_C_CE)
                                                     -0.042     3.284    u_sfp/u_gt/inst/gen_gtwizard_gthe4_top.gt_sfp_10g_gtwizard_gthe4_inst/gen_gtwizard_gthe4.gen_pwrgood_delay_inst[1].delay_powergood_inst/gen_powergood_delay.wait_cnt_reg[0]
  -------------------------------------------------------------------
                         required time                          3.284    
                         arrival time                          -1.195    
  -------------------------------------------------------------------
                         slack                                  2.089    





Min Delay Paths
--------------------------------------------------------------------------------------
Slack (MET) :             0.023ns  (arrival time - required time)
  Source:                 u_sfp/u_gt/inst/gen_gtwizard_gthe4_top.gt_sfp_10g_gtwizard_gthe4_inst/gen_gtwizard_gthe4.gen_pwrgood_delay_inst[1].delay_powergood_inst/gen_powergood_delay.int_pwr_on_fsm_reg/C
                            (rising edge-triggered cell FDCE clocked by GTHE4_CHANNEL_RXOUTCLKPCS[1]  {rise@0.000ns fall@1.561ns period=3.122ns})
  Destination:            u_sfp/u_gt/inst/gen_gtwizard_gthe4_top.gt_sfp_10g_gtwizard_gthe4_inst/gen_gtwizard_gthe4.gen_pwrgood_delay_inst[1].delay_powergood_inst/gen_powergood_delay.pwr_on_fsm_reg/D
                            (rising edge-triggered cell FDRE clocked by GTHE4_CHANNEL_RXOUTCLKPCS[1]  {rise@0.000ns fall@1.561ns period=3.122ns})
  Path Group:             GTHE4_CHANNEL_RXOUTCLKPCS[1]
  Path Type:              Hold (Min at Slow Process Corner)
  Requirement:            0.000ns  (GTHE4_CHANNEL_RXOUTCLKPCS[1] rise@0.000ns - GTHE4_CHANNEL_RXOUTCLKPCS[1] rise@0.000ns)
  Data Path Delay:        0.174ns  (logic 0.072ns (41.379%)  route 0.102ns (58.621%))
  Logic Levels:           0  
  Clock Path Skew:        0.096ns (DCD - SCD - CPR)
    Destination Clock Delay (DCD):    0.383ns
    Source Clock Delay      (SCD):    0.225ns
    Clock Pessimism Removal (CPR):    0.062ns
  Clock Net Delay (Source):      0.225ns (routing 0.005ns, distribution 0.220ns)
  Clock Net Delay (Destination): 0.383ns (routing 0.008ns, distribution 0.375ns)

    Location             Delay type                Incr(ns)  Path(ns)    Netlist Resource(s)
  -------------------------------------------------------------------    -------------------
                         (clock GTHE4_CHANNEL_RXOUTCLKPCS[1] rise edge)
                                                      0.000     0.000 r  
    GTHE4_CHANNEL_X0Y5   GTHE4_CHANNEL                0.000     0.000 r  u_sfp/u_gt/inst/gen_gtwizard_gthe4_top.gt_sfp_10g_gtwizard_gthe4_inst/gen_gtwizard_gthe4.gen_channel_container[1].gen_enabled_channel.gthe4_channel_wrapper_inst/channel_inst/gthe4_channel_gen.gen_gthe4_channel_inst[1].GTHE4_CHANNEL_PRIM_INST/RXOUTCLKPCS
    X2Y1 (CLOCK_ROOT)    net (fo=15, routed)          0.225     0.225    u_sfp/u_gt/inst/gen_gtwizard_gthe4_top.gt_sfp_10g_gtwizard_gthe4_inst/gen_gtwizard_gthe4.gen_pwrgood_delay_inst[1].delay_powergood_inst/GTHE4_CHANNEL_RXOUTCLKPCS[0]
    SLICE_X60Y79         FDCE                                         r  u_sfp/u_gt/inst/gen_gtwizard_gthe4_top.gt_sfp_10g_gtwizard_gthe4_inst/gen_gtwizard_gthe4.gen_pwrgood_delay_inst[1].delay_powergood_inst/gen_powergood_delay.int_pwr_on_fsm_reg/C
  -------------------------------------------------------------------    -------------------
    SLICE_X60Y79         FDCE (Prop_AFF2_SLICEL_C_Q)
                                                      0.072     0.297 r  u_sfp/u_gt/inst/gen_gtwizard_gthe4_top.gt_sfp_10g_gtwizard_gthe4_inst/gen_gtwizard_gthe4.gen_pwrgood_delay_inst[1].delay_powergood_inst/gen_powergood_delay.int_pwr_on_fsm_reg/Q
                         net (fo=4, routed)           0.102     0.399    u_sfp/u_gt/inst/gen_gtwizard_gthe4_top.gt_sfp_10g_gtwizard_gthe4_inst/gen_gtwizard_gthe4.gen_pwrgood_delay_inst[1].delay_powergood_inst/gen_powergood_delay.int_pwr_on_fsm
    SLICE_X60Y80         FDRE                                         r  u_sfp/u_gt/inst/gen_gtwizard_gthe4_top.gt_sfp_10g_gtwizard_gthe4_inst/gen_gtwizard_gthe4.gen_pwrgood_delay_inst[1].delay_powergood_inst/gen_powergood_delay.pwr_on_fsm_reg/D
  -------------------------------------------------------------------    -------------------

                         (clock GTHE4_CHANNEL_RXOUTCLKPCS[1] rise edge)
                                                      0.000     0.000 r  
    GTHE4_CHANNEL_X0Y5   GTHE4_CHANNEL                0.000     0.000 r  u_sfp/u_gt/inst/gen_gtwizard_gthe4_top.gt_sfp_10g_gtwizard_gthe4_inst/gen_gtwizard_gthe4.gen_channel_container[1].gen_enabled_channel.gthe4_channel_wrapper_inst/channel_inst/gthe4_channel_gen.gen_gthe4_channel_inst[1].GTHE4_CHANNEL_PRIM_INST/RXOUTCLKPCS
    X2Y1 (CLOCK_ROOT)    net (fo=15, routed)          0.383     0.383    u_sfp/u_gt/inst/gen_gtwizard_gthe4_top.gt_sfp_10g_gtwizard_gthe4_inst/gen_gtwizard_gthe4.gen_pwrgood_delay_inst[1].delay_powergood_inst/GTHE4_CHANNEL_RXOUTCLKPCS[0]
    SLICE_X60Y80         FDRE                                         r  u_sfp/u_gt/inst/gen_gtwizard_gthe4_top.gt_sfp_10g_gtwizard_gthe4_inst/gen_gtwizard_gthe4.gen_pwrgood_delay_inst[1].delay_powergood_inst/gen_powergood_delay.pwr_on_fsm_reg/C
                         clock pessimism             -0.062     0.321    
    SLICE_X60Y80         FDRE (Hold_AFF2_SLICEL_C_D)
                                                      0.055     0.376    u_sfp/u_gt/inst/gen_gtwizard_gthe4_top.gt_sfp_10g_gtwizard_gthe4_inst/gen_gtwizard_gthe4.gen_pwrgood_delay_inst[1].delay_powergood_inst/gen_powergood_delay.pwr_on_fsm_reg
  -------------------------------------------------------------------
                         required time                         -0.376    
                         arrival time                           0.399    
  -------------------------------------------------------------------
                         slack                                  0.023    





Pulse Width Checks
--------------------------------------------------------------------------------------
Clock Name:         GTHE4_CHANNEL_RXOUTCLKPCS[1]
Waveform(ns):       { 0.000 1.561 }
Period(ns):         3.122
Sources:            { u_sfp/u_gt/inst/gen_gtwizard_gthe4_top.gt_sfp_10g_gtwizard_gthe4_inst/gen_gtwizard_gthe4.gen_channel_container[1].gen_enabled_channel.gthe4_channel_wrapper_inst/channel_inst/gthe4_channel_gen.gen_gthe4_channel_inst[1].GTHE4_CHANNEL_PRIM_INST/RXOUTCLKPCS }

Check Type        Corner  Lib Pin  Reference Pin  Required(ns)  Actual(ns)  Slack(ns)  Location      Pin
Min Period        n/a     FDCE/C   n/a            0.550         3.122       2.572      SLICE_X60Y79  u_sfp/u_gt/inst/gen_gtwizard_gthe4_top.gt_sfp_10g_gtwizard_gthe4_inst/gen_gtwizard_gthe4.gen_pwrgood_delay_inst[1].delay_powergood_inst/gen_powergood_delay.int_pwr_on_fsm_reg/C
Low Pulse Width   Fast    FDCE/C   n/a            0.275         1.561       1.286      SLICE_X60Y81  u_sfp/u_gt/inst/gen_gtwizard_gthe4_top.gt_sfp_10g_gtwizard_gthe4_inst/gen_gtwizard_gthe4.gen_pwrgood_delay_inst[1].delay_powergood_inst/gen_powergood_delay.intclk_rrst_n_r_reg[0]/C
High Pulse Width  Fast    FDRE/C   n/a            0.275         1.561       1.286      SLICE_X60Y82  u_sfp/u_gt/inst/gen_gtwizard_gthe4_top.gt_sfp_10g_gtwizard_gthe4_inst/gen_gtwizard_gthe4.gen_pwrgood_delay_inst[1].delay_powergood_inst/gen_powergood_delay.wait_cnt_reg[0]/C



---------------------------------------------------------------------------------------------------
From Clock:  rxoutclk_out[0]
  To Clock:  rxoutclk_out[0]

Setup :           NA  Failing Endpoints,  Worst Slack           NA  ,  Total Violation           NA
Hold  :           NA  Failing Endpoints,  Worst Slack           NA  ,  Total Violation           NA
PW    :            0  Failing Endpoints,  Worst Slack        0.475ns,  Total Violation        0.000ns
---------------------------------------------------------------------------------------------------


Pulse Width Checks
--------------------------------------------------------------------------------------
Clock Name:         rxoutclk_out[0]
Waveform(ns):       { 0.000 1.561 }
Period(ns):         3.122
Sources:            { u_sfp/u_gt/inst/gen_gtwizard_gthe4_top.gt_sfp_10g_gtwizard_gthe4_inst/gen_gtwizard_gthe4.gen_channel_container[1].gen_enabled_channel.gthe4_channel_wrapper_inst/channel_inst/gthe4_channel_gen.gen_gthe4_channel_inst[0].GTHE4_CHANNEL_PRIM_INST/RXOUTCLK }

Check Type  Corner  Lib Pin                 Reference Pin            Required(ns)  Actual(ns)  Slack(ns)  Location            Pin
Min Period  n/a     BUFG_GT/I               n/a                      1.499         3.122       1.623      BUFG_GT_X0Y40       u_sfp/u_gt/inst/gen_gtwizard_gthe4_top.gt_sfp_10g_gtwizard_gthe4_inst/gen_gtwizard_gthe4.gen_rx_user_clocking_internal.gen_single_instance.gtwiz_userclk_rx_inst/gen_gtwiz_userclk_rx_main.bufg_gt_usrclk2_inst/I
Max Skew    Fast    GTHE4_CHANNEL/RXUSRCLK  GTHE4_CHANNEL/RXUSRCLK2  0.603         0.128       0.475      GTHE4_CHANNEL_X0Y4  u_sfp/u_gt/inst/gen_gtwizard_gthe4_top.gt_sfp_10g_gtwizard_gthe4_inst/gen_gtwizard_gthe4.gen_channel_container[1].gen_enabled_channel.gthe4_channel_wrapper_inst/channel_inst/gthe4_channel_gen.gen_gthe4_channel_inst[0].GTHE4_CHANNEL_PRIM_INST/RXUSRCLK



---------------------------------------------------------------------------------------------------
From Clock:  rx_clk_gt
  To Clock:  rx_clk_gt

Setup :            0  Failing Endpoints,  Worst Slack        2.338ns,  Total Violation        0.000ns
Hold  :            0  Failing Endpoints,  Worst Slack        0.010ns,  Total Violation        0.000ns
PW    :            0  Failing Endpoints,  Worst Slack        0.629ns,  Total Violation        0.000ns
---------------------------------------------------------------------------------------------------


Max Delay Paths
--------------------------------------------------------------------------------------
Slack (MET) :             2.338ns  (required time - arrival time)
  Source:                 u_sfp/g_mac[0].u_mac/eth_mac_phy_10g_rx_inst/axis_baser_rx_inst/crc_state_reg[5]/C
                            (rising edge-triggered cell FDSE clocked by rx_clk_gt  {rise@0.000ns fall@3.122ns period=6.244ns})
  Destination:            u_sfp/g_mac[0].u_mac/eth_mac_phy_10g_rx_inst/axis_baser_rx_inst/error_bad_fcs_reg_reg/D
                            (rising edge-triggered cell FDRE clocked by rx_clk_gt  {rise@0.000ns fall@3.122ns period=6.244ns})
  Path Group:             rx_clk_gt
  Path Type:              Setup (Max at Slow Process Corner)
  Requirement:            6.244ns  (rx_clk_gt rise@6.244ns - rx_clk_gt rise@0.000ns)
  Data Path Delay:        3.769ns  (logic 0.799ns (21.199%)  route 2.970ns (78.801%))
  Logic Levels:           6  (LUT4=1 LUT5=1 LUT6=4)
  Clock Path Skew:        -0.117ns (DCD - SCD + CPR)
    Destination Clock Delay (DCD):    4.026ns = ( 10.270 - 6.244 ) 
    Source Clock Delay      (SCD):    4.510ns
    Clock Pessimism Removal (CPR):    0.367ns
  Clock Uncertainty:      0.046ns  ((TSJ^2 + DJ^2)^1/2) / 2 + PE
    Total System Jitter     (TSJ):    0.071ns
    Discrete Jitter          (DJ):    0.060ns
    Phase Error              (PE):    0.000ns
  Clock Net Delay (Source):      2.482ns (routing 1.543ns, distribution 0.939ns)
  Clock Net Delay (Destination): 2.188ns (routing 1.405ns, distribution 0.783ns)

    Location             Delay type                Incr(ns)  Path(ns)    Netlist Resource(s)
  -------------------------------------------------------------------    -------------------
                         (clock rx_clk_gt rise edge)
                                                      0.000     0.000 r  
    GTHE4_CHANNEL_X0Y4   GTHE4_CHANNEL                0.000     0.000 r  u_sfp/u_gt/inst/gen_gtwizard_gthe4_top.gt_sfp_10g_gtwizard_gthe4_inst/gen_gtwizard_gthe4.gen_channel_container[1].gen_enabled_channel.gthe4_channel_wrapper_inst/channel_inst/gthe4_channel_gen.gen_gthe4_channel_inst[0].GTHE4_CHANNEL_PRIM_INST/RXOUTCLK
                         net (fo=3, routed)           0.117     0.117    u_sfp/u_gt/inst/gen_gtwizard_gthe4_top.gt_sfp_10g_gtwizard_gthe4_inst/gen_gtwizard_gthe4.gen_rx_user_clocking_internal.gen_single_instance.gtwiz_userclk_rx_inst/rxoutclk_out[0]
    BUFG_GT_X0Y40        BUFG_GT (Prop_BUFG_GT_I_O)
                                                      0.139     0.256 r  u_sfp/u_gt/inst/gen_gtwizard_gthe4_top.gt_sfp_10g_gtwizard_gthe4_inst/gen_gtwizard_gthe4.gen_rx_user_clocking_internal.gen_single_instance.gtwiz_userclk_rx_inst/gen_gtwiz_userclk_rx_main.bufg_gt_usrclk2_inst/O
                         net (fo=145, routed)         1.744     2.000    u_sfp/rx_clk_gt
    BUFGCE_X0Y92         BUFGCE (Prop_BUFCE_BUFGCE_I_O)
                                                      0.028     2.028 r  u_sfp/u_rx_mac_clk0/O
    X2Y0 (CLOCK_ROOT)    net (fo=475, routed)         2.482     4.510    u_sfp/g_mac[0].u_mac/eth_mac_phy_10g_rx_inst/axis_baser_rx_inst/rx_clk0
    SLICE_X48Y54         FDSE                                         r  u_sfp/g_mac[0].u_mac/eth_mac_phy_10g_rx_inst/axis_baser_rx_inst/crc_state_reg[5]/C
  -------------------------------------------------------------------    -------------------
    SLICE_X48Y54         FDSE (Prop_FFF_SLICEL_C_Q)
                                                      0.096     4.606 r  u_sfp/g_mac[0].u_mac/eth_mac_phy_10g_rx_inst/axis_baser_rx_inst/crc_state_reg[5]/Q
                         net (fo=4, routed)           0.612     5.218    u_sfp/g_mac[0].u_mac/eth_mac_phy_10g_rx_inst/axis_baser_rx_inst/eth_crc/crc_state_reg[15][5]
    SLICE_X52Y53         LUT4 (Prop_H5LUT_SLICEL_I2_O)
                                                      0.118     5.336 r  u_sfp/g_mac[0].u_mac/eth_mac_phy_10g_rx_inst/axis_baser_rx_inst/eth_crc/crc_state[31]_i_10/O
                         net (fo=9, routed)           0.703     6.039    u_sfp/g_mac[0].u_mac/eth_mac_phy_10g_rx_inst/axis_baser_rx_inst/eth_crc/crc_state[31]_i_10_n_0
    SLICE_X48Y54         LUT6 (Prop_C6LUT_SLICEL_I4_O)
                                                      0.113     6.152 r  u_sfp/g_mac[0].u_mac/eth_mac_phy_10g_rx_inst/axis_baser_rx_inst/eth_crc/crc_state[21]_i_3/O
                         net (fo=1, routed)           0.523     6.675    u_sfp/g_mac[0].u_mac/eth_mac_phy_10g_rx_inst/axis_baser_rx_inst/eth_crc/crc_state[21]_i_3_n_0
    SLICE_X49Y55         LUT5 (Prop_E6LUT_SLICEL_I1_O)
                                                      0.064     6.739 f  u_sfp/g_mac[0].u_mac/eth_mac_phy_10g_rx_inst/axis_baser_rx_inst/eth_crc/crc_state[21]_i_1/O
                         net (fo=7, routed)           0.552     7.291    u_sfp/g_mac[0].u_mac/eth_mac_phy_10g_rx_inst/axis_baser_rx_inst/crc_next[21]
    SLICE_X48Y55         LUT6 (Prop_G6LUT_SLICEL_I1_O)
                                                      0.178     7.469 r  u_sfp/g_mac[0].u_mac/eth_mac_phy_10g_rx_inst/axis_baser_rx_inst/error_bad_frame_reg_i_14/O
                         net (fo=1, routed)           0.053     7.522    u_sfp/g_mac[0].u_mac/eth_mac_phy_10g_rx_inst/axis_baser_rx_inst/error_bad_frame_reg_i_14_n_0
    SLICE_X48Y55         LUT6 (Prop_F6LUT_SLICEL_I4_O)
                                                      0.114     7.636 r  u_sfp/g_mac[0].u_mac/eth_mac_phy_10g_rx_inst/axis_baser_rx_inst/error_bad_frame_reg_i_5/O
                         net (fo=2, routed)           0.469     8.105    u_sfp/g_mac[0].u_mac/eth_mac_phy_10g_rx_inst/axis_baser_rx_inst/error_bad_frame_reg_i_5_n_0
    SLICE_X49Y58         LUT6 (Prop_D6LUT_SLICEL_I2_O)
                                                      0.116     8.221 r  u_sfp/g_mac[0].u_mac/eth_mac_phy_10g_rx_inst/axis_baser_rx_inst/error_bad_fcs_reg_i_1/O
                         net (fo=1, routed)           0.058     8.279    u_sfp/g_mac[0].u_mac/eth_mac_phy_10g_rx_inst/axis_baser_rx_inst/error_bad_fcs_next
    SLICE_X49Y58         FDRE                                         r  u_sfp/g_mac[0].u_mac/eth_mac_phy_10g_rx_inst/axis_baser_rx_inst/error_bad_fcs_reg_reg/D
  -------------------------------------------------------------------    -------------------

                         (clock rx_clk_gt rise edge)
                                                      6.244     6.244 r  
    GTHE4_CHANNEL_X0Y4   GTHE4_CHANNEL                0.000     6.244 r  u_sfp/u_gt/inst/gen_gtwizard_gthe4_top.gt_sfp_10g_gtwizard_gthe4_inst/gen_gtwizard_gthe4.gen_channel_container[1].gen_enabled_channel.gthe4_channel_wrapper_inst/channel_inst/gthe4_channel_gen.gen_gthe4_channel_inst[0].GTHE4_CHANNEL_PRIM_INST/RXOUTCLK
                         net (fo=3, routed)           0.103     6.347    u_sfp/u_gt/inst/gen_gtwizard_gthe4_top.gt_sfp_10g_gtwizard_gthe4_inst/gen_gtwizard_gthe4.gen_rx_user_clocking_internal.gen_single_instance.gtwiz_userclk_rx_inst/rxoutclk_out[0]
    BUFG_GT_X0Y40        BUFG_GT (Prop_BUFG_GT_I_O)
                                                      0.122     6.469 r  u_sfp/u_gt/inst/gen_gtwizard_gthe4_top.gt_sfp_10g_gtwizard_gthe4_inst/gen_gtwizard_gthe4.gen_rx_user_clocking_internal.gen_single_instance.gtwiz_userclk_rx_inst/gen_gtwiz_userclk_rx_main.bufg_gt_usrclk2_inst/O
                         net (fo=145, routed)         1.589     8.058    u_sfp/rx_clk_gt
    BUFGCE_X0Y92         BUFGCE (Prop_BUFCE_BUFGCE_I_O)
                                                      0.024     8.082 r  u_sfp/u_rx_mac_clk0/O
    X2Y0 (CLOCK_ROOT)    net (fo=475, routed)         2.188    10.270    u_sfp/g_mac[0].u_mac/eth_mac_phy_10g_rx_inst/axis_baser_rx_inst/rx_clk0
    SLICE_X49Y58         FDRE                                         r  u_sfp/g_mac[0].u_mac/eth_mac_phy_10g_rx_inst/axis_baser_rx_inst/error_bad_fcs_reg_reg/C
                         clock pessimism              0.367    10.637    
                         clock uncertainty           -0.046    10.590    
    SLICE_X49Y58         FDRE (Setup_DFF_SLICEL_C_D)
                                                      0.027    10.617    u_sfp/g_mac[0].u_mac/eth_mac_phy_10g_rx_inst/axis_baser_rx_inst/error_bad_fcs_reg_reg
  -------------------------------------------------------------------
                         required time                         10.617    
                         arrival time                          -8.279    
  -------------------------------------------------------------------
                         slack                                  2.338    





Min Delay Paths
--------------------------------------------------------------------------------------
Slack (MET) :             0.010ns  (arrival time - required time)
  Source:                 u_sfp/rx_data_q_reg[72]/C
                            (rising edge-triggered cell FDRE clocked by rx_clk_gt  {rise@0.000ns fall@3.122ns period=6.244ns})
  Destination:            u_sfp/g_mac[1].u_mac/eth_mac_phy_10g_rx_inst/eth_phy_10g_rx_if_inst/(null)[0].serdes_rx_data_pipe_reg_reg[0][8]/D
                            (null)[0].serdes_rx_data_pipe_reg_reg[0][8]
          (rising edge-triggered cell FDRE clocked by rx_clk_gt  {rise@0.000ns fall@3.122ns period=6.244ns})
  Path Group:             rx_clk_gt
  Path Type:              Hold (Min at Slow Process Corner)
  Requirement:            0.000ns  (rx_clk_gt rise@0.000ns - rx_clk_gt rise@0.000ns)
  Data Path Delay:        0.894ns  (logic 0.072ns (8.054%)  route 0.822ns (91.946%))
  Logic Levels:           0  
  Clock Path Skew:        0.831ns (DCD - SCD - CPR)
    Destination Clock Delay (DCD):    2.594ns
    Source Clock Delay      (SCD):    1.710ns
    Clock Pessimism Removal (CPR):    0.053ns
  Clock Net Delay (Source):      1.485ns (routing 0.409ns, distribution 1.076ns)
  Clock Net Delay (Destination): 1.476ns (routing 0.534ns, distribution 0.942ns)

    Location             Delay type                Incr(ns)  Path(ns)    Netlist Resource(s)
  -------------------------------------------------------------------    -------------------
                         (clock rx_clk_gt rise edge)
                                                      0.000     0.000 r  
    GTHE4_CHANNEL_X0Y4   GTHE4_CHANNEL                0.000     0.000 r  u_sfp/u_gt/inst/gen_gtwizard_gthe4_top.gt_sfp_10g_gtwizard_gthe4_inst/gen_gtwizard_gthe4.gen_channel_container[1].gen_enabled_channel.gthe4_channel_wrapper_inst/channel_inst/gthe4_channel_gen.gen_gthe4_channel_inst[0].GTHE4_CHANNEL_PRIM_INST/RXOUTCLK
                         net (fo=3, routed)           0.103     0.103    u_sfp/u_gt/inst/gen_gtwizard_gthe4_top.gt_sfp_10g_gtwizard_gthe4_inst/gen_gtwizard_gthe4.gen_rx_user_clocking_internal.gen_single_instance.gtwiz_userclk_rx_inst/rxoutclk_out[0]
    BUFG_GT_X0Y40        BUFG_GT (Prop_BUFG_GT_I_O)
                                                      0.122     0.225 r  u_sfp/u_gt/inst/gen_gtwizard_gthe4_top.gt_sfp_10g_gtwizard_gthe4_inst/gen_gtwizard_gthe4.gen_rx_user_clocking_internal.gen_single_instance.gtwiz_userclk_rx_inst/gen_gtwiz_userclk_rx_main.bufg_gt_usrclk2_inst/O
    X1Y1 (CLOCK_ROOT)    net (fo=145, routed)         1.485     1.710    u_sfp/rx_clk_gt
    SLICE_X56Y81         FDRE                                         r  u_sfp/rx_data_q_reg[72]/C
  -------------------------------------------------------------------    -------------------
    SLICE_X56Y81         FDRE (Prop_EFF2_SLICEL_C_Q)
                                                      0.072     1.782 r  u_sfp/rx_data_q_reg[72]/Q
                         net (fo=1, routed)           0.822     2.604    u_sfp/g_mac[1].u_mac/eth_mac_phy_10g_rx_inst/eth_phy_10g_rx_if_inst/(null)[0].serdes_rx_data_pipe_reg_reg[0][63]_0[8]
    SLICE_X56Y81         FDRE                                         r  u_sfp/g_mac[1].u_mac/eth_mac_phy_10g_rx_inst/eth_phy_10g_rx_if_inst/(null)[0].serdes_rx_data_pipe_reg_reg[0][8]/D
  -------------------------------------------------------------------    -------------------

                         (clock rx_clk_gt rise edge)
                                                      0.000     0.000 r  
    GTHE4_CHANNEL_X0Y4   GTHE4_CHANNEL                0.000     0.000 r  u_sfp/u_gt/inst/gen_gtwizard_gthe4_top.gt_sfp_10g_gtwizard_gthe4_inst/gen_gtwizard_gthe4.gen_channel_container[1].gen_enabled_channel.gthe4_channel_wrapper_inst/channel_inst/gthe4_channel_gen.gen_gthe4_channel_inst[0].GTHE4_CHANNEL_PRIM_INST/RXOUTCLK
                         net (fo=3, routed)           0.117     0.117    u_sfp/u_gt/inst/gen_gtwizard_gthe4_top.gt_sfp_10g_gtwizard_gthe4_inst/gen_gtwizard_gthe4.gen_rx_user_clocking_internal.gen_single_instance.gtwiz_userclk_rx_inst/rxoutclk_out[0]
    BUFG_GT_X0Y40        BUFG_GT (Prop_BUFG_GT_I_O)
                                                      0.139     0.256 r  u_sfp/u_gt/inst/gen_gtwizard_gthe4_top.gt_sfp_10g_gtwizard_gthe4_inst/gen_gtwizard_gthe4.gen_rx_user_clocking_internal.gen_single_instance.gtwiz_userclk_rx_inst/gen_gtwiz_userclk_rx_main.bufg_gt_usrclk2_inst/O
                         net (fo=145, routed)         0.834     1.090    u_sfp/rx_clk_gt
    BUFGCE_X0Y24         BUFGCE (Prop_BUFCE_BUFGCE_I_O)
                                                      0.028     1.118 r  u_sfp/u_rx_mac_clk1/O
    X2Y1 (CLOCK_ROOT)    net (fo=475, routed)         1.476     2.594    u_sfp/g_mac[1].u_mac/eth_mac_phy_10g_rx_inst/eth_phy_10g_rx_if_inst/rx_clk1
    SLICE_X56Y81         FDRE                                         r  u_sfp/g_mac[1].u_mac/eth_mac_phy_10g_rx_inst/eth_phy_10g_rx_if_inst/(null)[0].serdes_rx_data_pipe_reg_reg[0][8]/C
                         clock pessimism             -0.053     2.541    
    SLICE_X56Y81         FDRE (Hold_BFF_SLICEL_C_D)
                                                      0.053     2.594    u_sfp/g_mac[1].u_mac/eth_mac_phy_10g_rx_inst/eth_phy_10g_rx_if_inst/(null)[0].serdes_rx_data_pipe_reg_reg[0][8]
  -------------------------------------------------------------------
                         required time                         -2.594    
                         arrival time                           2.604    
  -------------------------------------------------------------------
                         slack                                  0.010    





Pulse Width Checks
--------------------------------------------------------------------------------------
Clock Name:         rx_clk_gt
Waveform(ns):       { 0.000 3.122 }
Period(ns):         6.244
Sources:            { u_sfp/u_gt/inst/gen_gtwizard_gthe4_top.gt_sfp_10g_gtwizard_gthe4_inst/gen_gtwizard_gthe4.gen_rx_user_clocking_internal.gen_single_instance.gtwiz_userclk_rx_inst/gen_gtwiz_userclk_rx_main.bufg_gt_usrclk2_inst/O }

Check Type        Corner  Lib Pin                  Reference Pin           Required(ns)  Actual(ns)  Slack(ns)  Location            Pin
Min Period        n/a     BUFGCE/I                 n/a                     1.499         6.244       4.745      BUFGCE_X0Y92        u_sfp/u_rx_mac_clk0/I
Low Pulse Width   Slow    FDRE/C                   n/a                     0.275         3.122       2.847      SLICE_X57Y61        u_sfp/g_mac[0].u_mac/eth_mac_phy_10g_rx_inst/eth_phy_10g_rx_if_inst/(null)[0].serdes_rx_data_pipe_reg_reg[0][14]/C
High Pulse Width  Slow    FDRE/C                   n/a                     0.275         3.122       2.847      SLICE_X58Y73        u_sfp/g_mac[1].u_mac/eth_mac_phy_10g_rx_inst/eth_phy_10g_rx_if_inst/encoded_rx_data_reg_reg[57]/C
Max Skew          Fast    GTHE4_CHANNEL/RXUSRCLK2  GTHE4_CHANNEL/RXUSRCLK  0.759         0.130       0.629      GTHE4_CHANNEL_X0Y4  u_sfp/u_gt/inst/gen_gtwizard_gthe4_top.gt_sfp_10g_gtwizard_gthe4_inst/gen_gtwizard_gthe4.gen_channel_container[1].gen_enabled_channel.gthe4_channel_wrapper_inst/channel_inst/gthe4_channel_gen.gen_gthe4_channel_inst[0].GTHE4_CHANNEL_PRIM_INST/RXUSRCLK2



---------------------------------------------------------------------------------------------------
From Clock:  txoutclk_out[0]
  To Clock:  txoutclk_out[0]

Setup :           NA  Failing Endpoints,  Worst Slack           NA  ,  Total Violation           NA
Hold  :           NA  Failing Endpoints,  Worst Slack           NA  ,  Total Violation           NA
PW    :            0  Failing Endpoints,  Worst Slack        0.455ns,  Total Violation        0.000ns
---------------------------------------------------------------------------------------------------


Pulse Width Checks
--------------------------------------------------------------------------------------
Clock Name:         txoutclk_out[0]
Waveform(ns):       { 0.000 1.561 }
Period(ns):         3.122
Sources:            { u_sfp/u_gt/inst/gen_gtwizard_gthe4_top.gt_sfp_10g_gtwizard_gthe4_inst/gen_gtwizard_gthe4.gen_channel_container[1].gen_enabled_channel.gthe4_channel_wrapper_inst/channel_inst/gthe4_channel_gen.gen_gthe4_channel_inst[0].GTHE4_CHANNEL_PRIM_INST/TXOUTCLK }

Check Type  Corner  Lib Pin                 Reference Pin            Required(ns)  Actual(ns)  Slack(ns)  Location            Pin
Min Period  n/a     BUFG_GT/I               n/a                      1.499         3.122       1.623      BUFG_GT_X0Y41       u_sfp/u_gt/inst/gen_gtwizard_gthe4_top.gt_sfp_10g_gtwizard_gthe4_inst/gen_gtwizard_gthe4.gen_tx_user_clocking_internal.gen_single_instance.gtwiz_userclk_tx_inst/gen_gtwiz_userclk_tx_main.bufg_gt_usrclk2_inst/I
Max Skew    Fast    GTHE4_CHANNEL/TXUSRCLK  GTHE4_CHANNEL/TXUSRCLK2  0.572         0.117       0.455      GTHE4_CHANNEL_X0Y4  u_sfp/u_gt/inst/gen_gtwizard_gthe4_top.gt_sfp_10g_gtwizard_gthe4_inst/gen_gtwizard_gthe4.gen_channel_container[1].gen_enabled_channel.gthe4_channel_wrapper_inst/channel_inst/gthe4_channel_gen.gen_gthe4_channel_inst[0].GTHE4_CHANNEL_PRIM_INST/TXUSRCLK



---------------------------------------------------------------------------------------------------
From Clock:  tx_clk_gt
  To Clock:  tx_clk_gt

Setup :            0  Failing Endpoints,  Worst Slack        2.627ns,  Total Violation        0.000ns
Hold  :            0  Failing Endpoints,  Worst Slack        0.019ns,  Total Violation        0.000ns
PW    :            0  Failing Endpoints,  Worst Slack        0.658ns,  Total Violation        0.000ns
---------------------------------------------------------------------------------------------------


Max Delay Paths
--------------------------------------------------------------------------------------
Slack (MET) :             2.627ns  (required time - arrival time)
  Source:                 u_sfp/u_rst_tx/sync_rst_n_reg/C
                            (rising edge-triggered cell FDCE clocked by tx_clk_gt  {rise@0.000ns fall@3.122ns period=6.244ns})
  Destination:            u_sfp/u_gen0/m_tlast_reg/R
                            (rising edge-triggered cell FDRE clocked by tx_clk_gt  {rise@0.000ns fall@3.122ns period=6.244ns})
  Path Group:             tx_clk_gt
  Path Type:              Setup (Max at Slow Process Corner)
  Requirement:            6.244ns  (tx_clk_gt rise@6.244ns - tx_clk_gt rise@0.000ns)
  Data Path Delay:        3.482ns  (logic 0.249ns (7.151%)  route 3.233ns (92.849%))
  Logic Levels:           1  (LUT5=1)
  Clock Path Skew:        -0.017ns (DCD - SCD + CPR)
    Destination Clock Delay (DCD):    3.117ns = ( 9.361 - 6.244 ) 
    Source Clock Delay      (SCD):    3.348ns
    Clock Pessimism Removal (CPR):    0.214ns
  Clock Uncertainty:      0.046ns  ((TSJ^2 + DJ^2)^1/2) / 2 + PE
    Total System Jitter     (TSJ):    0.071ns
    Discrete Jitter          (DJ):    0.060ns
    Phase Error              (PE):    0.000ns
  Clock Net Delay (Source):      1.881ns (routing 0.750ns, distribution 1.131ns)
  Clock Net Delay (Destination): 1.795ns (routing 0.681ns, distribution 1.114ns)

    Location             Delay type                Incr(ns)  Path(ns)    Netlist Resource(s)
  -------------------------------------------------------------------    -------------------
                         (clock tx_clk_gt rise edge)
                                                      0.000     0.000 r  
    GTHE4_CHANNEL_X0Y4   GTHE4_CHANNEL                0.000     0.000 r  u_sfp/u_gt/inst/gen_gtwizard_gthe4_top.gt_sfp_10g_gtwizard_gthe4_inst/gen_gtwizard_gthe4.gen_channel_container[1].gen_enabled_channel.gthe4_channel_wrapper_inst/channel_inst/gthe4_channel_gen.gen_gthe4_channel_inst[0].GTHE4_CHANNEL_PRIM_INST/TXOUTCLK
                         net (fo=3, routed)           0.118     0.118    u_sfp/u_gt/inst/gen_gtwizard_gthe4_top.gt_sfp_10g_gtwizard_gthe4_inst/gen_gtwizard_gthe4.gen_tx_user_clocking_internal.gen_single_instance.gtwiz_userclk_tx_inst/txoutclk_out[0]
    BUFG_GT_X0Y41        BUFG_GT (Prop_BUFG_GT_I_O)
                                                      0.139     0.257 r  u_sfp/u_gt/inst/gen_gtwizard_gthe4_top.gt_sfp_10g_gtwizard_gthe4_inst/gen_gtwizard_gthe4.gen_tx_user_clocking_internal.gen_single_instance.gtwiz_userclk_tx_inst/gen_gtwiz_userclk_tx_main.bufg_gt_usrclk2_inst/O
                         net (fo=18, routed)          1.182     1.439    u_sfp/tx_clk_gt
    BUFGCE_X0Y50         BUFGCE (Prop_BUFCE_BUFGCE_I_O)
                                                      0.028     1.467 r  u_sfp/u_tx_mac_clk/O
    X1Y1 (CLOCK_ROOT)    net (fo=1130, routed)        1.881     3.348    u_sfp/u_rst_tx/CLK
    SLICE_X23Y122        FDCE                                         r  u_sfp/u_rst_tx/sync_rst_n_reg/C
  -------------------------------------------------------------------    -------------------
    SLICE_X23Y122        FDCE (Prop_EFF2_SLICEL_C_Q)
                                                      0.099     3.447 f  u_sfp/u_rst_tx/sync_rst_n_reg/Q
                         net (fo=398, routed)         2.421     5.868    u_sfp/u_gen0/sync_rst_n
    SLICE_X54Y53         LUT5 (Prop_B6LUT_SLICEM_I0_O)
                                                      0.150     6.018 r  u_sfp/u_gen0/m_tvalid_i_1/O
                         net (fo=2, routed)           0.812     6.830    u_sfp/u_gen0/m_tvalid_i_1_n_0
    SLICE_X54Y52         FDRE                                         r  u_sfp/u_gen0/m_tlast_reg/R
  -------------------------------------------------------------------    -------------------

                         (clock tx_clk_gt rise edge)
                                                      6.244     6.244 r  
    GTHE4_CHANNEL_X0Y4   GTHE4_CHANNEL                0.000     6.244 r  u_sfp/u_gt/inst/gen_gtwizard_gthe4_top.gt_sfp_10g_gtwizard_gthe4_inst/gen_gtwizard_gthe4.gen_channel_container[1].gen_enabled_channel.gthe4_channel_wrapper_inst/channel_inst/gthe4_channel_gen.gen_gthe4_channel_inst[0].GTHE4_CHANNEL_PRIM_INST/TXOUTCLK
                         net (fo=3, routed)           0.103     6.347    u_sfp/u_gt/inst/gen_gtwizard_gthe4_top.gt_sfp_10g_gtwizard_gthe4_inst/gen_gtwizard_gthe4.gen_tx_user_clocking_internal.gen_single_instance.gtwiz_userclk_tx_inst/txoutclk_out[0]
    BUFG_GT_X0Y41        BUFG_GT (Prop_BUFG_GT_I_O)
                                                      0.122     6.469 r  u_sfp/u_gt/inst/gen_gtwizard_gthe4_top.gt_sfp_10g_gtwizard_gthe4_inst/gen_gtwizard_gthe4.gen_tx_user_clocking_internal.gen_single_instance.gtwiz_userclk_tx_inst/gen_gtwiz_userclk_tx_main.bufg_gt_usrclk2_inst/O
                         net (fo=18, routed)          1.073     7.542    u_sfp/tx_clk_gt
    BUFGCE_X0Y50         BUFGCE (Prop_BUFCE_BUFGCE_I_O)
                                                      0.024     7.566 r  u_sfp/u_tx_mac_clk/O
    X1Y1 (CLOCK_ROOT)    net (fo=1130, routed)        1.795     9.361    u_sfp/u_gen0/CLK
    SLICE_X54Y52         FDRE                                         r  u_sfp/u_gen0/m_tlast_reg/C
                         clock pessimism              0.214     9.575    
                         clock uncertainty           -0.046     9.529    
    SLICE_X54Y52         FDRE (Setup_HFF2_SLICEM_C_R)
                                                     -0.072     9.457    u_sfp/u_gen0/m_tlast_reg
  -------------------------------------------------------------------
                         required time                          9.457    
                         arrival time                          -6.830    
  -------------------------------------------------------------------
                         slack                                  2.627    





Min Delay Paths
--------------------------------------------------------------------------------------
Slack (MET) :             0.019ns  (arrival time - required time)
  Source:                 u_sfp/g_mac[0].u_mac/eth_mac_phy_10g_tx_inst/eth_phy_10g_tx_if_inst/(null)[0].serdes_tx_data_pipe_reg_reg[0][55]/C
                            (null)[0].serdes_tx_data_pipe_reg_reg[0][55]
            (rising edge-triggered cell FDRE clocked by tx_clk_gt  {rise@0.000ns fall@3.122ns period=6.244ns})
  Destination:            u_sfp/g_mac[0].u_mac/eth_mac_phy_10g_tx_inst/eth_phy_10g_tx_if_inst/(null)[1].serdes_tx_data_pipe_reg_reg[1][55]/D
                            (null)[1].serdes_tx_data_pipe_reg_reg[1][55]
          (rising edge-triggered cell FDRE clocked by tx_clk_gt  {rise@0.000ns fall@3.122ns period=6.244ns})
  Path Group:             tx_clk_gt
  Path Type:              Hold (Min at Fast Process Corner)
  Requirement:            0.000ns  (tx_clk_gt rise@0.000ns - tx_clk_gt rise@0.000ns)
  Data Path Delay:        0.072ns  (logic 0.039ns (54.167%)  route 0.033ns (45.833%))
  Logic Levels:           0  
  Clock Path Skew:        0.006ns (DCD - SCD - CPR)
    Destination Clock Delay (DCD):    1.999ns
    Source Clock Delay      (SCD):    1.780ns
    Clock Pessimism Removal (CPR):    0.213ns
  Clock Net Delay (Source):      1.015ns (routing 0.384ns, distribution 0.631ns)
  Clock Net Delay (Destination): 1.147ns (routing 0.432ns, distribution 0.715ns)

    Location             Delay type                Incr(ns)  Path(ns)    Netlist Resource(s)
  -------------------------------------------------------------------    -------------------
                         (clock tx_clk_gt rise edge)
                                                      0.000     0.000 r  
    GTHE4_CHANNEL_X0Y4   GTHE4_CHANNEL                0.000     0.000 r  u_sfp/u_gt/inst/gen_gtwizard_gthe4_top.gt_sfp_10g_gtwizard_gthe4_inst/gen_gtwizard_gthe4.gen_channel_container[1].gen_enabled_channel.gthe4_channel_wrapper_inst/channel_inst/gthe4_channel_gen.gen_gthe4_channel_inst[0].GTHE4_CHANNEL_PRIM_INST/TXOUTCLK
                         net (fo=3, routed)           0.073     0.073    u_sfp/u_gt/inst/gen_gtwizard_gthe4_top.gt_sfp_10g_gtwizard_gthe4_inst/gen_gtwizard_gthe4.gen_tx_user_clocking_internal.gen_single_instance.gtwiz_userclk_tx_inst/txoutclk_out[0]
    BUFG_GT_X0Y41        BUFG_GT (Prop_BUFG_GT_I_O)
                                                      0.073     0.146 r  u_sfp/u_gt/inst/gen_gtwizard_gthe4_top.gt_sfp_10g_gtwizard_gthe4_inst/gen_gtwizard_gthe4.gen_tx_user_clocking_internal.gen_single_instance.gtwiz_userclk_tx_inst/gen_gtwiz_userclk_tx_main.bufg_gt_usrclk2_inst/O
                         net (fo=18, routed)          0.602     0.748    u_sfp/tx_clk_gt
    BUFGCE_X0Y50         BUFGCE (Prop_BUFCE_BUFGCE_I_O)
                                                      0.017     0.765 r  u_sfp/u_tx_mac_clk/O
    X1Y1 (CLOCK_ROOT)    net (fo=1130, routed)        1.015     1.780    u_sfp/g_mac[0].u_mac/eth_mac_phy_10g_tx_inst/eth_phy_10g_tx_if_inst/CLK
    SLICE_X60Y67         FDRE                                         r  u_sfp/g_mac[0].u_mac/eth_mac_phy_10g_tx_inst/eth_phy_10g_tx_if_inst/(null)[0].serdes_tx_data_pipe_reg_reg[0][55]/C
  -------------------------------------------------------------------    -------------------
    SLICE_X60Y67         FDRE (Prop_BFF_SLICEL_C_Q)
                                                      0.039     1.819 r  u_sfp/g_mac[0].u_mac/eth_mac_phy_10g_tx_inst/eth_phy_10g_tx_if_inst/(null)[0].serdes_tx_data_pipe_reg_reg[0][55]/Q
                         net (fo=1, routed)           0.033     1.852    u_sfp/g_mac[0].u_mac/eth_mac_phy_10g_tx_inst/eth_phy_10g_tx_if_inst/(null)[0].serdes_tx_data_pipe_reg_reg[0]_16[55]
    SLICE_X60Y67         FDRE                                         r  u_sfp/g_mac[0].u_mac/eth_mac_phy_10g_tx_inst/eth_phy_10g_tx_if_inst/(null)[1].serdes_tx_data_pipe_reg_reg[1][55]/D
  -------------------------------------------------------------------    -------------------

                         (clock tx_clk_gt rise edge)
                                                      0.000     0.000 r  
    GTHE4_CHANNEL_X0Y4   GTHE4_CHANNEL                0.000     0.000 r  u_sfp/u_gt/inst/gen_gtwizard_gthe4_top.gt_sfp_10g_gtwizard_gthe4_inst/gen_gtwizard_gthe4.gen_channel_container[1].gen_enabled_channel.gthe4_channel_wrapper_inst/channel_inst/gthe4_channel_gen.gen_gthe4_channel_inst[0].GTHE4_CHANNEL_PRIM_INST/TXOUTCLK
                         net (fo=3, routed)           0.085     0.085    u_sfp/u_gt/inst/gen_gtwizard_gthe4_top.gt_sfp_10g_gtwizard_gthe4_inst/gen_gtwizard_gthe4.gen_tx_user_clocking_internal.gen_single_instance.gtwiz_userclk_tx_inst/txoutclk_out[0]
    BUFG_GT_X0Y41        BUFG_GT (Prop_BUFG_GT_I_O)
                                                      0.082     0.167 r  u_sfp/u_gt/inst/gen_gtwizard_gthe4_top.gt_sfp_10g_gtwizard_gthe4_inst/gen_gtwizard_gthe4.gen_tx_user_clocking_internal.gen_single_instance.gtwiz_userclk_tx_inst/gen_gtwiz_userclk_tx_main.bufg_gt_usrclk2_inst/O
                         net (fo=18, routed)          0.666     0.833    u_sfp/tx_clk_gt
    BUFGCE_X0Y50         BUFGCE (Prop_BUFCE_BUFGCE_I_O)
                                                      0.019     0.852 r  u_sfp/u_tx_mac_clk/O
    X1Y1 (CLOCK_ROOT)    net (fo=1130, routed)        1.147     1.999    u_sfp/g_mac[0].u_mac/eth_mac_phy_10g_tx_inst/eth_phy_10g_tx_if_inst/CLK
    SLICE_X60Y67         FDRE                                         r  u_sfp/g_mac[0].u_mac/eth_mac_phy_10g_tx_inst/eth_phy_10g_tx_if_inst/(null)[1].serdes_tx_data_pipe_reg_reg[1][55]/C
                         clock pessimism             -0.213     1.786    
    SLICE_X60Y67         FDRE (Hold_CFF2_SLICEL_C_D)
                                                      0.047     1.833    u_sfp/g_mac[0].u_mac/eth_mac_phy_10g_tx_inst/eth_phy_10g_tx_if_inst/(null)[1].serdes_tx_data_pipe_reg_reg[1][55]
  -------------------------------------------------------------------
                         required time                         -1.833    
                         arrival time                           1.852    
  -------------------------------------------------------------------
                         slack                                  0.019    





Pulse Width Checks
--------------------------------------------------------------------------------------
Clock Name:         tx_clk_gt
Waveform(ns):       { 0.000 3.122 }
Period(ns):         6.244
Sources:            { u_sfp/u_gt/inst/gen_gtwizard_gthe4_top.gt_sfp_10g_gtwizard_gthe4_inst/gen_gtwizard_gthe4.gen_tx_user_clocking_internal.gen_single_instance.gtwiz_userclk_tx_inst/gen_gtwiz_userclk_tx_main.bufg_gt_usrclk2_inst/O }

Check Type        Corner  Lib Pin                  Reference Pin           Required(ns)  Actual(ns)  Slack(ns)  Location            Pin
Min Period        n/a     BUFGCE/I                 n/a                     1.499         6.244       4.745      BUFGCE_X0Y50        u_sfp/u_tx_mac_clk/I
Low Pulse Width   Fast    FDRE/C                   n/a                     0.275         3.122       2.847      SLICE_X56Y58        u_sfp/g_mac[0].u_mac/eth_mac_phy_10g_tx_inst/eth_phy_10g_tx_if_inst/(null)[0].serdes_tx_data_pipe_reg_reg[0][25]/C
High Pulse Width  Slow    FDRE/C                   n/a                     0.275         3.122       2.847      SLICE_X60Y59        u_sfp/g_mac[0].u_mac/eth_mac_phy_10g_tx_inst/eth_phy_10g_tx_if_inst/(null)[0].serdes_tx_data_pipe_reg_reg[0][1]/C
Max Skew          Fast    GTHE4_CHANNEL/TXUSRCLK2  GTHE4_CHANNEL/TXUSRCLK  0.783         0.125       0.658      GTHE4_CHANNEL_X0Y4  u_sfp/u_gt/inst/gen_gtwizard_gthe4_top.gt_sfp_10g_gtwizard_gthe4_inst/gen_gtwizard_gthe4.gen_channel_container[1].gen_enabled_channel.gthe4_channel_wrapper_inst/channel_inst/gthe4_channel_gen.gen_gthe4_channel_inst[0].GTHE4_CHANNEL_PRIM_INST/TXUSRCLK2



---------------------------------------------------------------------------------------------------
From Clock:  sys_clk_clk_p
  To Clock:  sys_clk_clk_p

Setup :           NA  Failing Endpoints,  Worst Slack           NA  ,  Total Violation           NA
Hold  :           NA  Failing Endpoints,  Worst Slack           NA  ,  Total Violation           NA
PW    :            0  Failing Endpoints,  Worst Slack        3.750ns,  Total Violation        0.000ns
---------------------------------------------------------------------------------------------------


Pulse Width Checks
--------------------------------------------------------------------------------------
Clock Name:         sys_clk_clk_p
Waveform(ns):       { 0.000 2.500 }
Period(ns):         5.000
Sources:            { sys_clk_clk_p }

Check Type  Corner  Lib Pin       Reference Pin  Required(ns)  Actual(ns)  Slack(ns)  Location         Pin
Min Period  n/a     BUFGCE_DIV/I  n/a            1.250         5.000       3.750      BUFGCE_DIV_X0Y5  u_axi_div/I



---------------------------------------------------------------------------------------------------
From Clock:  axi_clk
  To Clock:  axi_clk

Setup :            0  Failing Endpoints,  Worst Slack        6.087ns,  Total Violation        0.000ns
Hold  :            0  Failing Endpoints,  Worst Slack        0.013ns,  Total Violation        0.000ns
PW    :            0  Failing Endpoints,  Worst Slack        3.500ns,  Total Violation        0.000ns
---------------------------------------------------------------------------------------------------


Max Delay Paths
--------------------------------------------------------------------------------------
Slack (MET) :             6.087ns  (required time - arrival time)
  Source:                 bd_i/design_1_i/jtag_axi_0/inst/axi_bridge_u/write_axi_lite_u/cmd_fifo_data_out_ff_reg[56]/C
                            (rising edge-triggered cell FDRE clocked by axi_clk  {rise@0.000ns fall@5.000ns period=10.000ns})
  Destination:            bd_i/design_1_i/axi_smc/inst/switchboards/i_nodes/i_aw_node/inst/inst_si_handler/gen_m_axis_arb_fifo.inst_axis_arb_fifo/gen_pipelined.state_reg[0]/CE
                            (rising edge-triggered cell FDRE clocked by axi_clk  {rise@0.000ns fall@5.000ns period=10.000ns})
  Path Group:             axi_clk
  Path Type:              Setup (Max at Slow Process Corner)
  Requirement:            10.000ns  (axi_clk rise@10.000ns - axi_clk rise@0.000ns)
  Data Path Delay:        3.771ns  (logic 1.371ns (36.356%)  route 2.400ns (63.644%))
  Logic Levels:           9  (LUT2=4 LUT4=3 LUT5=2)
  Clock Path Skew:        -0.063ns (DCD - SCD + CPR)
    Destination Clock Delay (DCD):    2.645ns = ( 12.645 - 10.000 ) 
    Source Clock Delay      (SCD):    2.979ns
    Clock Pessimism Removal (CPR):    0.270ns
  Clock Uncertainty:      0.035ns  ((TSJ^2 + TIJ^2)^1/2 + DJ) / 2 + PE
    Total System Jitter     (TSJ):    0.071ns
    Total Input Jitter      (TIJ):    0.000ns
    Discrete Jitter          (DJ):    0.000ns
    Phase Error              (PE):    0.000ns
  Clock Net Delay (Source):      1.920ns (routing 0.612ns, distribution 1.308ns)
  Clock Net Delay (Destination): 1.736ns (routing 0.556ns, distribution 1.180ns)

    Location             Delay type                Incr(ns)  Path(ns)    Netlist Resource(s)
  -------------------------------------------------------------------    -------------------
                         (clock axi_clk rise edge)    0.000     0.000 r  
    AE5                                               0.000     0.000 r  sys_clk_clk_p (IN)
                         net (fo=0)                   0.000     0.000    u_ibuf/I
    HPIOBDIFFINBUF_X0Y35 DIFFINBUF (Prop_DIFFINBUF_HPIOBDIFFINBUF_DIFF_IN_P_O)
                                                      0.523     0.523 r  u_ibuf/DIFFINBUF_INST/O
                         net (fo=1, routed)           0.050     0.573    u_ibuf/OUT
    AE5                  IBUFCTRL (Prop_IBUFCTRL_HPIOB_M_I_O)
                                                      0.000     0.573 r  u_ibuf/IBUFCTRL_INST/O
                         net (fo=2, routed)           0.335     0.908    sys_clk_200m
    BUFGCE_DIV_X0Y5      BUFGCE_DIV (Prop_BUFGCE_DIV_I_O)
                                                      0.151     1.059 r  u_axi_div/O
    X1Y2 (CLOCK_ROOT)    net (fo=2968, routed)        1.920     2.979    bd_i/design_1_i/jtag_axi_0/inst/axi_bridge_u/write_axi_lite_u/out
    SLICE_X22Y191        FDRE                                         r  bd_i/design_1_i/jtag_axi_0/inst/axi_bridge_u/write_axi_lite_u/cmd_fifo_data_out_ff_reg[56]/C
  -------------------------------------------------------------------    -------------------
    SLICE_X22Y191        FDRE (Prop_BFF_SLICEL_C_Q)
                                                      0.096     3.075 f  bd_i/design_1_i/jtag_axi_0/inst/axi_bridge_u/write_axi_lite_u/cmd_fifo_data_out_ff_reg[56]/Q
                         net (fo=1, routed)           0.126     3.201    bd_i/design_1_i/axi_smc/inst/s01_entry_pipeline/s01_mmu/inst/aw_reg_stall/D[24]
    SLICE_X22Y191        LUT4 (Prop_H6LUT_SLICEL_I0_O)
                                                      0.179     3.380 f  bd_i/design_1_i/axi_smc/inst/s01_entry_pipeline/s01_mmu/inst/aw_reg_stall/m_axi_awvalid_INST_0_i_6/O
                         net (fo=1, routed)           0.192     3.572    bd_i/design_1_i/axi_smc/inst/s01_entry_pipeline/s01_mmu/inst/aw_reg_stall/m_axi_awvalid_INST_0_i_6_n_0
    SLICE_X22Y192        LUT4 (Prop_H6LUT_SLICEL_I2_O)
                                                      0.179     3.751 f  bd_i/design_1_i/axi_smc/inst/s01_entry_pipeline/s01_mmu/inst/aw_reg_stall/m_axi_awvalid_INST_0_i_3/O
                         net (fo=4, routed)           0.432     4.183    bd_i/design_1_i/axi_smc/inst/s01_entry_pipeline/s01_mmu/inst/aw_reg_stall/gen_endpoint.w_trigger_decerr
    SLICE_X15Y190        LUT5 (Prop_D5LUT_SLICEL_I1_O)
                                                      0.164     4.347 r  bd_i/design_1_i/axi_smc/inst/s01_entry_pipeline/s01_mmu/inst/aw_reg_stall/m_axi_awvalid_INST_0_i_1/O
                         net (fo=4, routed)           0.158     4.505    bd_i/design_1_i/axi_smc/inst/s01_entry_pipeline/s01_mmu/inst/aw_reg_stall/mr_axi_awvalid
    SLICE_X15Y191        LUT2 (Prop_F6LUT_SLICEL_I0_O)
                                                      0.148     4.653 r  bd_i/design_1_i/axi_smc/inst/s01_entry_pipeline/s01_mmu/inst/aw_reg_stall/m_axi_awvalid_INST_0/O
                         net (fo=2, routed)           0.102     4.755    bd_i/design_1_i/axi_smc/inst/s01_entry_pipeline/s01_transaction_regulator/inst/gen_endpoint.gen_w_singleorder.w_singleorder/s_axi_awvalid
    SLICE_X14Y191        LUT2 (Prop_G6LUT_SLICEL_I0_O)
                                                      0.100     4.855 r  bd_i/design_1_i/axi_smc/inst/s01_entry_pipeline/s01_transaction_regulator/inst/gen_endpoint.gen_w_singleorder.w_singleorder/m_axi_awvalid_INST_0/O
                         net (fo=3, routed)           0.458     5.313    bd_i/design_1_i/axi_smc/inst/s01_entry_pipeline/s01_si_converter/inst/gen_normal.splitter_inst/s_axi_awvalid
    SLICE_X8Y192         LUT2 (Prop_A5LUT_SLICEM_I0_O)
                                                      0.085     5.398 r  bd_i/design_1_i/axi_smc/inst/s01_entry_pipeline/s01_si_converter/inst/gen_normal.splitter_inst/m_axi_awvalid_INST_0/O
                         net (fo=3, routed)           0.239     5.637    bd_i/design_1_i/axi_smc/inst/s01_nodes/s01_aw_node/inst/inst_mi_handler/s_sc_send[0]
    SLICE_X10Y196        LUT2 (Prop_C5LUT_SLICEM_I0_O)
                                                      0.084     5.721 r  bd_i/design_1_i/axi_smc/inst/s01_nodes/s01_aw_node/inst/inst_mi_handler/m_sc_send[0]_INST_0/O
                         net (fo=7, routed)           0.179     5.900    bd_i/design_1_i/axi_smc/inst/switchboards/i_nodes/i_aw_node/inst/inst_si_handler/gen_si_handler.gen_arbiter_rr_minimal_area.inst_arbiter/s_sc_send[1]
    SLICE_X8Y197         LUT5 (Prop_C5LUT_SLICEM_I0_O)
                                                      0.136     6.036 r  bd_i/design_1_i/axi_smc/inst/switchboards/i_nodes/i_aw_node/inst/inst_si_handler/gen_si_handler.gen_arbiter_rr_minimal_area.inst_arbiter/gen_single_rank.data[154]_i_1/O
                         net (fo=19, routed)          0.254     6.290    bd_i/design_1_i/axi_smc/inst/switchboards/i_nodes/i_aw_node/inst/inst_si_handler/gen_m_axis_arb_fifo.inst_axis_arb_fifo/gen_pipelined.state_reg[0]_0
    SLICE_X8Y198         LUT4 (Prop_A5LUT_SLICEM_I0_O)
                                                      0.200     6.490 r  bd_i/design_1_i/axi_smc/inst/switchboards/i_nodes/i_aw_node/inst/inst_si_handler/gen_m_axis_arb_fifo.inst_axis_arb_fifo/gen_pipelined.state[1]_i_1/O
                         net (fo=3, routed)           0.260     6.750    bd_i/design_1_i/axi_smc/inst/switchboards/i_nodes/i_aw_node/inst/inst_si_handler/gen_m_axis_arb_fifo.inst_axis_arb_fifo/gen_pipelined.state[1]_i_1_n_0
    SLICE_X8Y199         FDRE                                         r  bd_i/design_1_i/axi_smc/inst/switchboards/i_nodes/i_aw_node/inst/inst_si_handler/gen_m_axis_arb_fifo.inst_axis_arb_fifo/gen_pipelined.state_reg[0]/CE
  -------------------------------------------------------------------    -------------------

                         (clock axi_clk rise edge)   10.000    10.000 r  
    AE5                                               0.000    10.000 r  sys_clk_clk_p (IN)
                         net (fo=0)                   0.000    10.000    u_ibuf/I
    HPIOBDIFFINBUF_X0Y35 DIFFINBUF (Prop_DIFFINBUF_HPIOBDIFFINBUF_DIFF_IN_P_O)
                                                      0.441    10.441 r  u_ibuf/DIFFINBUF_INST/O
                         net (fo=1, routed)           0.040    10.481    u_ibuf/OUT
    AE5                  IBUFCTRL (Prop_IBUFCTRL_HPIOB_M_I_O)
                                                      0.000    10.481 r  u_ibuf/IBUFCTRL_INST/O
                         net (fo=2, routed)           0.297    10.778    sys_clk_200m
    BUFGCE_DIV_X0Y5      BUFGCE_DIV (Prop_BUFGCE_DIV_I_O)
                                                      0.131    10.909 r  u_axi_div/O
    X1Y2 (CLOCK_ROOT)    net (fo=2968, routed)        1.736    12.645    bd_i/design_1_i/axi_smc/inst/switchboards/i_nodes/i_aw_node/inst/inst_si_handler/gen_m_axis_arb_fifo.inst_axis_arb_fifo/s_sc_aclk
    SLICE_X8Y199         FDRE                                         r  bd_i/design_1_i/axi_smc/inst/switchboards/i_nodes/i_aw_node/inst/inst_si_handler/gen_m_axis_arb_fifo.inst_axis_arb_fifo/gen_pipelined.state_reg[0]/C
                         clock pessimism              0.270    12.916    
                         clock uncertainty           -0.035    12.880    
    SLICE_X8Y199         FDRE (Setup_GFF_SLICEM_C_CE)
                                                     -0.044    12.836    bd_i/design_1_i/axi_smc/inst/switchboards/i_nodes/i_aw_node/inst/inst_si_handler/gen_m_axis_arb_fifo.inst_axis_arb_fifo/gen_pipelined.state_reg[0]
  -------------------------------------------------------------------
                         required time                         12.836    
                         arrival time                          -6.750    
  -------------------------------------------------------------------
                         slack                                  6.087    





Min Delay Paths
--------------------------------------------------------------------------------------
Slack (MET) :             0.013ns  (arrival time - required time)
  Source:                 bd_i/design_1_i/jtag_axi_0/inst/jtag_axi_engine_u/rd_axi_en_exec_ff4_reg/C
                            (rising edge-triggered cell FDRE clocked by axi_clk  {rise@0.000ns fall@5.000ns period=10.000ns})
  Destination:            bd_i/design_1_i/jtag_axi_0/inst/jtag_axi_engine_u/rd_sts_flag_reg/D
                            (rising edge-triggered cell FDSE clocked by axi_clk  {rise@0.000ns fall@5.000ns period=10.000ns})
  Path Group:             axi_clk
  Path Type:              Hold (Min at Slow Process Corner)
  Requirement:            0.000ns  (axi_clk rise@0.000ns - axi_clk rise@0.000ns)
  Data Path Delay:        0.298ns  (logic 0.113ns (37.919%)  route 0.185ns (62.081%))
  Logic Levels:           1  (LUT6=1)
  Clock Path Skew:        0.232ns (DCD - SCD - CPR)
    Destination Clock Delay (DCD):    3.013ns
    Source Clock Delay      (SCD):    2.575ns
    Clock Pessimism Removal (CPR):    0.205ns
  Clock Net Delay (Source):      1.666ns (routing 0.556ns, distribution 1.110ns)
  Clock Net Delay (Destination): 1.954ns (routing 0.612ns, distribution 1.342ns)

    Location             Delay type                Incr(ns)  Path(ns)    Netlist Resource(s)
  -------------------------------------------------------------------    -------------------
                         (clock axi_clk rise edge)    0.000     0.000 r  
    AE5                                               0.000     0.000 r  sys_clk_clk_p (IN)
                         net (fo=0)                   0.000     0.000    u_ibuf/I
    HPIOBDIFFINBUF_X0Y35 DIFFINBUF (Prop_DIFFINBUF_HPIOBDIFFINBUF_DIFF_IN_P_O)
                                                      0.441     0.441 r  u_ibuf/DIFFINBUF_INST/O
                         net (fo=1, routed)           0.040     0.481    u_ibuf/OUT
    AE5                  IBUFCTRL (Prop_IBUFCTRL_HPIOB_M_I_O)
                                                      0.000     0.481 r  u_ibuf/IBUFCTRL_INST/O
                         net (fo=2, routed)           0.297     0.778    sys_clk_200m
    BUFGCE_DIV_X0Y5      BUFGCE_DIV (Prop_BUFGCE_DIV_I_O)
                                                      0.131     0.909 r  u_axi_div/O
    X1Y2 (CLOCK_ROOT)    net (fo=2968, routed)        1.666     2.575    bd_i/design_1_i/jtag_axi_0/inst/jtag_axi_engine_u/DEVICE_8SERIES.NO_BMM_INFO.SDP.WIDE_PRIM36_NO_ECC.ram
    SLICE_X14Y178        FDRE                                         r  bd_i/design_1_i/jtag_axi_0/inst/jtag_axi_engine_u/rd_axi_en_exec_ff4_reg/C
  -------------------------------------------------------------------    -------------------
    SLICE_X14Y178        FDRE (Prop_BFF_SLICEL_C_Q)
                                                      0.070     2.645 f  bd_i/design_1_i/jtag_axi_0/inst/jtag_axi_engine_u/rd_axi_en_exec_ff4_reg/Q
                         net (fo=12, routed)          0.160     2.805    bd_i/design_1_i/jtag_axi_0/inst/jtag_axi_engine_u/rd_cmd_fifo_i/inst_fifo_gen/gconvfifo.rf/grf.rf/gntv_or_sync_fifo.gl0.rd/gr1.gr1_int.rfwft/rd_axi_en_exec_ff4
    SLICE_X14Y181        LUT6 (Prop_D6LUT_SLICEL_I3_O)
                                                      0.043     2.848 r  bd_i/design_1_i/jtag_axi_0/inst/jtag_axi_engine_u/rd_cmd_fifo_i/inst_fifo_gen/gconvfifo.rf/grf.rf/gntv_or_sync_fifo.gl0.rd/gr1.gr1_int.rfwft/rd_sts_flag_i_1/O
                         net (fo=1, routed)           0.025     2.873    bd_i/design_1_i/jtag_axi_0/inst/jtag_axi_engine_u/rd_cmd_fifo_i_n_4
    SLICE_X14Y181        FDSE                                         r  bd_i/design_1_i/jtag_axi_0/inst/jtag_axi_engine_u/rd_sts_flag_reg/D
  -------------------------------------------------------------------    -------------------

                         (clock axi_clk rise edge)    0.000     0.000 r  
    AE5                                               0.000     0.000 r  sys_clk_clk_p (IN)
                         net (fo=0)                   0.000     0.000    u_ibuf/I
    HPIOBDIFFINBUF_X0Y35 DIFFINBUF (Prop_DIFFINBUF_HPIOBDIFFINBUF_DIFF_IN_P_O)
                                                      0.523     0.523 r  u_ibuf/DIFFINBUF_INST/O
                         net (fo=1, routed)           0.050     0.573    u_ibuf/OUT
    AE5                  IBUFCTRL (Prop_IBUFCTRL_HPIOB_M_I_O)
                                                      0.000     0.573 r  u_ibuf/IBUFCTRL_INST/O
                         net (fo=2, routed)           0.335     0.908    sys_clk_200m
    BUFGCE_DIV_X0Y5      BUFGCE_DIV (Prop_BUFGCE_DIV_I_O)
                                                      0.151     1.059 r  u_axi_div/O
    X1Y2 (CLOCK_ROOT)    net (fo=2968, routed)        1.954     3.013    bd_i/design_1_i/jtag_axi_0/inst/jtag_axi_engine_u/DEVICE_8SERIES.NO_BMM_INFO.SDP.WIDE_PRIM36_NO_ECC.ram
    SLICE_X14Y181        FDSE                                         r  bd_i/design_1_i/jtag_axi_0/inst/jtag_axi_engine_u/rd_sts_flag_reg/C
                         clock pessimism             -0.205     2.807    
    SLICE_X14Y181        FDSE (Hold_DFF_SLICEL_C_D)
                                                      0.053     2.860    bd_i/design_1_i/jtag_axi_0/inst/jtag_axi_engine_u/rd_sts_flag_reg
  -------------------------------------------------------------------
                         required time                         -2.860    
                         arrival time                           2.873    
  -------------------------------------------------------------------
                         slack                                  0.013    





Pulse Width Checks
--------------------------------------------------------------------------------------
Clock Name:         axi_clk
Waveform(ns):       { 0.000 5.000 }
Period(ns):         10.000
Sources:            { u_axi_div/O }

Check Type        Corner  Lib Pin          Reference Pin  Required(ns)  Actual(ns)  Slack(ns)  Location  Pin
Min Period        n/a     PS8/MAXIGP2ACLK  n/a            3.000         10.000      7.000      PS8_X0Y0  bd_i/design_1_i/zynq_ultra_ps_e_0/inst/PS8_i/MAXIGP2ACLK
Low Pulse Width   Fast    PS8/MAXIGP2ACLK  n/a            1.500         5.000       3.500      PS8_X0Y0  bd_i/design_1_i/zynq_ultra_ps_e_0/inst/PS8_i/MAXIGP2ACLK
High Pulse Width  Slow    PS8/MAXIGP2ACLK  n/a            1.500         5.000       3.500      PS8_X0Y0  bd_i/design_1_i/zynq_ultra_ps_e_0/inst/PS8_i/MAXIGP2ACLK



---------------------------------------------------------------------------------------------------
From Clock:  clk_50m
  To Clock:  clk_50m

Setup :            0  Failing Endpoints,  Worst Slack       18.395ns,  Total Violation        0.000ns
Hold  :            0  Failing Endpoints,  Worst Slack        0.037ns,  Total Violation        0.000ns
PW    :            0  Failing Endpoints,  Worst Slack        9.725ns,  Total Violation        0.000ns
---------------------------------------------------------------------------------------------------


Max Delay Paths
--------------------------------------------------------------------------------------
Slack (MET) :             18.395ns  (required time - arrival time)
  Source:                 u_sfp/u_gt/inst/gen_gtwizard_gthe4_top.gt_sfp_10g_gtwizard_gthe4_inst/gen_gtwizard_gthe4.gen_reset_controller_internal.gen_single_instance.gtwiz_reset_inst/sm_reset_rx_timer_clr_reg/C
                            (rising edge-triggered cell FDSE clocked by clk_50m  {rise@0.000ns fall@10.000ns period=20.000ns})
  Destination:            u_sfp/u_gt/inst/gen_gtwizard_gthe4_top.gt_sfp_10g_gtwizard_gthe4_inst/gen_gtwizard_gthe4.gen_reset_controller_internal.gen_single_instance.gtwiz_reset_inst/FSM_sequential_sm_reset_rx_reg[0]/CE
                            (rising edge-triggered cell FDRE clocked by clk_50m  {rise@0.000ns fall@10.000ns period=20.000ns})
  Path Group:             clk_50m
  Path Type:              Setup (Max at Slow Process Corner)
  Requirement:            20.000ns  (clk_50m rise@20.000ns - clk_50m rise@0.000ns)
  Data Path Delay:        1.504ns  (logic 0.484ns (32.181%)  route 1.020ns (67.819%))
  Logic Levels:           3  (LUT2=1 LUT3=1 LUT6=1)
  Clock Path Skew:        -0.023ns (DCD - SCD + CPR)
    Destination Clock Delay (DCD):    2.548ns = ( 22.548 - 20.000 ) 
    Source Clock Delay      (SCD):    2.920ns
    Clock Pessimism Removal (CPR):    0.349ns
  Clock Uncertainty:      0.035ns  ((TSJ^2 + TIJ^2)^1/2 + DJ) / 2 + PE
    Total System Jitter     (TSJ):    0.071ns
    Total Input Jitter      (TIJ):    0.000ns
    Discrete Jitter          (DJ):    0.000ns
    Phase Error              (PE):    0.000ns
  Clock Net Delay (Source):      1.860ns (routing 0.609ns, distribution 1.251ns)
  Clock Net Delay (Destination): 1.638ns (routing 0.552ns, distribution 1.086ns)

    Location             Delay type                Incr(ns)  Path(ns)    Netlist Resource(s)
  -------------------------------------------------------------------    -------------------
                         (clock clk_50m rise edge)    0.000     0.000 r  
    AE5                                               0.000     0.000 r  sys_clk_clk_p (IN)
                         net (fo=0)                   0.000     0.000    u_ibuf/I
    HPIOBDIFFINBUF_X0Y35 DIFFINBUF (Prop_DIFFINBUF_HPIOBDIFFINBUF_DIFF_IN_P_O)
                                                      0.523     0.523 r  u_ibuf/DIFFINBUF_INST/O
                         net (fo=1, routed)           0.050     0.573    u_ibuf/OUT
    AE5                  IBUFCTRL (Prop_IBUFCTRL_HPIOB_M_I_O)
                                                      0.000     0.573 r  u_ibuf/IBUFCTRL_INST/O
                         net (fo=2, routed)           0.335     0.908    sys_clk_200m
    BUFGCE_DIV_X0Y4      BUFGCE_DIV (Prop_BUFGCE_DIV_I_O)
                                                      0.152     1.060 r  u_div50/O
    X1Y2 (CLOCK_ROOT)    net (fo=212, routed)         1.860     2.920    u_sfp/u_gt/inst/gen_gtwizard_gthe4_top.gt_sfp_10g_gtwizard_gthe4_inst/gen_gtwizard_gthe4.gen_reset_controller_internal.gen_single_instance.gtwiz_reset_inst/gtwiz_reset_clk_freerun_in[0]
    SLICE_X52Y94         FDSE                                         r  u_sfp/u_gt/inst/gen_gtwizard_gthe4_top.gt_sfp_10g_gtwizard_gthe4_inst/gen_gtwizard_gthe4.gen_reset_controller_internal.gen_single_instance.gtwiz_reset_inst/sm_reset_rx_timer_clr_reg/C
  -------------------------------------------------------------------    -------------------
    SLICE_X52Y94         FDSE (Prop_DFF_SLICEL_C_Q)
                                                      0.096     3.016 f  u_sfp/u_gt/inst/gen_gtwizard_gthe4_top.gt_sfp_10g_gtwizard_gthe4_inst/gen_gtwizard_gthe4.gen_reset_controller_internal.gen_single_instance.gtwiz_reset_inst/sm_reset_rx_timer_clr_reg/Q
                         net (fo=10, routed)          0.531     3.547    u_sfp/u_gt/inst/gen_gtwizard_gthe4_top.gt_sfp_10g_gtwizard_gthe4_inst/gen_gtwizard_gthe4.gen_reset_controller_internal.gen_single_instance.gtwiz_reset_inst/sm_reset_rx_timer_clr_reg_n_0
    SLICE_X52Y96         LUT2 (Prop_D6LUT_SLICEL_I1_O)
                                                      0.147     3.694 r  u_sfp/u_gt/inst/gen_gtwizard_gthe4_top.gt_sfp_10g_gtwizard_gthe4_inst/gen_gtwizard_gthe4.gen_reset_controller_internal.gen_single_instance.gtwiz_reset_inst/FSM_sequential_sm_reset_rx[2]_i_6/O
                         net (fo=4, routed)           0.190     3.884    u_sfp/u_gt/inst/gen_gtwizard_gthe4_top.gt_sfp_10g_gtwizard_gthe4_inst/gen_gtwizard_gthe4.gen_reset_controller_internal.gen_single_instance.gtwiz_reset_inst/bit_synchronizer_rxcdrlock_inst/FSM_sequential_sm_reset_rx_reg[0]
    SLICE_X52Y93         LUT6 (Prop_B6LUT_SLICEL_I1_O)
                                                      0.177     4.061 r  u_sfp/u_gt/inst/gen_gtwizard_gthe4_top.gt_sfp_10g_gtwizard_gthe4_inst/gen_gtwizard_gthe4.gen_reset_controller_internal.gen_single_instance.gtwiz_reset_inst/bit_synchronizer_rxcdrlock_inst/FSM_sequential_sm_reset_rx[2]_i_5/O
                         net (fo=1, routed)           0.049     4.110    u_sfp/u_gt/inst/gen_gtwizard_gthe4_top.gt_sfp_10g_gtwizard_gthe4_inst/gen_gtwizard_gthe4.gen_reset_controller_internal.gen_single_instance.gtwiz_reset_inst/bit_synchronizer_gtwiz_reset_rx_pll_and_datapath_dly_inst/FSM_sequential_sm_reset_rx_reg[0]_1
    SLICE_X52Y93         LUT3 (Prop_A6LUT_SLICEL_I2_O)
                                                      0.064     4.174 r  u_sfp/u_gt/inst/gen_gtwizard_gthe4_top.gt_sfp_10g_gtwizard_gthe4_inst/gen_gtwizard_gthe4.gen_reset_controller_internal.gen_single_instance.gtwiz_reset_inst/bit_synchronizer_gtwiz_reset_rx_pll_and_datapath_dly_inst/FSM_sequential_sm_reset_rx[2]_i_1/O
                         net (fo=3, routed)           0.250     4.424    u_sfp/u_gt/inst/gen_gtwizard_gthe4_top.gt_sfp_10g_gtwizard_gthe4_inst/gen_gtwizard_gthe4.gen_reset_controller_internal.gen_single_instance.gtwiz_reset_inst/bit_synchronizer_gtwiz_reset_rx_pll_and_datapath_dly_inst_n_2
    SLICE_X52Y94         FDRE                                         r  u_sfp/u_gt/inst/gen_gtwizard_gthe4_top.gt_sfp_10g_gtwizard_gthe4_inst/gen_gtwizard_gthe4.gen_reset_controller_internal.gen_single_instance.gtwiz_reset_inst/FSM_sequential_sm_reset_rx_reg[0]/CE
  -------------------------------------------------------------------    -------------------

                         (clock clk_50m rise edge)   20.000    20.000 r  
    AE5                                               0.000    20.000 r  sys_clk_clk_p (IN)
                         net (fo=0)                   0.000    20.000    u_ibuf/I
    HPIOBDIFFINBUF_X0Y35 DIFFINBUF (Prop_DIFFINBUF_HPIOBDIFFINBUF_DIFF_IN_P_O)
                                                      0.441    20.441 r  u_ibuf/DIFFINBUF_INST/O
                         net (fo=1, routed)           0.040    20.481    u_ibuf/OUT
    AE5                  IBUFCTRL (Prop_IBUFCTRL_HPIOB_M_I_O)
                                                      0.000    20.481 r  u_ibuf/IBUFCTRL_INST/O
                         net (fo=2, routed)           0.297    20.778    sys_clk_200m
    BUFGCE_DIV_X0Y4      BUFGCE_DIV (Prop_BUFGCE_DIV_I_O)
                                                      0.132    20.910 r  u_div50/O
    X1Y2 (CLOCK_ROOT)    net (fo=212, routed)         1.638    22.548    u_sfp/u_gt/inst/gen_gtwizard_gthe4_top.gt_sfp_10g_gtwizard_gthe4_inst/gen_gtwizard_gthe4.gen_reset_controller_internal.gen_single_instance.gtwiz_reset_inst/gtwiz_reset_clk_freerun_in[0]
    SLICE_X52Y94         FDRE                                         r  u_sfp/u_gt/inst/gen_gtwizard_gthe4_top.gt_sfp_10g_gtwizard_gthe4_inst/gen_gtwizard_gthe4.gen_reset_controller_internal.gen_single_instance.gtwiz_reset_inst/FSM_sequential_sm_reset_rx_reg[0]/C
                         clock pessimism              0.349    22.897    
                         clock uncertainty           -0.035    22.862    
    SLICE_X52Y94         FDRE (Setup_HFF_SLICEL_C_CE)
                                                     -0.043    22.819    u_sfp/u_gt/inst/gen_gtwizard_gthe4_top.gt_sfp_10g_gtwizard_gthe4_inst/gen_gtwizard_gthe4.gen_reset_controller_internal.gen_single_instance.gtwiz_reset_inst/FSM_sequential_sm_reset_rx_reg[0]
  -------------------------------------------------------------------
                         required time                         22.819    
                         arrival time                          -4.424    
  -------------------------------------------------------------------
                         slack                                 18.395    





Min Delay Paths
--------------------------------------------------------------------------------------
Slack (MET) :             0.037ns  (arrival time - required time)
  Source:                 u_sfp/u_gt/inst/gen_gtwizard_gthe4_top.gt_sfp_10g_gtwizard_gthe4_inst/gen_gtwizard_gthe4.gen_reset_controller_internal.gen_single_instance.gtwiz_reset_inst/sm_reset_rx_pll_timer_ctr_reg[2]/C
                            (rising edge-triggered cell FDRE clocked by clk_50m  {rise@0.000ns fall@10.000ns period=20.000ns})
  Destination:            u_sfp/u_gt/inst/gen_gtwizard_gthe4_top.gt_sfp_10g_gtwizard_gthe4_inst/gen_gtwizard_gthe4.gen_reset_controller_internal.gen_single_instance.gtwiz_reset_inst/sm_reset_rx_pll_timer_ctr_reg[5]/D
                            (rising edge-triggered cell FDRE clocked by clk_50m  {rise@0.000ns fall@10.000ns period=20.000ns})
  Path Group:             clk_50m
  Path Type:              Hold (Min at Fast Process Corner)
  Requirement:            0.000ns  (clk_50m rise@0.000ns - clk_50m rise@0.000ns)
  Data Path Delay:        0.103ns  (logic 0.052ns (50.485%)  route 0.051ns (49.515%))
  Logic Levels:           1  (LUT6=1)
  Clock Path Skew:        0.020ns (DCD - SCD - CPR)
    Destination Clock Delay (DCD):    1.775ns
    Source Clock Delay      (SCD):    1.493ns
    Clock Pessimism Removal (CPR):    0.261ns
  Clock Net Delay (Source):      0.947ns (routing 0.313ns, distribution 0.634ns)
  Clock Net Delay (Destination): 1.072ns (routing 0.347ns, distribution 0.725ns)

    Location             Delay type                Incr(ns)  Path(ns)    Netlist Resource(s)
  -------------------------------------------------------------------    -------------------
                         (clock clk_50m rise edge)    0.000     0.000 r  
    AE5                                               0.000     0.000 r  sys_clk_clk_p (IN)
                         net (fo=0)                   0.000     0.000    u_ibuf/I
    HPIOBDIFFINBUF_X0Y35 DIFFINBUF (Prop_DIFFINBUF_HPIOBDIFFINBUF_DIFF_IN_P_O)
                                                      0.273     0.273 r  u_ibuf/DIFFINBUF_INST/O
                         net (fo=1, routed)           0.040     0.313    u_ibuf/OUT
    AE5                  IBUFCTRL (Prop_IBUFCTRL_HPIOB_M_I_O)
                                                      0.000     0.313 r  u_ibuf/IBUFCTRL_INST/O
                         net (fo=2, routed)           0.144     0.457    sys_clk_200m
    BUFGCE_DIV_X0Y4      BUFGCE_DIV (Prop_BUFGCE_DIV_I_O)
                                                      0.089     0.546 r  u_div50/O
    X1Y2 (CLOCK_ROOT)    net (fo=212, routed)         0.947     1.493    u_sfp/u_gt/inst/gen_gtwizard_gthe4_top.gt_sfp_10g_gtwizard_gthe4_inst/gen_gtwizard_gthe4.gen_reset_controller_internal.gen_single_instance.gtwiz_reset_inst/gtwiz_reset_clk_freerun_in[0]
    SLICE_X53Y93         FDRE                                         r  u_sfp/u_gt/inst/gen_gtwizard_gthe4_top.gt_sfp_10g_gtwizard_gthe4_inst/gen_gtwizard_gthe4.gen_reset_controller_internal.gen_single_instance.gtwiz_reset_inst/sm_reset_rx_pll_timer_ctr_reg[2]/C
  -------------------------------------------------------------------    -------------------
    SLICE_X53Y93         FDRE (Prop_EFF_SLICEM_C_Q)
                                                      0.038     1.531 r  u_sfp/u_gt/inst/gen_gtwizard_gthe4_top.gt_sfp_10g_gtwizard_gthe4_inst/gen_gtwizard_gthe4.gen_reset_controller_internal.gen_single_instance.gtwiz_reset_inst/sm_reset_rx_pll_timer_ctr_reg[2]/Q
                         net (fo=7, routed)           0.030     1.561    u_sfp/u_gt/inst/gen_gtwizard_gthe4_top.gt_sfp_10g_gtwizard_gthe4_inst/gen_gtwizard_gthe4.gen_reset_controller_internal.gen_single_instance.gtwiz_reset_inst/sm_reset_rx_pll_timer_ctr_reg[2]
    SLICE_X53Y94         LUT6 (Prop_B6LUT_SLICEM_I2_O)
                                                      0.014     1.575 r  u_sfp/u_gt/inst/gen_gtwizard_gthe4_top.gt_sfp_10g_gtwizard_gthe4_inst/gen_gtwizard_gthe4.gen_reset_controller_internal.gen_single_instance.gtwiz_reset_inst/sm_reset_rx_pll_timer_ctr[5]_i_1/O
                         net (fo=1, routed)           0.021     1.596    u_sfp/u_gt/inst/gen_gtwizard_gthe4_top.gt_sfp_10g_gtwizard_gthe4_inst/gen_gtwizard_gthe4.gen_reset_controller_internal.gen_single_instance.gtwiz_reset_inst/p_0_in__1[5]
    SLICE_X53Y94         FDRE                                         r  u_sfp/u_gt/inst/gen_gtwizard_gthe4_top.gt_sfp_10g_gtwizard_gthe4_inst/gen_gtwizard_gthe4.gen_reset_controller_internal.gen_single_instance.gtwiz_reset_inst/sm_reset_rx_pll_timer_ctr_reg[5]/D
  -------------------------------------------------------------------    -------------------

                         (clock clk_50m rise edge)    0.000     0.000 r  
    AE5                                               0.000     0.000 r  sys_clk_clk_p (IN)
                         net (fo=0)                   0.000     0.000    u_ibuf/I
    HPIOBDIFFINBUF_X0Y35 DIFFINBUF (Prop_DIFFINBUF_HPIOBDIFFINBUF_DIFF_IN_P_O)
                                                      0.372     0.372 r  u_ibuf/DIFFINBUF_INST/O
                         net (fo=1, routed)           0.050     0.422    u_ibuf/OUT
    AE5                  IBUFCTRL (Prop_IBUFCTRL_HPIOB_M_I_O)
                                                      0.000     0.422 r  u_ibuf/IBUFCTRL_INST/O
                         net (fo=2, routed)           0.180     0.602    sys_clk_200m
    BUFGCE_DIV_X0Y4      BUFGCE_DIV (Prop_BUFGCE_DIV_I_O)
                                                      0.101     0.703 r  u_div50/O
    X1Y2 (CLOCK_ROOT)    net (fo=212, routed)         1.072     1.775    u_sfp/u_gt/inst/gen_gtwizard_gthe4_top.gt_sfp_10g_gtwizard_gthe4_inst/gen_gtwizard_gthe4.gen_reset_controller_internal.gen_single_instance.gtwiz_reset_inst/gtwiz_reset_clk_freerun_in[0]
    SLICE_X53Y94         FDRE                                         r  u_sfp/u_gt/inst/gen_gtwizard_gthe4_top.gt_sfp_10g_gtwizard_gthe4_inst/gen_gtwizard_gthe4.gen_reset_controller_internal.gen_single_instance.gtwiz_reset_inst/sm_reset_rx_pll_timer_ctr_reg[5]/C
                         clock pessimism             -0.261     1.513    
    SLICE_X53Y94         FDRE (Hold_BFF_SLICEM_C_D)
                                                      0.046     1.559    u_sfp/u_gt/inst/gen_gtwizard_gthe4_top.gt_sfp_10g_gtwizard_gthe4_inst/gen_gtwizard_gthe4.gen_reset_controller_internal.gen_single_instance.gtwiz_reset_inst/sm_reset_rx_pll_timer_ctr_reg[5]
  -------------------------------------------------------------------
                         required time                         -1.559    
                         arrival time                           1.596    
  -------------------------------------------------------------------
                         slack                                  0.037    





Pulse Width Checks
--------------------------------------------------------------------------------------
Clock Name:         clk_50m
Waveform(ns):       { 0.000 10.000 }
Period(ns):         20.000
Sources:            { u_div50/O }

Check Type        Corner  Lib Pin  Reference Pin  Required(ns)  Actual(ns)  Slack(ns)  Location       Pin
Min Period        n/a     FDRE/C   n/a            0.550         20.000      19.450     SLICE_X52Y78   u_sfp/u_gt/inst/gen_gtwizard_gthe4_top.gt_sfp_10g_gtwizard_gthe4_inst/gen_gtwizard_gthe4.gen_reset_controller_internal.gen_single_instance.gen_ch_xrd[0].bit_synchronizer_rxresetdone_inst/i_in_meta_reg/C
Low Pulse Width   Fast    FDRE/C   n/a            0.275         10.000      9.725      SLICE_X52Y92   u_sfp/u_gt/inst/gen_gtwizard_gthe4_top.gt_sfp_10g_gtwizard_gthe4_inst/gen_gtwizard_gthe4.gen_reset_controller_internal.gen_single_instance.gen_ch_xrd[0].bit_synchronizer_rxresetdone_inst/i_in_out_reg/C
High Pulse Width  Slow    FDRE/C   n/a            0.275         10.000      9.725      SLICE_X19Y183  por_reg[1]/C



---------------------------------------------------------------------------------------------------
From Clock:  axi_clk
  To Clock:  dbg_hub/inst/BSCANID.u_xsdbm_id/SWITCH_N_EXT_BSCAN.bscan_inst/SERIES7_BSCAN.bscan_inst/INTERNAL_TCK

Setup :            0  Failing Endpoints,  Worst Slack        9.500ns,  Total Violation        0.000ns
Hold  :           NA  Failing Endpoints,  Worst Slack           NA  ,  Total Violation           NA
---------------------------------------------------------------------------------------------------


Max Delay Paths
--------------------------------------------------------------------------------------
Slack (MET) :             9.500ns  (required time - arrival time)
  Source:                 dbg_hub/inst/BSCANID.u_xsdbm_id/CORE_XSDB.UUT_MASTER/U_ICON_INTERFACE/U_CMD6_WR/U_WR_FIFO/SUBCORE_FIFO.xsdbm_v3_0_0_wrfifo_inst/inst_fifo_gen/gconvfifo.rf/grf.rf/gntv_or_sync_fifo.gcx.clkx/gnxpm_cdc.rd_pntr_gc_reg[3]/C
                            (rising edge-triggered cell FDCE clocked by axi_clk  {rise@0.000ns fall@5.000ns period=10.000ns})
  Destination:            dbg_hub/inst/BSCANID.u_xsdbm_id/CORE_XSDB.UUT_MASTER/U_ICON_INTERFACE/U_CMD6_WR/U_WR_FIFO/SUBCORE_FIFO.xsdbm_v3_0_0_wrfifo_inst/inst_fifo_gen/gconvfifo.rf/grf.rf/gntv_or_sync_fifo.gcx.clkx/gnxpm_cdc.gsync_stage[1].wr_stg_inst/Q_reg_reg[3]/D
                            (rising edge-triggered cell FDCE clocked by dbg_hub/inst/BSCANID.u_xsdbm_id/SWITCH_N_EXT_BSCAN.bscan_inst/SERIES7_BSCAN.bscan_inst/INTERNAL_TCK  {rise@0.000ns fall@25.000ns period=50.000ns})
  Path Group:             dbg_hub/inst/BSCANID.u_xsdbm_id/SWITCH_N_EXT_BSCAN.bscan_inst/SERIES7_BSCAN.bscan_inst/INTERNAL_TCK
  Path Type:              Setup (Max at Slow Process Corner)
  Requirement:            10.000ns  (MaxDelay Path 10.000ns)
  Data Path Delay:        0.527ns  (logic 0.096ns (18.216%)  route 0.431ns (81.784%))
  Logic Levels:           0  
  Timing Exception:       MaxDelay Path 10.000ns -datapath_only

    Location             Delay type                Incr(ns)  Path(ns)    Netlist Resource(s)
  -------------------------------------------------------------------    -------------------
    SLICE_X23Y187                                     0.000     0.000 r  dbg_hub/inst/BSCANID.u_xsdbm_id/CORE_XSDB.UUT_MASTER/U_ICON_INTERFACE/U_CMD6_WR/U_WR_FIFO/SUBCORE_FIFO.xsdbm_v3_0_0_wrfifo_inst/inst_fifo_gen/gconvfifo.rf/grf.rf/gntv_or_sync_fifo.gcx.clkx/gnxpm_cdc.rd_pntr_gc_reg[3]/C
    SLICE_X23Y187        FDCE (Prop_BFF_SLICEL_C_Q)
                                                      0.096     0.096 r  dbg_hub/inst/BSCANID.u_xsdbm_id/CORE_XSDB.UUT_MASTER/U_ICON_INTERFACE/U_CMD6_WR/U_WR_FIFO/SUBCORE_FIFO.xsdbm_v3_0_0_wrfifo_inst/inst_fifo_gen/gconvfifo.rf/grf.rf/gntv_or_sync_fifo.gcx.clkx/gnxpm_cdc.rd_pntr_gc_reg[3]/Q
                         net (fo=1, routed)           0.431     0.527    dbg_hub/inst/BSCANID.u_xsdbm_id/CORE_XSDB.UUT_MASTER/U_ICON_INTERFACE/U_CMD6_WR/U_WR_FIFO/SUBCORE_FIFO.xsdbm_v3_0_0_wrfifo_inst/inst_fifo_gen/gconvfifo.rf/grf.rf/gntv_or_sync_fifo.gcx.clkx/gnxpm_cdc.gsync_stage[1].wr_stg_inst/Q[3]
    SLICE_X23Y187        FDCE                                         r  dbg_hub/inst/BSCANID.u_xsdbm_id/CORE_XSDB.UUT_MASTER/U_ICON_INTERFACE/U_CMD6_WR/U_WR_FIFO/SUBCORE_FIFO.xsdbm_v3_0_0_wrfifo_inst/inst_fifo_gen/gconvfifo.rf/grf.rf/gntv_or_sync_fifo.gcx.clkx/gnxpm_cdc.gsync_stage[1].wr_stg_inst/Q_reg_reg[3]/D
  -------------------------------------------------------------------    -------------------

                         max delay                   10.000    10.000    
    SLICE_X23Y187        FDCE (Setup_GFF2_SLICEL_C_D)
                                                      0.027    10.027    dbg_hub/inst/BSCANID.u_xsdbm_id/CORE_XSDB.UUT_MASTER/U_ICON_INTERFACE/U_CMD6_WR/U_WR_FIFO/SUBCORE_FIFO.xsdbm_v3_0_0_wrfifo_inst/inst_fifo_gen/gconvfifo.rf/grf.rf/gntv_or_sync_fifo.gcx.clkx/gnxpm_cdc.gsync_stage[1].wr_stg_inst/Q_reg_reg[3]
  -------------------------------------------------------------------
                         required time                         10.027    
                         arrival time                          -0.527    
  -------------------------------------------------------------------
                         slack                                  9.500    





---------------------------------------------------------------------------------------------------
From Clock:  dbg_hub/inst/BSCANID.u_xsdbm_id/SWITCH_N_EXT_BSCAN.bscan_inst/SERIES7_BSCAN.bscan_inst/INTERNAL_TCK
  To Clock:  axi_clk

Setup :            0  Failing Endpoints,  Worst Slack       49.102ns,  Total Violation        0.000ns
Hold  :           NA  Failing Endpoints,  Worst Slack           NA  ,  Total Violation           NA
---------------------------------------------------------------------------------------------------


Max Delay Paths
--------------------------------------------------------------------------------------
Slack (MET) :             49.102ns  (required time - arrival time)
  Source:                 dbg_hub/inst/BSCANID.u_xsdbm_id/CORE_XSDB.UUT_MASTER/U_ICON_INTERFACE/U_CMD6_WR/U_WR_FIFO/SUBCORE_FIFO.xsdbm_v3_0_0_wrfifo_inst/inst_fifo_gen/gconvfifo.rf/grf.rf/gntv_or_sync_fifo.gcx.clkx/gnxpm_cdc.wr_pntr_gc_reg[2]/C
                            (rising edge-triggered cell FDCE clocked by dbg_hub/inst/BSCANID.u_xsdbm_id/SWITCH_N_EXT_BSCAN.bscan_inst/SERIES7_BSCAN.bscan_inst/INTERNAL_TCK  {rise@0.000ns fall@25.000ns period=50.000ns})
  Destination:            dbg_hub/inst/BSCANID.u_xsdbm_id/CORE_XSDB.UUT_MASTER/U_ICON_INTERFACE/U_CMD6_WR/U_WR_FIFO/SUBCORE_FIFO.xsdbm_v3_0_0_wrfifo_inst/inst_fifo_gen/gconvfifo.rf/grf.rf/gntv_or_sync_fifo.gcx.clkx/gnxpm_cdc.gsync_stage[1].rd_stg_inst/Q_reg_reg[2]/D
                            (rising edge-triggered cell FDCE clocked by axi_clk  {rise@0.000ns fall@5.000ns period=10.000ns})
  Path Group:             axi_clk
  Path Type:              Setup (Max at Slow Process Corner)
  Requirement:            50.000ns  (MaxDelay Path 50.000ns)
  Data Path Delay:        0.925ns  (logic 0.096ns (10.378%)  route 0.829ns (89.622%))
  Logic Levels:           0  
  Timing Exception:       MaxDelay Path 50.000ns -datapath_only

    Location             Delay type                Incr(ns)  Path(ns)    Netlist Resource(s)
  -------------------------------------------------------------------    -------------------
    SLICE_X21Y187                                     0.000     0.000 r  dbg_hub/inst/BSCANID.u_xsdbm_id/CORE_XSDB.UUT_MASTER/U_ICON_INTERFACE/U_CMD6_WR/U_WR_FIFO/SUBCORE_FIFO.xsdbm_v3_0_0_wrfifo_inst/inst_fifo_gen/gconvfifo.rf/grf.rf/gntv_or_sync_fifo.gcx.clkx/gnxpm_cdc.wr_pntr_gc_reg[2]/C
    SLICE_X21Y187        FDCE (Prop_DFF_SLICEM_C_Q)
                                                      0.096     0.096 r  dbg_hub/inst/BSCANID.u_xsdbm_id/CORE_XSDB.UUT_MASTER/U_ICON_INTERFACE/U_CMD6_WR/U_WR_FIFO/SUBCORE_FIFO.xsdbm_v3_0_0_wrfifo_inst/inst_fifo_gen/gconvfifo.rf/grf.rf/gntv_or_sync_fifo.gcx.clkx/gnxpm_cdc.wr_pntr_gc_reg[2]/Q
                         net (fo=1, routed)           0.829     0.925    dbg_hub/inst/BSCANID.u_xsdbm_id/CORE_XSDB.UUT_MASTER/U_ICON_INTERFACE/U_CMD6_WR/U_WR_FIFO/SUBCORE_FIFO.xsdbm_v3_0_0_wrfifo_inst/inst_fifo_gen/gconvfifo.rf/grf.rf/gntv_or_sync_fifo.gcx.clkx/gnxpm_cdc.gsync_stage[1].rd_stg_inst/Q[2]
    SLICE_X23Y187        FDCE                                         r  dbg_hub/inst/BSCANID.u_xsdbm_id/CORE_XSDB.UUT_MASTER/U_ICON_INTERFACE/U_CMD6_WR/U_WR_FIFO/SUBCORE_FIFO.xsdbm_v3_0_0_wrfifo_inst/inst_fifo_gen/gconvfifo.rf/grf.rf/gntv_or_sync_fifo.gcx.clkx/gnxpm_cdc.gsync_stage[1].rd_stg_inst/Q_reg_reg[2]/D
  -------------------------------------------------------------------    -------------------

                         max delay                   50.000    50.000    
    SLICE_X23Y187        FDCE (Setup_DFF2_SLICEL_C_D)
                                                      0.027    50.027    dbg_hub/inst/BSCANID.u_xsdbm_id/CORE_XSDB.UUT_MASTER/U_ICON_INTERFACE/U_CMD6_WR/U_WR_FIFO/SUBCORE_FIFO.xsdbm_v3_0_0_wrfifo_inst/inst_fifo_gen/gconvfifo.rf/grf.rf/gntv_or_sync_fifo.gcx.clkx/gnxpm_cdc.gsync_stage[1].rd_stg_inst/Q_reg_reg[2]
  -------------------------------------------------------------------
                         required time                         50.027    
                         arrival time                          -0.925    
  -------------------------------------------------------------------
                         slack                                 49.102    





---------------------------------------------------------------------------------------------------
From Clock:  clk_50m
  To Clock:  axi_clk

Setup :            0  Failing Endpoints,  Worst Slack        8.191ns,  Total Violation        0.000ns
Hold  :            0  Failing Endpoints,  Worst Slack        0.237ns,  Total Violation        0.000ns
---------------------------------------------------------------------------------------------------


Max Delay Paths
--------------------------------------------------------------------------------------
Slack (MET) :             8.191ns  (required time - arrival time)
  Source:                 por_reg[0]/C
                            (rising edge-triggered cell FDRE clocked by clk_50m  {rise@0.000ns fall@10.000ns period=20.000ns})
  Destination:            u_regs/s_axi_rdata_reg[0]/D
                            (rising edge-triggered cell FDCE clocked by axi_clk  {rise@0.000ns fall@5.000ns period=10.000ns})
  Path Group:             axi_clk
  Path Type:              Setup (Max at Slow Process Corner)
  Requirement:            10.000ns  (axi_clk rise@10.000ns - clk_50m rise@0.000ns)
  Data Path Delay:        1.548ns  (logic 0.586ns (37.855%)  route 0.962ns (62.145%))
  Logic Levels:           4  (LUT3=1 LUT6=3)
  Clock Path Skew:        -0.253ns (DCD - SCD + CPR)
    Destination Clock Delay (DCD):    2.630ns = ( 12.630 - 10.000 ) 
    Source Clock Delay      (SCD):    2.976ns
    Clock Pessimism Removal (CPR):    0.092ns
  Clock Uncertainty:      0.035ns  ((TSJ^2 + TIJ^2)^1/2 + DJ) / 2 + PE
    Total System Jitter     (TSJ):    0.071ns
    Total Input Jitter      (TIJ):    0.000ns
    Discrete Jitter          (DJ):    0.000ns
    Phase Error              (PE):    0.000ns
  Clock Net Delay (Source):      1.916ns (routing 0.609ns, distribution 1.307ns)
  Clock Net Delay (Destination): 1.721ns (routing 0.556ns, distribution 1.165ns)

    Location             Delay type                Incr(ns)  Path(ns)    Netlist Resource(s)
  -------------------------------------------------------------------    -------------------
                         (clock clk_50m rise edge)    0.000     0.000 r  
    AE5                                               0.000     0.000 r  sys_clk_clk_p (IN)
                         net (fo=0)                   0.000     0.000    u_ibuf/I
    HPIOBDIFFINBUF_X0Y35 DIFFINBUF (Prop_DIFFINBUF_HPIOBDIFFINBUF_DIFF_IN_P_O)
                                                      0.523     0.523 r  u_ibuf/DIFFINBUF_INST/O
                         net (fo=1, routed)           0.050     0.573    u_ibuf/OUT
    AE5                  IBUFCTRL (Prop_IBUFCTRL_HPIOB_M_I_O)
                                                      0.000     0.573 r  u_ibuf/IBUFCTRL_INST/O
                         net (fo=2, routed)           0.335     0.908    sys_clk_200m
    BUFGCE_DIV_X0Y4      BUFGCE_DIV (Prop_BUFGCE_DIV_I_O)
                                                      0.152     1.060 r  u_div50/O
    X1Y2 (CLOCK_ROOT)    net (fo=212, routed)         1.916     2.976    clk_50m
    SLICE_X18Y183        FDRE                                         r  por_reg[0]/C
  -------------------------------------------------------------------    -------------------
    SLICE_X18Y183        FDRE (Prop_HFF2_SLICEM_C_Q)
                                                      0.095     3.071 r  por_reg[0]/Q
                         net (fo=7, routed)           0.310     3.381    u_sfp/u_rst_rx1/rst_ff1_reg_0[0]
    SLICE_X18Y183        LUT6 (Prop_G6LUT_SLICEM_I2_O)
                                                      0.148     3.529 f  u_sfp/u_rst_rx1/rst_ff1_i_2/O
                         net (fo=3, routed)           0.063     3.592    u_sfp/u_rst_rx1/por_reg[4]
    SLICE_X18Y183        LUT3 (Prop_H6LUT_SLICEM_I1_O)
                                                      0.066     3.658 f  u_sfp/u_rst_rx1/rst_ff1_i_1/O
                         net (fo=14, routed)          0.284     3.942    u_regs/sel
    SLICE_X16Y183        LUT6 (Prop_H6LUT_SLICEL_I0_O)
                                                      0.179     4.121 r  u_regs/s_axi_rdata[0]_i_6/O
                         net (fo=1, routed)           0.228     4.349    u_regs/s_axi_rdata[0]_i_6_n_0
    SLICE_X13Y183        LUT6 (Prop_C6LUT_SLICEM_I5_O)
                                                      0.098     4.447 r  u_regs/s_axi_rdata[0]_i_1/O
                         net (fo=1, routed)           0.077     4.524    u_regs/s_axi_rdata[0]_i_1_n_0
    SLICE_X13Y183        FDCE                                         r  u_regs/s_axi_rdata_reg[0]/D
  -------------------------------------------------------------------    -------------------

                         (clock axi_clk rise edge)   10.000    10.000 r  
    AE5                                               0.000    10.000 r  sys_clk_clk_p (IN)
                         net (fo=0)                   0.000    10.000    u_ibuf/I
    HPIOBDIFFINBUF_X0Y35 DIFFINBUF (Prop_DIFFINBUF_HPIOBDIFFINBUF_DIFF_IN_P_O)
                                                      0.441    10.441 r  u_ibuf/DIFFINBUF_INST/O
                         net (fo=1, routed)           0.040    10.481    u_ibuf/OUT
    AE5                  IBUFCTRL (Prop_IBUFCTRL_HPIOB_M_I_O)
                                                      0.000    10.481 r  u_ibuf/IBUFCTRL_INST/O
                         net (fo=2, routed)           0.297    10.778    sys_clk_200m
    BUFGCE_DIV_X0Y5      BUFGCE_DIV (Prop_BUFGCE_DIV_I_O)
                                                      0.131    10.909 r  u_axi_div/O
    X1Y2 (CLOCK_ROOT)    net (fo=2968, routed)        1.721    12.630    u_regs/axi_clk
    SLICE_X13Y183        FDCE                                         r  u_regs/s_axi_rdata_reg[0]/C
                         clock pessimism              0.092    12.723    
                         clock uncertainty           -0.035    12.687    
    SLICE_X13Y183        FDCE (Setup_CFF_SLICEM_C_D)
                                                      0.027    12.714    u_regs/s_axi_rdata_reg[0]
  -------------------------------------------------------------------
                         required time                         12.714    
                         arrival time                          -4.524    
  -------------------------------------------------------------------
                         slack                                  8.191    





Min Delay Paths
--------------------------------------------------------------------------------------
Slack (MET) :             0.237ns  (arrival time - required time)
  Source:                 por_reg[6]/C
                            (rising edge-triggered cell FDRE clocked by clk_50m  {rise@0.000ns fall@10.000ns period=20.000ns})
  Destination:            u_regs/s_axi_rdata_reg[0]/D
                            (rising edge-triggered cell FDCE clocked by axi_clk  {rise@0.000ns fall@5.000ns period=10.000ns})
  Path Group:             axi_clk
  Path Type:              Hold (Min at Fast Process Corner)
  Requirement:            0.000ns  (axi_clk rise@0.000ns - clk_50m rise@0.000ns)
  Data Path Delay:        0.481ns  (logic 0.168ns (34.927%)  route 0.313ns (65.073%))
  Logic Levels:           3  (LUT3=1 LUT6=2)
  Clock Path Skew:        0.198ns (DCD - SCD - CPR)
    Destination Clock Delay (DCD):    1.818ns
    Source Clock Delay      (SCD):    1.511ns
    Clock Pessimism Removal (CPR):    0.108ns
  Clock Net Delay (Source):      0.965ns (routing 0.313ns, distribution 0.652ns)
  Clock Net Delay (Destination): 1.116ns (routing 0.351ns, distribution 0.765ns)

    Location             Delay type                Incr(ns)  Path(ns)    Netlist Resource(s)
  -------------------------------------------------------------------    -------------------
                         (clock clk_50m rise edge)    0.000     0.000 r  
    AE5                                               0.000     0.000 r  sys_clk_clk_p (IN)
                         net (fo=0)                   0.000     0.000    u_ibuf/I
    HPIOBDIFFINBUF_X0Y35 DIFFINBUF (Prop_DIFFINBUF_HPIOBDIFFINBUF_DIFF_IN_P_O)
                                                      0.273     0.273 r  u_ibuf/DIFFINBUF_INST/O
                         net (fo=1, routed)           0.040     0.313    u_ibuf/OUT
    AE5                  IBUFCTRL (Prop_IBUFCTRL_HPIOB_M_I_O)
                                                      0.000     0.313 r  u_ibuf/IBUFCTRL_INST/O
                         net (fo=2, routed)           0.144     0.457    sys_clk_200m
    BUFGCE_DIV_X0Y4      BUFGCE_DIV (Prop_BUFGCE_DIV_I_O)
                                                      0.089     0.546 r  u_div50/O
    X1Y2 (CLOCK_ROOT)    net (fo=212, routed)         0.965     1.511    clk_50m
    SLICE_X18Y183        FDRE                                         r  por_reg[6]/C
  -------------------------------------------------------------------    -------------------
    SLICE_X18Y183        FDRE (Prop_CFF_SLICEM_C_Q)
                                                      0.038     1.549 r  por_reg[6]/Q
                         net (fo=3, routed)           0.080     1.629    u_sfp/u_rst_rx1/rst_ff1_reg_0[6]
    SLICE_X18Y183        LUT3 (Prop_H6LUT_SLICEM_I0_O)
                                                      0.035     1.664 f  u_sfp/u_rst_rx1/rst_ff1_i_1/O
                         net (fo=14, routed)          0.111     1.775    u_regs/sel
    SLICE_X16Y183        LUT6 (Prop_H6LUT_SLICEL_I0_O)
                                                      0.060     1.835 r  u_regs/s_axi_rdata[0]_i_6/O
                         net (fo=1, routed)           0.098     1.933    u_regs/s_axi_rdata[0]_i_6_n_0
    SLICE_X13Y183        LUT6 (Prop_C6LUT_SLICEM_I5_O)
                                                      0.035     1.968 r  u_regs/s_axi_rdata[0]_i_1/O
                         net (fo=1, routed)           0.024     1.992    u_regs/s_axi_rdata[0]_i_1_n_0
    SLICE_X13Y183        FDCE                                         r  u_regs/s_axi_rdata_reg[0]/D
  -------------------------------------------------------------------    -------------------

                         (clock axi_clk rise edge)    0.000     0.000 r  
    AE5                                               0.000     0.000 r  sys_clk_clk_p (IN)
                         net (fo=0)                   0.000     0.000    u_ibuf/I
    HPIOBDIFFINBUF_X0Y35 DIFFINBUF (Prop_DIFFINBUF_HPIOBDIFFINBUF_DIFF_IN_P_O)
                                                      0.372     0.372 r  u_ibuf/DIFFINBUF_INST/O
                         net (fo=1, routed)           0.050     0.422    u_ibuf/OUT
    AE5                  IBUFCTRL (Prop_IBUFCTRL_HPIOB_M_I_O)
                                                      0.000     0.422 r  u_ibuf/IBUFCTRL_INST/O
                         net (fo=2, routed)           0.180     0.602    sys_clk_200m
    BUFGCE_DIV_X0Y5      BUFGCE_DIV (Prop_BUFGCE_DIV_I_O)
                                                      0.100     0.702 r  u_axi_div/O
    X1Y2 (CLOCK_ROOT)    net (fo=2968, routed)        1.116     1.818    u_regs/axi_clk
    SLICE_X13Y183        FDCE                                         r  u_regs/s_axi_rdata_reg[0]/C
                         clock pessimism             -0.108     1.709    
    SLICE_X13Y183        FDCE (Hold_CFF_SLICEM_C_D)
                                                      0.046     1.755    u_regs/s_axi_rdata_reg[0]
  -------------------------------------------------------------------
                         required time                         -1.755    
                         arrival time                           1.992    
  -------------------------------------------------------------------
                         slack                                  0.237    





---------------------------------------------------------------------------------------------------
Path Group:  **async_default**
From Clock:  axi_clk
  To Clock:  axi_clk

Setup :            0  Failing Endpoints,  Worst Slack        6.344ns,  Total Violation        0.000ns
Hold  :            0  Failing Endpoints,  Worst Slack        0.122ns,  Total Violation        0.000ns
---------------------------------------------------------------------------------------------------


Max Delay Paths
--------------------------------------------------------------------------------------
Slack (MET) :             6.344ns  (required time - arrival time)
  Source:                 u_regs/reg_ctrl_reg[1]_rep/C
                            (rising edge-triggered cell FDCE clocked by axi_clk  {rise@0.000ns fall@5.000ns period=10.000ns})
  Destination:            u_sfp/u_cdc_bd0/meta_reg/CLR
                            (recovery check against rising-edge clock axi_clk  {rise@0.000ns fall@5.000ns period=10.000ns})
  Path Group:             **async_default**
  Path Type:              Recovery (Max at Slow Process Corner)
  Requirement:            10.000ns  (axi_clk rise@10.000ns - axi_clk rise@0.000ns)
  Data Path Delay:        3.196ns  (logic 0.131ns (4.099%)  route 3.065ns (95.901%))
  Logic Levels:           1  (LUT2=1)
  Clock Path Skew:        -0.353ns (DCD - SCD + CPR)
    Destination Clock Delay (DCD):    2.488ns = ( 12.488 - 10.000 ) 
    Source Clock Delay      (SCD):    3.047ns
    Clock Pessimism Removal (CPR):    0.205ns
  Clock Uncertainty:      0.035ns  ((TSJ^2 + TIJ^2)^1/2 + DJ) / 2 + PE
    Total System Jitter     (TSJ):    0.071ns
    Total Input Jitter      (TIJ):    0.000ns
    Discrete Jitter          (DJ):    0.000ns
    Phase Error              (PE):    0.000ns
  Clock Net Delay (Source):      1.988ns (routing 0.612ns, distribution 1.376ns)
  Clock Net Delay (Destination): 1.579ns (routing 0.556ns, distribution 1.023ns)

    Location             Delay type                Incr(ns)  Path(ns)    Netlist Resource(s)
  -------------------------------------------------------------------    -------------------
                         (clock axi_clk rise edge)    0.000     0.000 r  
    AE5                                               0.000     0.000 r  sys_clk_clk_p (IN)
                         net (fo=0)                   0.000     0.000    u_ibuf/I
    HPIOBDIFFINBUF_X0Y35 DIFFINBUF (Prop_DIFFINBUF_HPIOBDIFFINBUF_DIFF_IN_P_O)
                                                      0.523     0.523 r  u_ibuf/DIFFINBUF_INST/O
                         net (fo=1, routed)           0.050     0.573    u_ibuf/OUT
    AE5                  IBUFCTRL (Prop_IBUFCTRL_HPIOB_M_I_O)
                                                      0.000     0.573 r  u_ibuf/IBUFCTRL_INST/O
                         net (fo=2, routed)           0.335     0.908    sys_clk_200m
    BUFGCE_DIV_X0Y5      BUFGCE_DIV (Prop_BUFGCE_DIV_I_O)
                                                      0.151     1.059 r  u_axi_div/O
    X1Y2 (CLOCK_ROOT)    net (fo=2968, routed)        1.988     3.047    u_regs/axi_clk
    SLICE_X8Y189         FDCE                                         r  u_regs/reg_ctrl_reg[1]_rep/C
  -------------------------------------------------------------------    -------------------
    SLICE_X8Y189         FDCE (Prop_EFF_SLICEM_C_Q)
                                                      0.093     3.140 f  u_regs/reg_ctrl_reg[1]_rep/Q
                         net (fo=102, routed)         0.864     4.004    u_regs/reg_ctrl_reg[1]_rep_0
    SLICE_X16Y182        LUT2 (Prop_G6LUT_SLICEL_I0_O)
                                                      0.038     4.042 f  u_regs/u_gt_i_1/O
                         net (fo=35, routed)          2.201     6.243    u_sfp/u_cdc_bd0/gtwiz_reset_all_in[0]
    SLICE_X43Y100        FDCE                                         f  u_sfp/u_cdc_bd0/meta_reg/CLR
  -------------------------------------------------------------------    -------------------

                         (clock axi_clk rise edge)   10.000    10.000 r  
    AE5                                               0.000    10.000 r  sys_clk_clk_p (IN)
                         net (fo=0)                   0.000    10.000    u_ibuf/I
    HPIOBDIFFINBUF_X0Y35 DIFFINBUF (Prop_DIFFINBUF_HPIOBDIFFINBUF_DIFF_IN_P_O)
                                                      0.441    10.441 r  u_ibuf/DIFFINBUF_INST/O
                         net (fo=1, routed)           0.040    10.481    u_ibuf/OUT
    AE5                  IBUFCTRL (Prop_IBUFCTRL_HPIOB_M_I_O)
                                                      0.000    10.481 r  u_ibuf/IBUFCTRL_INST/O
                         net (fo=2, routed)           0.297    10.778    sys_clk_200m
    BUFGCE_DIV_X0Y5      BUFGCE_DIV (Prop_BUFGCE_DIV_I_O)
                                                      0.131    10.909 r  u_axi_div/O
    X1Y2 (CLOCK_ROOT)    net (fo=2968, routed)        1.579    12.488    u_sfp/u_cdc_bd0/axi_clk
    SLICE_X43Y100        FDCE                                         r  u_sfp/u_cdc_bd0/meta_reg/C
                         clock pessimism              0.205    12.694    
                         clock uncertainty           -0.035    12.658    
    SLICE_X43Y100        FDCE (Recov_EFF_SLICEM_C_CLR)
                                                     -0.072    12.586    u_sfp/u_cdc_bd0/meta_reg
  -------------------------------------------------------------------
                         required time                         12.586    
                         arrival time                          -6.243    
  -------------------------------------------------------------------
                         slack                                  6.344    





Min Delay Paths
--------------------------------------------------------------------------------------
Slack (MET) :             0.122ns  (arrival time - required time)
  Source:                 dbg_hub/inst/BSCANID.u_xsdbm_id/CORE_XSDB.UUT_MASTER/U_ICON_INTERFACE/U_CMD6_WR/U_WR_FIFO/SUBCORE_FIFO.xsdbm_v3_0_0_wrfifo_inst/inst_fifo_gen/gconvfifo.rf/grf.rf/rstblk/ngwrdrst.grst.g7serrst.rd_rst_reg_reg[2]/C
                            (rising edge-triggered cell FDPE clocked by axi_clk  {rise@0.000ns fall@5.000ns period=10.000ns})
  Destination:            dbg_hub/inst/BSCANID.u_xsdbm_id/CORE_XSDB.UUT_MASTER/U_ICON_INTERFACE/U_CMD6_WR/U_WR_FIFO/SUBCORE_FIFO.xsdbm_v3_0_0_wrfifo_inst/inst_fifo_gen/gconvfifo.rf/grf.rf/gntv_or_sync_fifo.gl0.rd/gras.rsts/ram_empty_fb_i_reg/PRE
                            (removal check against rising-edge clock axi_clk  {rise@0.000ns fall@5.000ns period=10.000ns})
  Path Group:             **async_default**
  Path Type:              Removal (Min at Fast Process Corner)
  Requirement:            0.000ns  (axi_clk rise@0.000ns - axi_clk rise@0.000ns)
  Data Path Delay:        0.112ns  (logic 0.039ns (34.821%)  route 0.073ns (65.179%))
  Logic Levels:           0  
  Clock Path Skew:        0.010ns (DCD - SCD - CPR)
    Destination Clock Delay (DCD):    1.793ns
    Source Clock Delay      (SCD):    1.516ns
    Clock Pessimism Removal (CPR):    0.266ns
  Clock Net Delay (Source):      0.970ns (routing 0.315ns, distribution 0.655ns)
  Clock Net Delay (Destination): 1.091ns (routing 0.351ns, distribution 0.740ns)

    Location             Delay type                Incr(ns)  Path(ns)    Netlist Resource(s)
  -------------------------------------------------------------------    -------------------
                         (clock axi_clk rise edge)    0.000     0.000 r  
    AE5                                               0.000     0.000 r  sys_clk_clk_p (IN)
                         net (fo=0)                   0.000     0.000    u_ibuf/I
    HPIOBDIFFINBUF_X0Y35 DIFFINBUF (Prop_DIFFINBUF_HPIOBDIFFINBUF_DIFF_IN_P_O)
                                                      0.273     0.273 r  u_ibuf/DIFFINBUF_INST/O
                         net (fo=1, routed)           0.040     0.313    u_ibuf/OUT
    AE5                  IBUFCTRL (Prop_IBUFCTRL_HPIOB_M_I_O)
                                                      0.000     0.313 r  u_ibuf/IBUFCTRL_INST/O
                         net (fo=2, routed)           0.144     0.457    sys_clk_200m
    BUFGCE_DIV_X0Y5      BUFGCE_DIV (Prop_BUFGCE_DIV_I_O)
                                                      0.089     0.546 r  u_axi_div/O
    X1Y2 (CLOCK_ROOT)    net (fo=2968, routed)        0.970     1.516    dbg_hub/inst/BSCANID.u_xsdbm_id/CORE_XSDB.UUT_MASTER/U_ICON_INTERFACE/U_CMD6_WR/U_WR_FIFO/SUBCORE_FIFO.xsdbm_v3_0_0_wrfifo_inst/inst_fifo_gen/gconvfifo.rf/grf.rf/rstblk/rd_clk
    SLICE_X22Y186        FDPE                                         r  dbg_hub/inst/BSCANID.u_xsdbm_id/CORE_XSDB.UUT_MASTER/U_ICON_INTERFACE/U_CMD6_WR/U_WR_FIFO/SUBCORE_FIFO.xsdbm_v3_0_0_wrfifo_inst/inst_fifo_gen/gconvfifo.rf/grf.rf/rstblk/ngwrdrst.grst.g7serrst.rd_rst_reg_reg[2]/C
  -------------------------------------------------------------------    -------------------
    SLICE_X22Y186        FDPE (Prop_FFF_SLICEL_C_Q)
                                                      0.039     1.555 f  dbg_hub/inst/BSCANID.u_xsdbm_id/CORE_XSDB.UUT_MASTER/U_ICON_INTERFACE/U_CMD6_WR/U_WR_FIFO/SUBCORE_FIFO.xsdbm_v3_0_0_wrfifo_inst/inst_fifo_gen/gconvfifo.rf/grf.rf/rstblk/ngwrdrst.grst.g7serrst.rd_rst_reg_reg[2]/Q
                         net (fo=10, routed)          0.073     1.628    dbg_hub/inst/BSCANID.u_xsdbm_id/CORE_XSDB.UUT_MASTER/U_ICON_INTERFACE/U_CMD6_WR/U_WR_FIFO/SUBCORE_FIFO.xsdbm_v3_0_0_wrfifo_inst/inst_fifo_gen/gconvfifo.rf/grf.rf/gntv_or_sync_fifo.gl0.rd/gras.rsts/AR[0]
    SLICE_X22Y186        FDPE                                         f  dbg_hub/inst/BSCANID.u_xsdbm_id/CORE_XSDB.UUT_MASTER/U_ICON_INTERFACE/U_CMD6_WR/U_WR_FIFO/SUBCORE_FIFO.xsdbm_v3_0_0_wrfifo_inst/inst_fifo_gen/gconvfifo.rf/grf.rf/gntv_or_sync_fifo.gl0.rd/gras.rsts/ram_empty_fb_i_reg/PRE
  -------------------------------------------------------------------    -------------------

                         (clock axi_clk rise edge)    0.000     0.000 r  
    AE5                                               0.000     0.000 r  sys_clk_clk_p (IN)
                         net (fo=0)                   0.000     0.000    u_ibuf/I
    HPIOBDIFFINBUF_X0Y35 DIFFINBUF (Prop_DIFFINBUF_HPIOBDIFFINBUF_DIFF_IN_P_O)
                                                      0.372     0.372 r  u_ibuf/DIFFINBUF_INST/O
                         net (fo=1, routed)           0.050     0.422    u_ibuf/OUT
    AE5                  IBUFCTRL (Prop_IBUFCTRL_HPIOB_M_I_O)
                                                      0.000     0.422 r  u_ibuf/IBUFCTRL_INST/O
                         net (fo=2, routed)           0.180     0.602    sys_clk_200m
    BUFGCE_DIV_X0Y5      BUFGCE_DIV (Prop_BUFGCE_DIV_I_O)
                                                      0.100     0.702 r  u_axi_div/O
    X1Y2 (CLOCK_ROOT)    net (fo=2968, routed)        1.091     1.793    dbg_hub/inst/BSCANID.u_xsdbm_id/CORE_XSDB.UUT_MASTER/U_ICON_INTERFACE/U_CMD6_WR/U_WR_FIFO/SUBCORE_FIFO.xsdbm_v3_0_0_wrfifo_inst/inst_fifo_gen/gconvfifo.rf/grf.rf/gntv_or_sync_fifo.gl0.rd/gras.rsts/rd_clk
    SLICE_X22Y186        FDPE                                         r  dbg_hub/inst/BSCANID.u_xsdbm_id/CORE_XSDB.UUT_MASTER/U_ICON_INTERFACE/U_CMD6_WR/U_WR_FIFO/SUBCORE_FIFO.xsdbm_v3_0_0_wrfifo_inst/inst_fifo_gen/gconvfifo.rf/grf.rf/gntv_or_sync_fifo.gl0.rd/gras.rsts/ram_empty_fb_i_reg/C
                         clock pessimism             -0.266     1.527    
    SLICE_X22Y186        FDPE (Remov_AFF_SLICEL_C_PRE)
                                                     -0.020     1.507    dbg_hub/inst/BSCANID.u_xsdbm_id/CORE_XSDB.UUT_MASTER/U_ICON_INTERFACE/U_CMD6_WR/U_WR_FIFO/SUBCORE_FIFO.xsdbm_v3_0_0_wrfifo_inst/inst_fifo_gen/gconvfifo.rf/grf.rf/gntv_or_sync_fifo.gl0.rd/gras.rsts/ram_empty_fb_i_reg
  -------------------------------------------------------------------
                         required time                         -1.507    
                         arrival time                           1.628    
  -------------------------------------------------------------------
                         slack                                  0.122    





---------------------------------------------------------------------------------------------------
Path Group:  **async_default**
From Clock:  clk_50m
  To Clock:  axi_clk

Setup :            0  Failing Endpoints,  Worst Slack        6.313ns,  Total Violation        0.000ns
Hold  :            0  Failing Endpoints,  Worst Slack        0.097ns,  Total Violation        0.000ns
---------------------------------------------------------------------------------------------------


Max Delay Paths
--------------------------------------------------------------------------------------
Slack (MET) :             6.313ns  (required time - arrival time)
  Source:                 por_reg[0]/C
                            (rising edge-triggered cell FDRE clocked by clk_50m  {rise@0.000ns fall@10.000ns period=20.000ns})
  Destination:            u_sfp/u_cdc_bd0/meta_reg/CLR
                            (recovery check against rising-edge clock axi_clk  {rise@0.000ns fall@5.000ns period=10.000ns})
  Path Group:             **async_default**
  Path Type:              Recovery (Max at Slow Process Corner)
  Requirement:            10.000ns  (axi_clk rise@10.000ns - clk_50m rise@0.000ns)
  Data Path Delay:        3.185ns  (logic 0.372ns (11.680%)  route 2.813ns (88.320%))
  Logic Levels:           3  (LUT2=1 LUT3=1 LUT6=1)
  Clock Path Skew:        -0.395ns (DCD - SCD + CPR)
    Destination Clock Delay (DCD):    2.488ns = ( 12.488 - 10.000 ) 
    Source Clock Delay      (SCD):    2.976ns
    Clock Pessimism Removal (CPR):    0.092ns
  Clock Uncertainty:      0.035ns  ((TSJ^2 + TIJ^2)^1/2 + DJ) / 2 + PE
    Total System Jitter     (TSJ):    0.071ns
    Total Input Jitter      (TIJ):    0.000ns
    Discrete Jitter          (DJ):    0.000ns
    Phase Error              (PE):    0.000ns
  Clock Net Delay (Source):      1.916ns (routing 0.609ns, distribution 1.307ns)
  Clock Net Delay (Destination): 1.579ns (routing 0.556ns, distribution 1.023ns)

    Location             Delay type                Incr(ns)  Path(ns)    Netlist Resource(s)
  -------------------------------------------------------------------    -------------------
                         (clock clk_50m rise edge)    0.000     0.000 r  
    AE5                                               0.000     0.000 r  sys_clk_clk_p (IN)
                         net (fo=0)                   0.000     0.000    u_ibuf/I
    HPIOBDIFFINBUF_X0Y35 DIFFINBUF (Prop_DIFFINBUF_HPIOBDIFFINBUF_DIFF_IN_P_O)
                                                      0.523     0.523 r  u_ibuf/DIFFINBUF_INST/O
                         net (fo=1, routed)           0.050     0.573    u_ibuf/OUT
    AE5                  IBUFCTRL (Prop_IBUFCTRL_HPIOB_M_I_O)
                                                      0.000     0.573 r  u_ibuf/IBUFCTRL_INST/O
                         net (fo=2, routed)           0.335     0.908    sys_clk_200m
    BUFGCE_DIV_X0Y4      BUFGCE_DIV (Prop_BUFGCE_DIV_I_O)
                                                      0.152     1.060 r  u_div50/O
    X1Y2 (CLOCK_ROOT)    net (fo=212, routed)         1.916     2.976    clk_50m
    SLICE_X18Y183        FDRE                                         r  por_reg[0]/C
  -------------------------------------------------------------------    -------------------
    SLICE_X18Y183        FDRE (Prop_HFF2_SLICEM_C_Q)
                                                      0.095     3.071 r  por_reg[0]/Q
                         net (fo=7, routed)           0.310     3.381    u_sfp/u_rst_rx1/rst_ff1_reg_0[0]
    SLICE_X18Y183        LUT6 (Prop_G6LUT_SLICEM_I2_O)
                                                      0.148     3.529 f  u_sfp/u_rst_rx1/rst_ff1_i_2/O
                         net (fo=3, routed)           0.063     3.592    u_sfp/u_rst_rx1/por_reg[4]
    SLICE_X18Y183        LUT3 (Prop_H6LUT_SLICEM_I1_O)
                                                      0.066     3.658 f  u_sfp/u_rst_rx1/rst_ff1_i_1/O
                         net (fo=14, routed)          0.239     3.897    u_regs/sel
    SLICE_X16Y182        LUT2 (Prop_G6LUT_SLICEL_I1_O)
                                                      0.063     3.960 f  u_regs/u_gt_i_1/O
                         net (fo=35, routed)          2.201     6.161    u_sfp/u_cdc_bd0/gtwiz_reset_all_in[0]
    SLICE_X43Y100        FDCE                                         f  u_sfp/u_cdc_bd0/meta_reg/CLR
  -------------------------------------------------------------------    -------------------

                         (clock axi_clk rise edge)   10.000    10.000 r  
    AE5                                               0.000    10.000 r  sys_clk_clk_p (IN)
                         net (fo=0)                   0.000    10.000    u_ibuf/I
    HPIOBDIFFINBUF_X0Y35 DIFFINBUF (Prop_DIFFINBUF_HPIOBDIFFINBUF_DIFF_IN_P_O)
                                                      0.441    10.441 r  u_ibuf/DIFFINBUF_INST/O
                         net (fo=1, routed)           0.040    10.481    u_ibuf/OUT
    AE5                  IBUFCTRL (Prop_IBUFCTRL_HPIOB_M_I_O)
                                                      0.000    10.481 r  u_ibuf/IBUFCTRL_INST/O
                         net (fo=2, routed)           0.297    10.778    sys_clk_200m
    BUFGCE_DIV_X0Y5      BUFGCE_DIV (Prop_BUFGCE_DIV_I_O)
                                                      0.131    10.909 r  u_axi_div/O
    X1Y2 (CLOCK_ROOT)    net (fo=2968, routed)        1.579    12.488    u_sfp/u_cdc_bd0/axi_clk
    SLICE_X43Y100        FDCE                                         r  u_sfp/u_cdc_bd0/meta_reg/C
                         clock pessimism              0.092    12.581    
                         clock uncertainty           -0.035    12.545    
    SLICE_X43Y100        FDCE (Recov_EFF_SLICEM_C_CLR)
                                                     -0.072    12.473    u_sfp/u_cdc_bd0/meta_reg
  -------------------------------------------------------------------
                         required time                         12.473    
                         arrival time                          -6.161    
  -------------------------------------------------------------------
                         slack                                  6.313    





Min Delay Paths
--------------------------------------------------------------------------------------
Slack (MET) :             0.097ns  (arrival time - required time)
  Source:                 por_reg[6]/C
                            (rising edge-triggered cell FDRE clocked by clk_50m  {rise@0.000ns fall@10.000ns period=20.000ns})
  Destination:            u_axi_rst/rst_ff1_reg/CLR
                            (removal check against rising-edge clock axi_clk  {rise@0.000ns fall@5.000ns period=10.000ns})
  Path Group:             **async_default**
  Path Type:              Removal (Min at Fast Process Corner)
  Requirement:            0.000ns  (axi_clk rise@0.000ns - clk_50m rise@0.000ns)
  Data Path Delay:        0.257ns  (logic 0.073ns (28.405%)  route 0.184ns (71.595%))
  Logic Levels:           1  (LUT3=1)
  Clock Path Skew:        0.180ns (DCD - SCD - CPR)
    Destination Clock Delay (DCD):    1.800ns
    Source Clock Delay      (SCD):    1.511ns
    Clock Pessimism Removal (CPR):    0.108ns
  Clock Net Delay (Source):      0.965ns (routing 0.313ns, distribution 0.652ns)
  Clock Net Delay (Destination): 1.098ns (routing 0.351ns, distribution 0.747ns)

    Location             Delay type                Incr(ns)  Path(ns)    Netlist Resource(s)
  -------------------------------------------------------------------    -------------------
                         (clock clk_50m rise edge)    0.000     0.000 r  
    AE5                                               0.000     0.000 r  sys_clk_clk_p (IN)
                         net (fo=0)                   0.000     0.000    u_ibuf/I
    HPIOBDIFFINBUF_X0Y35 DIFFINBUF (Prop_DIFFINBUF_HPIOBDIFFINBUF_DIFF_IN_P_O)
                                                      0.273     0.273 r  u_ibuf/DIFFINBUF_INST/O
                         net (fo=1, routed)           0.040     0.313    u_ibuf/OUT
    AE5                  IBUFCTRL (Prop_IBUFCTRL_HPIOB_M_I_O)
                                                      0.000     0.313 r  u_ibuf/IBUFCTRL_INST/O
                         net (fo=2, routed)           0.144     0.457    sys_clk_200m
    BUFGCE_DIV_X0Y4      BUFGCE_DIV (Prop_BUFGCE_DIV_I_O)
                                                      0.089     0.546 r  u_div50/O
    X1Y2 (CLOCK_ROOT)    net (fo=212, routed)         0.965     1.511    clk_50m
    SLICE_X18Y183        FDRE                                         r  por_reg[6]/C
  -------------------------------------------------------------------    -------------------
    SLICE_X18Y183        FDRE (Prop_CFF_SLICEM_C_Q)
                                                      0.038     1.549 r  por_reg[6]/Q
                         net (fo=3, routed)           0.080     1.629    u_sfp/u_rst_rx1/rst_ff1_reg_0[6]
    SLICE_X18Y183        LUT3 (Prop_H6LUT_SLICEM_I0_O)
                                                      0.035     1.664 f  u_sfp/u_rst_rx1/rst_ff1_i_1/O
                         net (fo=14, routed)          0.104     1.768    u_axi_rst/sel
    SLICE_X18Y184        FDCE                                         f  u_axi_rst/rst_ff1_reg/CLR
  -------------------------------------------------------------------    -------------------

                         (clock axi_clk rise edge)    0.000     0.000 r  
    AE5                                               0.000     0.000 r  sys_clk_clk_p (IN)
                         net (fo=0)                   0.000     0.000    u_ibuf/I
    HPIOBDIFFINBUF_X0Y35 DIFFINBUF (Prop_DIFFINBUF_HPIOBDIFFINBUF_DIFF_IN_P_O)
                                                      0.372     0.372 r  u_ibuf/DIFFINBUF_INST/O
                         net (fo=1, routed)           0.050     0.422    u_ibuf/OUT
    AE5                  IBUFCTRL (Prop_IBUFCTRL_HPIOB_M_I_O)
                                                      0.000     0.422 r  u_ibuf/IBUFCTRL_INST/O
                         net (fo=2, routed)           0.180     0.602    sys_clk_200m
    BUFGCE_DIV_X0Y5      BUFGCE_DIV (Prop_BUFGCE_DIV_I_O)
                                                      0.100     0.702 r  u_axi_div/O
    X1Y2 (CLOCK_ROOT)    net (fo=2968, routed)        1.098     1.800    u_axi_rst/axi_clk
    SLICE_X18Y184        FDCE                                         r  u_axi_rst/rst_ff1_reg/C
                         clock pessimism             -0.108     1.691    
    SLICE_X18Y184        FDCE (Remov_EFF_SLICEM_C_CLR)
                                                     -0.020     1.671    u_axi_rst/rst_ff1_reg
  -------------------------------------------------------------------
                         required time                         -1.671    
                         arrival time                           1.768    
  -------------------------------------------------------------------
                         slack                                  0.097    





---------------------------------------------------------------------------------------------------
Path Group:  **async_default**
From Clock:  axi_clk
  To Clock:  clk_50m

Setup :            0  Failing Endpoints,  Worst Slack        5.729ns,  Total Violation        0.000ns
Hold  :            0  Failing Endpoints,  Worst Slack        1.637ns,  Total Violation        0.000ns
---------------------------------------------------------------------------------------------------


Max Delay Paths
--------------------------------------------------------------------------------------
Slack (MET) :             5.729ns  (required time - arrival time)
  Source:                 u_regs/reg_ctrl_reg[1]_rep/C
                            (rising edge-triggered cell FDCE clocked by axi_clk  {rise@0.000ns fall@5.000ns period=10.000ns})
  Destination:            u_sfp/slip_hold_reg[1]/CLR
                            (recovery check against rising-edge clock clk_50m  {rise@0.000ns fall@10.000ns period=20.000ns})
  Path Group:             **async_default**
  Path Type:              Recovery (Max at Slow Process Corner)
  Requirement:            10.000ns  (clk_50m rise@20.000ns - axi_clk rise@10.000ns)
  Data Path Delay:        3.765ns  (logic 0.131ns (3.479%)  route 3.634ns (96.521%))
  Logic Levels:           1  (LUT2=1)
  Clock Path Skew:        -0.399ns (DCD - SCD + CPR)
    Destination Clock Delay (DCD):    2.555ns = ( 22.555 - 20.000 ) 
    Source Clock Delay      (SCD):    3.047ns = ( 13.047 - 10.000 ) 
    Clock Pessimism Removal (CPR):    0.092ns
  Clock Uncertainty:      0.035ns  ((TSJ^2 + TIJ^2)^1/2 + DJ) / 2 + PE
    Total System Jitter     (TSJ):    0.071ns
    Total Input Jitter      (TIJ):    0.000ns
    Discrete Jitter          (DJ):    0.000ns
    Phase Error              (PE):    0.000ns
  Clock Net Delay (Source):      1.988ns (routing 0.612ns, distribution 1.376ns)
  Clock Net Delay (Destination): 1.645ns (routing 0.552ns, distribution 1.093ns)

    Location             Delay type                Incr(ns)  Path(ns)    Netlist Resource(s)
  -------------------------------------------------------------------    -------------------
                         (clock axi_clk rise edge)   10.000    10.000 r  
    AE5                                               0.000    10.000 r  sys_clk_clk_p (IN)
                         net (fo=0)                   0.000    10.000    u_ibuf/I
    HPIOBDIFFINBUF_X0Y35 DIFFINBUF (Prop_DIFFINBUF_HPIOBDIFFINBUF_DIFF_IN_P_O)
                                                      0.523    10.523 r  u_ibuf/DIFFINBUF_INST/O
                         net (fo=1, routed)           0.050    10.573    u_ibuf/OUT
    AE5                  IBUFCTRL (Prop_IBUFCTRL_HPIOB_M_I_O)
                                                      0.000    10.573 r  u_ibuf/IBUFCTRL_INST/O
                         net (fo=2, routed)           0.335    10.908    sys_clk_200m
    BUFGCE_DIV_X0Y5      BUFGCE_DIV (Prop_BUFGCE_DIV_I_O)
                                                      0.151    11.059 r  u_axi_div/O
    X1Y2 (CLOCK_ROOT)    net (fo=2968, routed)        1.988    13.047    u_regs/axi_clk
    SLICE_X8Y189         FDCE                                         r  u_regs/reg_ctrl_reg[1]_rep/C
  -------------------------------------------------------------------    -------------------
    SLICE_X8Y189         FDCE (Prop_EFF_SLICEM_C_Q)
                                                      0.093    13.140 f  u_regs/reg_ctrl_reg[1]_rep/Q
                         net (fo=102, routed)         0.864    14.004    u_regs/reg_ctrl_reg[1]_rep_0
    SLICE_X16Y182        LUT2 (Prop_G6LUT_SLICEL_I0_O)
                                                      0.038    14.042 f  u_regs/u_gt_i_1/O
                         net (fo=35, routed)          2.770    16.812    u_sfp/gtwiz_reset_all_in[0]
    SLICE_X53Y98         FDCE                                         f  u_sfp/slip_hold_reg[1]/CLR
  -------------------------------------------------------------------    -------------------

                         (clock clk_50m rise edge)   20.000    20.000 r  
    AE5                                               0.000    20.000 r  sys_clk_clk_p (IN)
                         net (fo=0)                   0.000    20.000    u_ibuf/I
    HPIOBDIFFINBUF_X0Y35 DIFFINBUF (Prop_DIFFINBUF_HPIOBDIFFINBUF_DIFF_IN_P_O)
                                                      0.441    20.441 r  u_ibuf/DIFFINBUF_INST/O
                         net (fo=1, routed)           0.040    20.481    u_ibuf/OUT
    AE5                  IBUFCTRL (Prop_IBUFCTRL_HPIOB_M_I_O)
                                                      0.000    20.481 r  u_ibuf/IBUFCTRL_INST/O
                         net (fo=2, routed)           0.297    20.778    sys_clk_200m
    BUFGCE_DIV_X0Y4      BUFGCE_DIV (Prop_BUFGCE_DIV_I_O)
                                                      0.132    20.910 r  u_div50/O
    X1Y2 (CLOCK_ROOT)    net (fo=212, routed)         1.645    22.555    u_sfp/CLK
    SLICE_X53Y98         FDCE                                         r  u_sfp/slip_hold_reg[1]/C
                         clock pessimism              0.092    22.648    
                         clock uncertainty           -0.035    22.612    
    SLICE_X53Y98         FDCE (Recov_CFF2_SLICEM_C_CLR)
                                                     -0.072    22.540    u_sfp/slip_hold_reg[1]
  -------------------------------------------------------------------
                         required time                         22.540    
                         arrival time                         -16.812    
  -------------------------------------------------------------------
                         slack                                  5.729    





Min Delay Paths
--------------------------------------------------------------------------------------
Slack (MET) :             1.637ns  (arrival time - required time)
  Source:                 u_regs/reg_ctrl_reg[1]_rep/C
                            (rising edge-triggered cell FDCE clocked by axi_clk  {rise@0.000ns fall@5.000ns period=10.000ns})
  Destination:            u_sfp/slip_hold_reg[1]/CLR
                            (removal check against rising-edge clock clk_50m  {rise@0.000ns fall@10.000ns period=20.000ns})
  Path Group:             **async_default**
  Path Type:              Removal (Min at Fast Process Corner)
  Requirement:            0.000ns  (clk_50m rise@0.000ns - axi_clk rise@0.000ns)
  Data Path Delay:        1.741ns  (logic 0.052ns (2.987%)  route 1.689ns (97.013%))
  Logic Levels:           1  (LUT2=1)
  Clock Path Skew:        0.124ns (DCD - SCD - CPR)
    Destination Clock Delay (DCD):    1.778ns
    Source Clock Delay      (SCD):    1.545ns
    Clock Pessimism Removal (CPR):    0.108ns
  Clock Net Delay (Source):      0.999ns (routing 0.315ns, distribution 0.684ns)
  Clock Net Delay (Destination): 1.075ns (routing 0.347ns, distribution 0.728ns)

    Location             Delay type                Incr(ns)  Path(ns)    Netlist Resource(s)
  -------------------------------------------------------------------    -------------------
                         (clock axi_clk rise edge)    0.000     0.000 r  
    AE5                                               0.000     0.000 r  sys_clk_clk_p (IN)
                         net (fo=0)                   0.000     0.000    u_ibuf/I
    HPIOBDIFFINBUF_X0Y35 DIFFINBUF (Prop_DIFFINBUF_HPIOBDIFFINBUF_DIFF_IN_P_O)
                                                      0.273     0.273 r  u_ibuf/DIFFINBUF_INST/O
                         net (fo=1, routed)           0.040     0.313    u_ibuf/OUT
    AE5                  IBUFCTRL (Prop_IBUFCTRL_HPIOB_M_I_O)
                                                      0.000     0.313 r  u_ibuf/IBUFCTRL_INST/O
                         net (fo=2, routed)           0.144     0.457    sys_clk_200m
    BUFGCE_DIV_X0Y5      BUFGCE_DIV (Prop_BUFGCE_DIV_I_O)
                                                      0.089     0.546 r  u_axi_div/O
    X1Y2 (CLOCK_ROOT)    net (fo=2968, routed)        0.999     1.545    u_regs/axi_clk
    SLICE_X8Y189         FDCE                                         r  u_regs/reg_ctrl_reg[1]_rep/C
  -------------------------------------------------------------------    -------------------
    SLICE_X8Y189         FDCE (Prop_EFF_SLICEM_C_Q)
                                                      0.038     1.583 f  u_regs/reg_ctrl_reg[1]_rep/Q
                         net (fo=102, routed)         0.390     1.973    u_regs/reg_ctrl_reg[1]_rep_0
    SLICE_X16Y182        LUT2 (Prop_G6LUT_SLICEL_I0_O)
                                                      0.014     1.987 f  u_regs/u_gt_i_1/O
                         net (fo=35, routed)          1.299     3.286    u_sfp/gtwiz_reset_all_in[0]
    SLICE_X53Y98         FDCE                                         f  u_sfp/slip_hold_reg[1]/CLR
  -------------------------------------------------------------------    -------------------

                         (clock clk_50m rise edge)    0.000     0.000 r  
    AE5                                               0.000     0.000 r  sys_clk_clk_p (IN)
                         net (fo=0)                   0.000     0.000    u_ibuf/I
    HPIOBDIFFINBUF_X0Y35 DIFFINBUF (Prop_DIFFINBUF_HPIOBDIFFINBUF_DIFF_IN_P_O)
                                                      0.372     0.372 r  u_ibuf/DIFFINBUF_INST/O
                         net (fo=1, routed)           0.050     0.422    u_ibuf/OUT
    AE5                  IBUFCTRL (Prop_IBUFCTRL_HPIOB_M_I_O)
                                                      0.000     0.422 r  u_ibuf/IBUFCTRL_INST/O
                         net (fo=2, routed)           0.180     0.602    sys_clk_200m
    BUFGCE_DIV_X0Y4      BUFGCE_DIV (Prop_BUFGCE_DIV_I_O)
                                                      0.101     0.703 r  u_div50/O
    X1Y2 (CLOCK_ROOT)    net (fo=212, routed)         1.075     1.778    u_sfp/CLK
    SLICE_X53Y98         FDCE                                         r  u_sfp/slip_hold_reg[1]/C
                         clock pessimism             -0.108     1.669    
    SLICE_X53Y98         FDCE (Remov_CFF2_SLICEM_C_CLR)
                                                     -0.020     1.649    u_sfp/slip_hold_reg[1]
  -------------------------------------------------------------------
                         required time                         -1.649    
                         arrival time                           3.286    
  -------------------------------------------------------------------
                         slack                                  1.637    





---------------------------------------------------------------------------------------------------
Path Group:  **async_default**
From Clock:  clk_50m
  To Clock:  clk_50m

Setup :            0  Failing Endpoints,  Worst Slack       15.925ns,  Total Violation        0.000ns
Hold  :            0  Failing Endpoints,  Worst Slack        1.531ns,  Total Violation        0.000ns
---------------------------------------------------------------------------------------------------


Max Delay Paths
--------------------------------------------------------------------------------------
Slack (MET) :             15.925ns  (required time - arrival time)
  Source:                 por_reg[0]/C
                            (rising edge-triggered cell FDRE clocked by clk_50m  {rise@0.000ns fall@10.000ns period=20.000ns})
  Destination:            u_sfp/slip_hold_reg[1]/CLR
                            (recovery check against rising-edge clock clk_50m  {rise@0.000ns fall@10.000ns period=20.000ns})
  Path Group:             **async_default**
  Path Type:              Recovery (Max at Slow Process Corner)
  Requirement:            20.000ns  (clk_50m rise@20.000ns - clk_50m rise@0.000ns)
  Data Path Delay:        3.754ns  (logic 0.372ns (9.909%)  route 3.382ns (90.091%))
  Logic Levels:           3  (LUT2=1 LUT3=1 LUT6=1)
  Clock Path Skew:        -0.214ns (DCD - SCD + CPR)
    Destination Clock Delay (DCD):    2.555ns = ( 22.555 - 20.000 ) 
    Source Clock Delay      (SCD):    2.976ns
    Clock Pessimism Removal (CPR):    0.206ns
  Clock Uncertainty:      0.035ns  ((TSJ^2 + TIJ^2)^1/2 + DJ) / 2 + PE
    Total System Jitter     (TSJ):    0.071ns
    Total Input Jitter      (TIJ):    0.000ns
    Discrete Jitter          (DJ):    0.000ns
    Phase Error              (PE):    0.000ns
  Clock Net Delay (Source):      1.916ns (routing 0.609ns, distribution 1.307ns)
  Clock Net Delay (Destination): 1.645ns (routing 0.552ns, distribution 1.093ns)

    Location             Delay type                Incr(ns)  Path(ns)    Netlist Resource(s)
  -------------------------------------------------------------------    -------------------
                         (clock clk_50m rise edge)    0.000     0.000 r  
    AE5                                               0.000     0.000 r  sys_clk_clk_p (IN)
                         net (fo=0)                   0.000     0.000    u_ibuf/I
    HPIOBDIFFINBUF_X0Y35 DIFFINBUF (Prop_DIFFINBUF_HPIOBDIFFINBUF_DIFF_IN_P_O)
                                                      0.523     0.523 r  u_ibuf/DIFFINBUF_INST/O
                         net (fo=1, routed)           0.050     0.573    u_ibuf/OUT
    AE5                  IBUFCTRL (Prop_IBUFCTRL_HPIOB_M_I_O)
                                                      0.000     0.573 r  u_ibuf/IBUFCTRL_INST/O
                         net (fo=2, routed)           0.335     0.908    sys_clk_200m
    BUFGCE_DIV_X0Y4      BUFGCE_DIV (Prop_BUFGCE_DIV_I_O)
                                                      0.152     1.060 r  u_div50/O
    X1Y2 (CLOCK_ROOT)    net (fo=212, routed)         1.916     2.976    clk_50m
    SLICE_X18Y183        FDRE                                         r  por_reg[0]/C
  -------------------------------------------------------------------    -------------------
    SLICE_X18Y183        FDRE (Prop_HFF2_SLICEM_C_Q)
                                                      0.095     3.071 r  por_reg[0]/Q
                         net (fo=7, routed)           0.310     3.381    u_sfp/u_rst_rx1/rst_ff1_reg_0[0]
    SLICE_X18Y183        LUT6 (Prop_G6LUT_SLICEM_I2_O)
                                                      0.148     3.529 f  u_sfp/u_rst_rx1/rst_ff1_i_2/O
                         net (fo=3, routed)           0.063     3.592    u_sfp/u_rst_rx1/por_reg[4]
    SLICE_X18Y183        LUT3 (Prop_H6LUT_SLICEM_I1_O)
                                                      0.066     3.658 f  u_sfp/u_rst_rx1/rst_ff1_i_1/O
                         net (fo=14, routed)          0.239     3.897    u_regs/sel
    SLICE_X16Y182        LUT2 (Prop_G6LUT_SLICEL_I1_O)
                                                      0.063     3.960 f  u_regs/u_gt_i_1/O
                         net (fo=35, routed)          2.770     6.730    u_sfp/gtwiz_reset_all_in[0]
    SLICE_X53Y98         FDCE                                         f  u_sfp/slip_hold_reg[1]/CLR
  -------------------------------------------------------------------    -------------------

                         (clock clk_50m rise edge)   20.000    20.000 r  
    AE5                                               0.000    20.000 r  sys_clk_clk_p (IN)
                         net (fo=0)                   0.000    20.000    u_ibuf/I
    HPIOBDIFFINBUF_X0Y35 DIFFINBUF (Prop_DIFFINBUF_HPIOBDIFFINBUF_DIFF_IN_P_O)
                                                      0.441    20.441 r  u_ibuf/DIFFINBUF_INST/O
                         net (fo=1, routed)           0.040    20.481    u_ibuf/OUT
    AE5                  IBUFCTRL (Prop_IBUFCTRL_HPIOB_M_I_O)
                                                      0.000    20.481 r  u_ibuf/IBUFCTRL_INST/O
                         net (fo=2, routed)           0.297    20.778    sys_clk_200m
    BUFGCE_DIV_X0Y4      BUFGCE_DIV (Prop_BUFGCE_DIV_I_O)
                                                      0.132    20.910 r  u_div50/O
    X1Y2 (CLOCK_ROOT)    net (fo=212, routed)         1.645    22.555    u_sfp/CLK
    SLICE_X53Y98         FDCE                                         r  u_sfp/slip_hold_reg[1]/C
                         clock pessimism              0.206    22.762    
                         clock uncertainty           -0.035    22.726    
    SLICE_X53Y98         FDCE (Recov_CFF2_SLICEM_C_CLR)
                                                     -0.072    22.654    u_sfp/slip_hold_reg[1]
  -------------------------------------------------------------------
                         required time                         22.654    
                         arrival time                          -6.730    
  -------------------------------------------------------------------
                         slack                                 15.925    





Min Delay Paths
--------------------------------------------------------------------------------------
Slack (MET) :             1.531ns  (arrival time - required time)
  Source:                 por_reg[6]/C
                            (rising edge-triggered cell FDRE clocked by clk_50m  {rise@0.000ns fall@10.000ns period=20.000ns})
  Destination:            u_sfp/slip_hold_reg[1]/CLR
                            (removal check against rising-edge clock clk_50m  {rise@0.000ns fall@10.000ns period=20.000ns})
  Path Group:             **async_default**
  Path Type:              Removal (Min at Fast Process Corner)
  Requirement:            0.000ns  (clk_50m rise@0.000ns - clk_50m rise@0.000ns)
  Data Path Delay:        1.587ns  (logic 0.095ns (5.986%)  route 1.492ns (94.014%))
  Logic Levels:           2  (LUT2=1 LUT3=1)
  Clock Path Skew:        0.076ns (DCD - SCD - CPR)
    Destination Clock Delay (DCD):    1.778ns
    Source Clock Delay      (SCD):    1.511ns
    Clock Pessimism Removal (CPR):    0.190ns
  Clock Net Delay (Source):      0.965ns (routing 0.313ns, distribution 0.652ns)
  Clock Net Delay (Destination): 1.075ns (routing 0.347ns, distribution 0.728ns)

    Location             Delay type                Incr(ns)  Path(ns)    Netlist Resource(s)
  -------------------------------------------------------------------    -------------------
                         (clock clk_50m rise edge)    0.000     0.000 r  
    AE5                                               0.000     0.000 r  sys_clk_clk_p (IN)
                         net (fo=0)                   0.000     0.000    u_ibuf/I
    HPIOBDIFFINBUF_X0Y35 DIFFINBUF (Prop_DIFFINBUF_HPIOBDIFFINBUF_DIFF_IN_P_O)
                                                      0.273     0.273 r  u_ibuf/DIFFINBUF_INST/O
                         net (fo=1, routed)           0.040     0.313    u_ibuf/OUT
    AE5                  IBUFCTRL (Prop_IBUFCTRL_HPIOB_M_I_O)
                                                      0.000     0.313 r  u_ibuf/IBUFCTRL_INST/O
                         net (fo=2, routed)           0.144     0.457    sys_clk_200m
    BUFGCE_DIV_X0Y4      BUFGCE_DIV (Prop_BUFGCE_DIV_I_O)
                                                      0.089     0.546 r  u_div50/O
    X1Y2 (CLOCK_ROOT)    net (fo=212, routed)         0.965     1.511    clk_50m
    SLICE_X18Y183        FDRE                                         r  por_reg[6]/C
  -------------------------------------------------------------------    -------------------
    SLICE_X18Y183        FDRE (Prop_CFF_SLICEM_C_Q)
                                                      0.038     1.549 r  por_reg[6]/Q
                         net (fo=3, routed)           0.080     1.629    u_sfp/u_rst_rx1/rst_ff1_reg_0[6]
    SLICE_X18Y183        LUT3 (Prop_H6LUT_SLICEM_I0_O)
                                                      0.035     1.664 f  u_sfp/u_rst_rx1/rst_ff1_i_1/O
                         net (fo=14, routed)          0.113     1.777    u_regs/sel
    SLICE_X16Y182        LUT2 (Prop_G6LUT_SLICEL_I1_O)
                                                      0.022     1.799 f  u_regs/u_gt_i_1/O
                         net (fo=35, routed)          1.299     3.098    u_sfp/gtwiz_reset_all_in[0]
    SLICE_X53Y98         FDCE                                         f  u_sfp/slip_hold_reg[1]/CLR
  -------------------------------------------------------------------    -------------------

                         (clock clk_50m rise edge)    0.000     0.000 r  
    AE5                                               0.000     0.000 r  sys_clk_clk_p (IN)
                         net (fo=0)                   0.000     0.000    u_ibuf/I
    HPIOBDIFFINBUF_X0Y35 DIFFINBUF (Prop_DIFFINBUF_HPIOBDIFFINBUF_DIFF_IN_P_O)
                                                      0.372     0.372 r  u_ibuf/DIFFINBUF_INST/O
                         net (fo=1, routed)           0.050     0.422    u_ibuf/OUT
    AE5                  IBUFCTRL (Prop_IBUFCTRL_HPIOB_M_I_O)
                                                      0.000     0.422 r  u_ibuf/IBUFCTRL_INST/O
                         net (fo=2, routed)           0.180     0.602    sys_clk_200m
    BUFGCE_DIV_X0Y4      BUFGCE_DIV (Prop_BUFGCE_DIV_I_O)
                                                      0.101     0.703 r  u_div50/O
    X1Y2 (CLOCK_ROOT)    net (fo=212, routed)         1.075     1.778    u_sfp/CLK
    SLICE_X53Y98         FDCE                                         r  u_sfp/slip_hold_reg[1]/C
                         clock pessimism             -0.190     1.587    
    SLICE_X53Y98         FDCE (Remov_CFF2_SLICEM_C_CLR)
                                                     -0.020     1.567    u_sfp/slip_hold_reg[1]
  -------------------------------------------------------------------
                         required time                         -1.567    
                         arrival time                           3.098    
  -------------------------------------------------------------------
                         slack                                  1.531    





---------------------------------------------------------------------------------------------------
Path Group:  **async_default**
From Clock:  dbg_hub/inst/BSCANID.u_xsdbm_id/SWITCH_N_EXT_BSCAN.bscan_inst/SERIES7_BSCAN.bscan_inst/INTERNAL_TCK
  To Clock:  dbg_hub/inst/BSCANID.u_xsdbm_id/SWITCH_N_EXT_BSCAN.bscan_inst/SERIES7_BSCAN.bscan_inst/INTERNAL_TCK

Setup :            0  Failing Endpoints,  Worst Slack       47.366ns,  Total Violation        0.000ns
Hold  :            0  Failing Endpoints,  Worst Slack        0.115ns,  Total Violation        0.000ns
---------------------------------------------------------------------------------------------------


Max Delay Paths
--------------------------------------------------------------------------------------
Slack (MET) :             47.366ns  (required time - arrival time)
  Source:                 dbg_hub/inst/BSCANID.u_xsdbm_id/SWITCH_N_EXT_BSCAN.bscan_switch/portno_reg[1]/C
                            (rising edge-triggered cell FDRE clocked by dbg_hub/inst/BSCANID.u_xsdbm_id/SWITCH_N_EXT_BSCAN.bscan_inst/SERIES7_BSCAN.bscan_inst/INTERNAL_TCK  {rise@0.000ns fall@25.000ns period=50.000ns})
  Destination:            dbg_hub/inst/BSCANID.u_xsdbm_id/CORE_XSDB.U_ICON/U_CMD/iTARGET_reg[14]/CLR
                            (recovery check against rising-edge clock dbg_hub/inst/BSCANID.u_xsdbm_id/SWITCH_N_EXT_BSCAN.bscan_inst/SERIES7_BSCAN.bscan_inst/INTERNAL_TCK  {rise@0.000ns fall@25.000ns period=50.000ns})
  Path Group:             **async_default**
  Path Type:              Recovery (Max at Slow Process Corner)
  Requirement:            50.000ns  (dbg_hub/inst/BSCANID.u_xsdbm_id/SWITCH_N_EXT_BSCAN.bscan_inst/SERIES7_BSCAN.bscan_inst/INTERNAL_TCK rise@50.000ns - dbg_hub/inst/BSCANID.u_xsdbm_id/SWITCH_N_EXT_BSCAN.bscan_inst/SERIES7_BSCAN.bscan_inst/INTERNAL_TCK rise@0.000ns)
  Data Path Delay:        2.367ns  (logic 0.367ns (15.505%)  route 2.000ns (84.495%))
  Logic Levels:           2  (LUT4=1 LUT6=1)
  Clock Path Skew:        -0.160ns (DCD - SCD + CPR)
    Destination Clock Delay (DCD):    3.033ns = ( 53.033 - 50.000 ) 
    Source Clock Delay      (SCD):    7.672ns
    Clock Pessimism Removal (CPR):    4.479ns
  Clock Uncertainty:      0.035ns  ((TSJ^2 + TIJ^2)^1/2 + DJ) / 2 + PE
    Total System Jitter     (TSJ):    0.071ns
    Total Input Jitter      (TIJ):    0.000ns
    Discrete Jitter          (DJ):    0.000ns
    Phase Error              (PE):    0.000ns
  Clock Net Delay (Source):      1.651ns (routing 0.585ns, distribution 1.066ns)
  Clock Net Delay (Destination): 1.439ns (routing 0.533ns, distribution 0.906ns)

    Location             Delay type                Incr(ns)  Path(ns)    Netlist Resource(s)
  -------------------------------------------------------------------    -------------------
                         (clock dbg_hub/inst/BSCANID.u_xsdbm_id/SWITCH_N_EXT_BSCAN.bscan_inst/SERIES7_BSCAN.bscan_inst/INTERNAL_TCK rise edge)
                                                      0.000     0.000 r  
    CONFIG_SITE_X0Y0     BSCANE2                      0.000     0.000 r  dbg_hub/inst/BSCANID.u_xsdbm_id/SWITCH_N_EXT_BSCAN.bscan_inst/SERIES7_BSCAN.bscan_inst/INTERNAL_TCK
    CONFIG_SITE_X0Y0     BSCANE2 (Prop_BSCAN1_CONFIG_SITE_INTERNAL_TCK_TCK)
                                                      4.300     4.300 r  dbg_hub/inst/BSCANID.u_xsdbm_id/SWITCH_N_EXT_BSCAN.bscan_inst/SERIES7_BSCAN.bscan_inst/TCK
                         net (fo=1, routed)           1.693     5.993    dbg_hub/inst/BSCANID.u_xsdbm_id/tck_bs
    BUFGCE_X0Y32         BUFGCE (Prop_BUFCE_BUFGCE_I_O)
                                                      0.028     6.021 r  dbg_hub/inst/BSCANID.u_xsdbm_id/SWITCH_N_EXT_BSCAN.u_bufg_icon_tck/O
    X1Y2 (CLOCK_ROOT)    net (fo=490, routed)         1.651     7.672    dbg_hub/inst/BSCANID.u_xsdbm_id/SWITCH_N_EXT_BSCAN.bscan_switch/s_bscan_tck
    SLICE_X45Y205        FDRE                                         r  dbg_hub/inst/BSCANID.u_xsdbm_id/SWITCH_N_EXT_BSCAN.bscan_switch/portno_reg[1]/C
  -------------------------------------------------------------------    -------------------
    SLICE_X45Y205        FDRE (Prop_EFF2_SLICEM_C_Q)
                                                      0.098     7.770 f  dbg_hub/inst/BSCANID.u_xsdbm_id/SWITCH_N_EXT_BSCAN.bscan_switch/portno_reg[1]/Q
                         net (fo=1, routed)           0.421     8.191    dbg_hub/inst/BSCANID.u_xsdbm_id/SWITCH_N_EXT_BSCAN.bscan_switch/portno[1]
    SLICE_X45Y205        LUT6 (Prop_H6LUT_SLICEM_I3_O)
                                                      0.100     8.291 f  dbg_hub/inst/BSCANID.u_xsdbm_id/SWITCH_N_EXT_BSCAN.bscan_switch/m_bscan_drck[0]_INST_0_i_1/O
                         net (fo=5, routed)           0.371     8.662    dbg_hub/inst/BSCANID.u_xsdbm_id/SWITCH_N_EXT_BSCAN.bscan_switch/m_bscan_drck[0]_INST_0_i_1_n_0
    SLICE_X45Y184        LUT4 (Prop_C5LUT_SLICEM_I3_O)
                                                      0.169     8.831 r  dbg_hub/inst/BSCANID.u_xsdbm_id/SWITCH_N_EXT_BSCAN.bscan_switch/m_bscan_sel[0]_INST_0/O
                         net (fo=11, routed)          1.208    10.039    dbg_hub/inst/BSCANID.u_xsdbm_id/CORE_XSDB.U_ICON/U_CMD/iTARGET_reg[6]_0
    SLICE_X21Y172        FDCE                                         f  dbg_hub/inst/BSCANID.u_xsdbm_id/CORE_XSDB.U_ICON/U_CMD/iTARGET_reg[14]/CLR  (IS_INVERTED)
  -------------------------------------------------------------------    -------------------

                         (clock dbg_hub/inst/BSCANID.u_xsdbm_id/SWITCH_N_EXT_BSCAN.bscan_inst/SERIES7_BSCAN.bscan_inst/INTERNAL_TCK rise edge)
                                                     50.000    50.000 r  
    CONFIG_SITE_X0Y0     BSCANE2                      0.000    50.000 r  dbg_hub/inst/BSCANID.u_xsdbm_id/SWITCH_N_EXT_BSCAN.bscan_inst/SERIES7_BSCAN.bscan_inst/INTERNAL_TCK
    CONFIG_SITE_X0Y0     BSCANE2 (Prop_BSCAN1_CONFIG_SITE_INTERNAL_TCK_TCK)
                                                      0.465    50.465 r  dbg_hub/inst/BSCANID.u_xsdbm_id/SWITCH_N_EXT_BSCAN.bscan_inst/SERIES7_BSCAN.bscan_inst/TCK
                         net (fo=1, routed)           1.105    51.570    dbg_hub/inst/BSCANID.u_xsdbm_id/tck_bs
    BUFGCE_X0Y32         BUFGCE (Prop_BUFCE_BUFGCE_I_O)
                                                      0.024    51.594 r  dbg_hub/inst/BSCANID.u_xsdbm_id/SWITCH_N_EXT_BSCAN.u_bufg_icon_tck/O
    X1Y2 (CLOCK_ROOT)    net (fo=490, routed)         1.439    53.033    dbg_hub/inst/BSCANID.u_xsdbm_id/CORE_XSDB.U_ICON/U_CMD/m_bscan_tck[0]
    SLICE_X21Y172        FDCE                                         r  dbg_hub/inst/BSCANID.u_xsdbm_id/CORE_XSDB.U_ICON/U_CMD/iTARGET_reg[14]/C
                         clock pessimism              4.479    57.512    
                         clock uncertainty           -0.035    57.477    
    SLICE_X21Y172        FDCE (Recov_AFF_SLICEM_C_CLR)
                                                     -0.072    57.405    dbg_hub/inst/BSCANID.u_xsdbm_id/CORE_XSDB.U_ICON/U_CMD/iTARGET_reg[14]
  -------------------------------------------------------------------
                         required time                         57.405    
                         arrival time                         -10.039    
  -------------------------------------------------------------------
                         slack                                 47.366    





Min Delay Paths
--------------------------------------------------------------------------------------
Slack (MET) :             0.115ns  (arrival time - required time)
  Source:                 dbg_hub/inst/BSCANID.u_xsdbm_id/CORE_XSDB.UUT_MASTER/U_ICON_INTERFACE/wrdata_rst_reg/C
                            (rising edge-triggered cell FDRE clocked by dbg_hub/inst/BSCANID.u_xsdbm_id/SWITCH_N_EXT_BSCAN.bscan_inst/SERIES7_BSCAN.bscan_inst/INTERNAL_TCK  {rise@0.000ns fall@25.000ns period=50.000ns})
  Destination:            dbg_hub/inst/BSCANID.u_xsdbm_id/CORE_XSDB.UUT_MASTER/U_ICON_INTERFACE/U_CMD6_WR/U_WR_FIFO/SUBCORE_FIFO.xsdbm_v3_0_0_wrfifo_inst/inst_fifo_gen/gconvfifo.rf/grf.rf/rstblk/ngwrdrst.grst.g7serrst.rst_wr_reg1_reg/PRE
                            (removal check against rising-edge clock dbg_hub/inst/BSCANID.u_xsdbm_id/SWITCH_N_EXT_BSCAN.bscan_inst/SERIES7_BSCAN.bscan_inst/INTERNAL_TCK  {rise@0.000ns fall@25.000ns period=50.000ns})
  Path Group:             **async_default**
  Path Type:              Removal (Min at Fast Process Corner)
  Requirement:            0.000ns  (dbg_hub/inst/BSCANID.u_xsdbm_id/SWITCH_N_EXT_BSCAN.bscan_inst/SERIES7_BSCAN.bscan_inst/INTERNAL_TCK rise@0.000ns - dbg_hub/inst/BSCANID.u_xsdbm_id/SWITCH_N_EXT_BSCAN.bscan_inst/SERIES7_BSCAN.bscan_inst/INTERNAL_TCK rise@0.000ns)
  Data Path Delay:        0.194ns  (logic 0.039ns (20.103%)  route 0.155ns (79.897%))
  Logic Levels:           0  
  Clock Path Skew:        0.099ns (DCD - SCD - CPR)
    Destination Clock Delay (DCD):    6.355ns
    Source Clock Delay      (SCD):    2.122ns
    Clock Pessimism Removal (CPR):    4.134ns
  Clock Net Delay (Source):      0.824ns (routing 0.301ns, distribution 0.523ns)
  Clock Net Delay (Destination): 0.958ns (routing 0.336ns, distribution 0.622ns)

    Location             Delay type                Incr(ns)  Path(ns)    Netlist Resource(s)
  -------------------------------------------------------------------    -------------------
                         (clock dbg_hub/inst/BSCANID.u_xsdbm_id/SWITCH_N_EXT_BSCAN.bscan_inst/SERIES7_BSCAN.bscan_inst/INTERNAL_TCK rise edge)
                                                      0.000     0.000 r  
    CONFIG_SITE_X0Y0     BSCANE2                      0.000     0.000 r  dbg_hub/inst/BSCANID.u_xsdbm_id/SWITCH_N_EXT_BSCAN.bscan_inst/SERIES7_BSCAN.bscan_inst/INTERNAL_TCK
    CONFIG_SITE_X0Y0     BSCANE2 (Prop_BSCAN1_CONFIG_SITE_INTERNAL_TCK_TCK)
                                                      0.465     0.465 r  dbg_hub/inst/BSCANID.u_xsdbm_id/SWITCH_N_EXT_BSCAN.bscan_inst/SERIES7_BSCAN.bscan_inst/TCK
                         net (fo=1, routed)           0.816     1.281    dbg_hub/inst/BSCANID.u_xsdbm_id/tck_bs
    BUFGCE_X0Y32         BUFGCE (Prop_BUFCE_BUFGCE_I_O)
                                                      0.017     1.298 r  dbg_hub/inst/BSCANID.u_xsdbm_id/SWITCH_N_EXT_BSCAN.u_bufg_icon_tck/O
    X1Y2 (CLOCK_ROOT)    net (fo=490, routed)         0.824     2.122    dbg_hub/inst/BSCANID.u_xsdbm_id/CORE_XSDB.UUT_MASTER/U_ICON_INTERFACE/m_bscan_tck[0]
    SLICE_X20Y179        FDRE                                         r  dbg_hub/inst/BSCANID.u_xsdbm_id/CORE_XSDB.UUT_MASTER/U_ICON_INTERFACE/wrdata_rst_reg/C
  -------------------------------------------------------------------    -------------------
    SLICE_X20Y179        FDRE (Prop_DFF_SLICEM_C_Q)
                                                      0.039     2.161 f  dbg_hub/inst/BSCANID.u_xsdbm_id/CORE_XSDB.UUT_MASTER/U_ICON_INTERFACE/wrdata_rst_reg/Q
                         net (fo=20, routed)          0.155     2.316    dbg_hub/inst/BSCANID.u_xsdbm_id/CORE_XSDB.UUT_MASTER/U_ICON_INTERFACE/U_CMD6_WR/U_WR_FIFO/SUBCORE_FIFO.xsdbm_v3_0_0_wrfifo_inst/inst_fifo_gen/gconvfifo.rf/grf.rf/rstblk/rst
    SLICE_X22Y183        FDPE                                         f  dbg_hub/inst/BSCANID.u_xsdbm_id/CORE_XSDB.UUT_MASTER/U_ICON_INTERFACE/U_CMD6_WR/U_WR_FIFO/SUBCORE_FIFO.xsdbm_v3_0_0_wrfifo_inst/inst_fifo_gen/gconvfifo.rf/grf.rf/rstblk/ngwrdrst.grst.g7serrst.rst_wr_reg1_reg/PRE
  -------------------------------------------------------------------    -------------------

                         (clock dbg_hub/inst/BSCANID.u_xsdbm_id/SWITCH_N_EXT_BSCAN.bscan_inst/SERIES7_BSCAN.bscan_inst/INTERNAL_TCK rise edge)
                                                      0.000     0.000 r  
    CONFIG_SITE_X0Y0     BSCANE2                      0.000     0.000 r  dbg_hub/inst/BSCANID.u_xsdbm_id/SWITCH_N_EXT_BSCAN.bscan_inst/SERIES7_BSCAN.bscan_inst/INTERNAL_TCK
    CONFIG_SITE_X0Y0     BSCANE2 (Prop_BSCAN1_CONFIG_SITE_INTERNAL_TCK_TCK)
                                                      4.300     4.300 r  dbg_hub/inst/BSCANID.u_xsdbm_id/SWITCH_N_EXT_BSCAN.bscan_inst/SERIES7_BSCAN.bscan_inst/TCK
                         net (fo=1, routed)           1.078     5.378    dbg_hub/inst/BSCANID.u_xsdbm_id/tck_bs
    BUFGCE_X0Y32         BUFGCE (Prop_BUFCE_BUFGCE_I_O)
                                                      0.019     5.397 r  dbg_hub/inst/BSCANID.u_xsdbm_id/SWITCH_N_EXT_BSCAN.u_bufg_icon_tck/O
    X1Y2 (CLOCK_ROOT)    net (fo=490, routed)         0.958     6.355    dbg_hub/inst/BSCANID.u_xsdbm_id/CORE_XSDB.UUT_MASTER/U_ICON_INTERFACE/U_CMD6_WR/U_WR_FIFO/SUBCORE_FIFO.xsdbm_v3_0_0_wrfifo_inst/inst_fifo_gen/gconvfifo.rf/grf.rf/rstblk/wr_clk
    SLICE_X22Y183        FDPE                                         r  dbg_hub/inst/BSCANID.u_xsdbm_id/CORE_XSDB.UUT_MASTER/U_ICON_INTERFACE/U_CMD6_WR/U_WR_FIFO/SUBCORE_FIFO.xsdbm_v3_0_0_wrfifo_inst/inst_fifo_gen/gconvfifo.rf/grf.rf/rstblk/ngwrdrst.grst.g7serrst.rst_wr_reg1_reg/C
                         clock pessimism             -4.134     2.221    
    SLICE_X22Y183        FDPE (Remov_DFF2_SLICEL_C_PRE)
                                                     -0.020     2.201    dbg_hub/inst/BSCANID.u_xsdbm_id/CORE_XSDB.UUT_MASTER/U_ICON_INTERFACE/U_CMD6_WR/U_WR_FIFO/SUBCORE_FIFO.xsdbm_v3_0_0_wrfifo_inst/inst_fifo_gen/gconvfifo.rf/grf.rf/rstblk/ngwrdrst.grst.g7serrst.rst_wr_reg1_reg
  -------------------------------------------------------------------
                         required time                         -2.201    
                         arrival time                           2.316    
  -------------------------------------------------------------------
                         slack                                  0.115    





---------------------------------------------------------------------------------------------------
Path Group:  **async_default**
From Clock:  rx_clk_gt
  To Clock:  rx_clk_gt

Setup :            0  Failing Endpoints,  Worst Slack        2.168ns,  Total Violation        0.000ns
Hold  :            0  Failing Endpoints,  Worst Slack        0.077ns,  Total Violation        0.000ns
---------------------------------------------------------------------------------------------------


Max Delay Paths
--------------------------------------------------------------------------------------
Slack (MET) :             2.168ns  (required time - arrival time)
  Source:                 u_sfp/u_gt/inst/gen_gtwizard_gthe4_top.gt_sfp_10g_gtwizard_gthe4_inst/gen_gtwizard_gthe4.gen_reset_controller_internal.gen_single_instance.gtwiz_reset_inst/reset_synchronizer_rx_done_inst/rst_in_out_reg/C
                            (rising edge-triggered cell FDCE clocked by rx_clk_gt  {rise@0.000ns fall@3.122ns period=6.244ns})
  Destination:            u_sfp/u_rst_rx1/rst_ff1_reg/CLR
                            (recovery check against rising-edge clock rx_clk_gt  {rise@0.000ns fall@3.122ns period=6.244ns})
  Path Group:             **async_default**
  Path Type:              Recovery (Max at Slow Process Corner)
  Requirement:            6.244ns  (rx_clk_gt rise@6.244ns - rx_clk_gt rise@0.000ns)
  Data Path Delay:        4.469ns  (logic 0.211ns (4.721%)  route 4.258ns (95.279%))
  Logic Levels:           1  (LUT3=1)
  Clock Path Skew:        0.512ns (DCD - SCD + CPR)
    Destination Clock Delay (DCD):    2.302ns = ( 8.546 - 6.244 ) 
    Source Clock Delay      (SCD):    1.844ns
    Clock Pessimism Removal (CPR):    0.054ns
  Clock Uncertainty:      0.046ns  ((TSJ^2 + DJ^2)^1/2) / 2 + PE
    Total System Jitter     (TSJ):    0.071ns
    Discrete Jitter          (DJ):    0.060ns
    Phase Error              (PE):    0.000ns
  Clock Net Delay (Source):      1.588ns (routing 0.450ns, distribution 1.138ns)
  Clock Net Delay (Destination): 1.293ns (routing 0.487ns, distribution 0.806ns)

    Location             Delay type                Incr(ns)  Path(ns)    Netlist Resource(s)
  -------------------------------------------------------------------    -------------------
                         (clock rx_clk_gt rise edge)
                                                      0.000     0.000 r  
    GTHE4_CHANNEL_X0Y4   GTHE4_CHANNEL                0.000     0.000 r  u_sfp/u_gt/inst/gen_gtwizard_gthe4_top.gt_sfp_10g_gtwizard_gthe4_inst/gen_gtwizard_gthe4.gen_channel_container[1].gen_enabled_channel.gthe4_channel_wrapper_inst/channel_inst/gthe4_channel_gen.gen_gthe4_channel_inst[0].GTHE4_CHANNEL_PRIM_INST/RXOUTCLK
                         net (fo=3, routed)           0.117     0.117    u_sfp/u_gt/inst/gen_gtwizard_gthe4_top.gt_sfp_10g_gtwizard_gthe4_inst/gen_gtwizard_gthe4.gen_rx_user_clocking_internal.gen_single_instance.gtwiz_userclk_rx_inst/rxoutclk_out[0]
    BUFG_GT_X0Y40        BUFG_GT (Prop_BUFG_GT_I_O)
                                                      0.139     0.256 r  u_sfp/u_gt/inst/gen_gtwizard_gthe4_top.gt_sfp_10g_gtwizard_gthe4_inst/gen_gtwizard_gthe4.gen_rx_user_clocking_internal.gen_single_instance.gtwiz_userclk_rx_inst/gen_gtwiz_userclk_rx_main.bufg_gt_usrclk2_inst/O
    X1Y1 (CLOCK_ROOT)    net (fo=145, routed)         1.588     1.844    u_sfp/u_gt/inst/gen_gtwizard_gthe4_top.gt_sfp_10g_gtwizard_gthe4_inst/gen_gtwizard_gthe4.gen_reset_controller_internal.gen_single_instance.gtwiz_reset_inst/reset_synchronizer_rx_done_inst/gtwiz_userclk_rx_usrclk2_out[0]
    SLICE_X40Y133        FDCE                                         r  u_sfp/u_gt/inst/gen_gtwizard_gthe4_top.gt_sfp_10g_gtwizard_gthe4_inst/gen_gtwizard_gthe4.gen_reset_controller_internal.gen_single_instance.gtwiz_reset_inst/reset_synchronizer_rx_done_inst/rst_in_out_reg/C
  -------------------------------------------------------------------    -------------------
    SLICE_X40Y133        FDCE (Prop_EFF_SLICEM_C_Q)
                                                      0.093     1.937 r  u_sfp/u_gt/inst/gen_gtwizard_gthe4_top.gt_sfp_10g_gtwizard_gthe4_inst/gen_gtwizard_gthe4.gen_reset_controller_internal.gen_single_instance.gtwiz_reset_inst/reset_synchronizer_rx_done_inst/rst_in_out_reg/Q
                         net (fo=2, routed)           1.981     3.918    u_regs/gtwiz_reset_rx_done_out[0]
    SLICE_X19Y166        LUT3 (Prop_D5LUT_SLICEL_I2_O)
                                                      0.118     4.036 f  u_regs/rst_ff1_i_1__1/O
                         net (fo=4, routed)           2.277     6.313    u_sfp/u_rst_rx1/sync_rst_n_reg_2
    SLICE_X52Y100        FDCE                                         f  u_sfp/u_rst_rx1/rst_ff1_reg/CLR
  -------------------------------------------------------------------    -------------------

                         (clock rx_clk_gt rise edge)
                                                      6.244     6.244 r  
    GTHE4_CHANNEL_X0Y4   GTHE4_CHANNEL                0.000     6.244 r  u_sfp/u_gt/inst/gen_gtwizard_gthe4_top.gt_sfp_10g_gtwizard_gthe4_inst/gen_gtwizard_gthe4.gen_channel_container[1].gen_enabled_channel.gthe4_channel_wrapper_inst/channel_inst/gthe4_channel_gen.gen_gthe4_channel_inst[0].GTHE4_CHANNEL_PRIM_INST/RXOUTCLK
                         net (fo=3, routed)           0.103     6.347    u_sfp/u_gt/inst/gen_gtwizard_gthe4_top.gt_sfp_10g_gtwizard_gthe4_inst/gen_gtwizard_gthe4.gen_rx_user_clocking_internal.gen_single_instance.gtwiz_userclk_rx_inst/rxoutclk_out[0]
    BUFG_GT_X0Y40        BUFG_GT (Prop_BUFG_GT_I_O)
                                                      0.122     6.469 r  u_sfp/u_gt/inst/gen_gtwizard_gthe4_top.gt_sfp_10g_gtwizard_gthe4_inst/gen_gtwizard_gthe4.gen_rx_user_clocking_internal.gen_single_instance.gtwiz_userclk_rx_inst/gen_gtwiz_userclk_rx_main.bufg_gt_usrclk2_inst/O
                         net (fo=145, routed)         0.760     7.229    u_sfp/rx_clk_gt
    BUFGCE_X0Y24         BUFGCE (Prop_BUFCE_BUFGCE_I_O)
                                                      0.024     7.253 r  u_sfp/u_rx_mac_clk1/O
    X2Y1 (CLOCK_ROOT)    net (fo=475, routed)         1.293     8.546    u_sfp/u_rst_rx1/rx_clk1
    SLICE_X52Y100        FDCE                                         r  u_sfp/u_rst_rx1/rst_ff1_reg/C
                         clock pessimism              0.054     8.600    
                         clock uncertainty           -0.046     8.553    
    SLICE_X52Y100        FDCE (Recov_EFF_SLICEL_C_CLR)
                                                     -0.072     8.481    u_sfp/u_rst_rx1/rst_ff1_reg
  -------------------------------------------------------------------
                         required time                          8.481    
                         arrival time                          -6.313    
  -------------------------------------------------------------------
                         slack                                  2.168    





Min Delay Paths
--------------------------------------------------------------------------------------
Slack (MET) :             0.077ns  (arrival time - required time)
  Source:                 u_sfp/u_gt/inst/gen_gtwizard_gthe4_top.gt_sfp_10g_gtwizard_gthe4_inst/gen_gtwizard_gthe4.gen_reset_controller_internal.gen_single_instance.gtwiz_reset_inst/reset_synchronizer_rx_done_inst/rst_in_out_reg/C
                            (rising edge-triggered cell FDCE clocked by rx_clk_gt  {rise@0.000ns fall@3.122ns period=6.244ns})
  Destination:            u_sfp/u_rst_rx0/rst_ff1_reg/CLR
                            (removal check against rising-edge clock rx_clk_gt  {rise@0.000ns fall@3.122ns period=6.244ns})
  Path Group:             **async_default**
  Path Type:              Removal (Min at Slow Process Corner)
  Requirement:            0.000ns  (rx_clk_gt rise@0.000ns - rx_clk_gt rise@0.000ns)
  Data Path Delay:        2.880ns  (logic 0.134ns (4.653%)  route 2.746ns (95.347%))
  Logic Levels:           1  (LUT3=1)
  Clock Path Skew:        2.836ns (DCD - SCD - CPR)
    Destination Clock Delay (DCD):    4.508ns
    Source Clock Delay      (SCD):    1.614ns
    Clock Pessimism Removal (CPR):    0.058ns
  Clock Net Delay (Source):      1.389ns (routing 0.409ns, distribution 0.980ns)
  Clock Net Delay (Destination): 2.480ns (routing 1.543ns, distribution 0.937ns)

    Location             Delay type                Incr(ns)  Path(ns)    Netlist Resource(s)
  -------------------------------------------------------------------    -------------------
                         (clock rx_clk_gt rise edge)
                                                      0.000     0.000 r  
    GTHE4_CHANNEL_X0Y4   GTHE4_CHANNEL                0.000     0.000 r  u_sfp/u_gt/inst/gen_gtwizard_gthe4_top.gt_sfp_10g_gtwizard_gthe4_inst/gen_gtwizard_gthe4.gen_channel_container[1].gen_enabled_channel.gthe4_channel_wrapper_inst/channel_inst/gthe4_channel_gen.gen_gthe4_channel_inst[0].GTHE4_CHANNEL_PRIM_INST/RXOUTCLK
                         net (fo=3, routed)           0.103     0.103    u_sfp/u_gt/inst/gen_gtwizard_gthe4_top.gt_sfp_10g_gtwizard_gthe4_inst/gen_gtwizard_gthe4.gen_rx_user_clocking_internal.gen_single_instance.gtwiz_userclk_rx_inst/rxoutclk_out[0]
    BUFG_GT_X0Y40        BUFG_GT (Prop_BUFG_GT_I_O)
                                                      0.122     0.225 r  u_sfp/u_gt/inst/gen_gtwizard_gthe4_top.gt_sfp_10g_gtwizard_gthe4_inst/gen_gtwizard_gthe4.gen_rx_user_clocking_internal.gen_single_instance.gtwiz_userclk_rx_inst/gen_gtwiz_userclk_rx_main.bufg_gt_usrclk2_inst/O
    X1Y1 (CLOCK_ROOT)    net (fo=145, routed)         1.389     1.614    u_sfp/u_gt/inst/gen_gtwizard_gthe4_top.gt_sfp_10g_gtwizard_gthe4_inst/gen_gtwizard_gthe4.gen_reset_controller_internal.gen_single_instance.gtwiz_reset_inst/reset_synchronizer_rx_done_inst/gtwiz_userclk_rx_usrclk2_out[0]
    SLICE_X40Y133        FDCE                                         r  u_sfp/u_gt/inst/gen_gtwizard_gthe4_top.gt_sfp_10g_gtwizard_gthe4_inst/gen_gtwizard_gthe4.gen_reset_controller_internal.gen_single_instance.gtwiz_reset_inst/reset_synchronizer_rx_done_inst/rst_in_out_reg/C
  -------------------------------------------------------------------    -------------------
    SLICE_X40Y133        FDCE (Prop_EFF_SLICEM_C_Q)
                                                      0.069     1.683 r  u_sfp/u_gt/inst/gen_gtwizard_gthe4_top.gt_sfp_10g_gtwizard_gthe4_inst/gen_gtwizard_gthe4.gen_reset_controller_internal.gen_single_instance.gtwiz_reset_inst/reset_synchronizer_rx_done_inst/rst_in_out_reg/Q
                         net (fo=2, routed)           1.258     2.941    u_regs/gtwiz_reset_rx_done_out[0]
    SLICE_X19Y166        LUT3 (Prop_D5LUT_SLICEL_I2_O)
                                                      0.065     3.006 f  u_regs/rst_ff1_i_1__1/O
                         net (fo=4, routed)           1.488     4.494    u_sfp/u_rst_rx0/sync_rst_n_reg_2
    SLICE_X52Y100        FDCE                                         f  u_sfp/u_rst_rx0/rst_ff1_reg/CLR
  -------------------------------------------------------------------    -------------------

                         (clock rx_clk_gt rise edge)
                                                      0.000     0.000 r  
    GTHE4_CHANNEL_X0Y4   GTHE4_CHANNEL                0.000     0.000 r  u_sfp/u_gt/inst/gen_gtwizard_gthe4_top.gt_sfp_10g_gtwizard_gthe4_inst/gen_gtwizard_gthe4.gen_channel_container[1].gen_enabled_channel.gthe4_channel_wrapper_inst/channel_inst/gthe4_channel_gen.gen_gthe4_channel_inst[0].GTHE4_CHANNEL_PRIM_INST/RXOUTCLK
                         net (fo=3, routed)           0.117     0.117    u_sfp/u_gt/inst/gen_gtwizard_gthe4_top.gt_sfp_10g_gtwizard_gthe4_inst/gen_gtwizard_gthe4.gen_rx_user_clocking_internal.gen_single_instance.gtwiz_userclk_rx_inst/rxoutclk_out[0]
    BUFG_GT_X0Y40        BUFG_GT (Prop_BUFG_GT_I_O)
                                                      0.139     0.256 r  u_sfp/u_gt/inst/gen_gtwizard_gthe4_top.gt_sfp_10g_gtwizard_gthe4_inst/gen_gtwizard_gthe4.gen_rx_user_clocking_internal.gen_single_instance.gtwiz_userclk_rx_inst/gen_gtwiz_userclk_rx_main.bufg_gt_usrclk2_inst/O
                         net (fo=145, routed)         1.744     2.000    u_sfp/rx_clk_gt
    BUFGCE_X0Y92         BUFGCE (Prop_BUFCE_BUFGCE_I_O)
                                                      0.028     2.028 r  u_sfp/u_rx_mac_clk0/O
    X2Y0 (CLOCK_ROOT)    net (fo=475, routed)         2.480     4.508    u_sfp/u_rst_rx0/rx_clk0
    SLICE_X52Y100        FDCE                                         r  u_sfp/u_rst_rx0/rst_ff1_reg/C
                         clock pessimism             -0.058     4.450    
    SLICE_X52Y100        FDCE (Remov_AFF_SLICEL_C_CLR)
                                                     -0.033     4.417    u_sfp/u_rst_rx0/rst_ff1_reg
  -------------------------------------------------------------------
                         required time                         -4.417    
                         arrival time                           4.494    
  -------------------------------------------------------------------
                         slack                                  0.077    





---------------------------------------------------------------------------------------------------
Path Group:  **async_default**
From Clock:  tx_clk_gt
  To Clock:  tx_clk_gt

Setup :            0  Failing Endpoints,  Worst Slack        4.137ns,  Total Violation        0.000ns
Hold  :            0  Failing Endpoints,  Worst Slack        0.289ns,  Total Violation        0.000ns
---------------------------------------------------------------------------------------------------


Max Delay Paths
--------------------------------------------------------------------------------------
Slack (MET) :             4.137ns  (required time - arrival time)
  Source:                 u_sfp/u_rst_tx/sync_rst_n_reg/C
                            (rising edge-triggered cell FDCE clocked by tx_clk_gt  {rise@0.000ns fall@3.122ns period=6.244ns})
  Destination:            u_sfp/tx_en_sync_reg[1]/CLR
                            (recovery check against rising-edge clock tx_clk_gt  {rise@0.000ns fall@3.122ns period=6.244ns})
  Path Group:             **async_default**
  Path Type:              Recovery (Max at Slow Process Corner)
  Requirement:            6.244ns  (tx_clk_gt rise@6.244ns - tx_clk_gt rise@0.000ns)
  Data Path Delay:        1.927ns  (logic 0.099ns (5.138%)  route 1.828ns (94.862%))
  Logic Levels:           0  
  Clock Path Skew:        -0.062ns (DCD - SCD + CPR)
    Destination Clock Delay (DCD):    3.072ns = ( 9.316 - 6.244 ) 
    Source Clock Delay      (SCD):    3.348ns
    Clock Pessimism Removal (CPR):    0.214ns
  Clock Uncertainty:      0.046ns  ((TSJ^2 + DJ^2)^1/2) / 2 + PE
    Total System Jitter     (TSJ):    0.071ns
    Discrete Jitter          (DJ):    0.060ns
    Phase Error              (PE):    0.000ns
  Clock Net Delay (Source):      1.881ns (routing 0.750ns, distribution 1.131ns)
  Clock Net Delay (Destination): 1.750ns (routing 0.681ns, distribution 1.069ns)

    Location             Delay type                Incr(ns)  Path(ns)    Netlist Resource(s)
  -------------------------------------------------------------------    -------------------
                         (clock tx_clk_gt rise edge)
                                                      0.000     0.000 r  
    GTHE4_CHANNEL_X0Y4   GTHE4_CHANNEL                0.000     0.000 r  u_sfp/u_gt/inst/gen_gtwizard_gthe4_top.gt_sfp_10g_gtwizard_gthe4_inst/gen_gtwizard_gthe4.gen_channel_container[1].gen_enabled_channel.gthe4_channel_wrapper_inst/channel_inst/gthe4_channel_gen.gen_gthe4_channel_inst[0].GTHE4_CHANNEL_PRIM_INST/TXOUTCLK
                         net (fo=3, routed)           0.118     0.118    u_sfp/u_gt/inst/gen_gtwizard_gthe4_top.gt_sfp_10g_gtwizard_gthe4_inst/gen_gtwizard_gthe4.gen_tx_user_clocking_internal.gen_single_instance.gtwiz_userclk_tx_inst/txoutclk_out[0]
    BUFG_GT_X0Y41        BUFG_GT (Prop_BUFG_GT_I_O)
                                                      0.139     0.257 r  u_sfp/u_gt/inst/gen_gtwizard_gthe4_top.gt_sfp_10g_gtwizard_gthe4_inst/gen_gtwizard_gthe4.gen_tx_user_clocking_internal.gen_single_instance.gtwiz_userclk_tx_inst/gen_gtwiz_userclk_tx_main.bufg_gt_usrclk2_inst/O
                         net (fo=18, routed)          1.182     1.439    u_sfp/tx_clk_gt
    BUFGCE_X0Y50         BUFGCE (Prop_BUFCE_BUFGCE_I_O)
                                                      0.028     1.467 r  u_sfp/u_tx_mac_clk/O
    X1Y1 (CLOCK_ROOT)    net (fo=1130, routed)        1.881     3.348    u_sfp/u_rst_tx/CLK
    SLICE_X23Y122        FDCE                                         r  u_sfp/u_rst_tx/sync_rst_n_reg/C
  -------------------------------------------------------------------    -------------------
    SLICE_X23Y122        FDCE (Prop_EFF2_SLICEL_C_Q)
                                                      0.099     3.447 r  u_sfp/u_rst_tx/sync_rst_n_reg/Q
                         net (fo=398, routed)         1.828     5.275    u_sfp/rst_tx
    SLICE_X49Y86         FDCE                                         f  u_sfp/tx_en_sync_reg[1]/CLR  (IS_INVERTED)
  -------------------------------------------------------------------    -------------------

                         (clock tx_clk_gt rise edge)
                                                      6.244     6.244 r  
    GTHE4_CHANNEL_X0Y4   GTHE4_CHANNEL                0.000     6.244 r  u_sfp/u_gt/inst/gen_gtwizard_gthe4_top.gt_sfp_10g_gtwizard_gthe4_inst/gen_gtwizard_gthe4.gen_channel_container[1].gen_enabled_channel.gthe4_channel_wrapper_inst/channel_inst/gthe4_channel_gen.gen_gthe4_channel_inst[0].GTHE4_CHANNEL_PRIM_INST/TXOUTCLK
                         net (fo=3, routed)           0.103     6.347    u_sfp/u_gt/inst/gen_gtwizard_gthe4_top.gt_sfp_10g_gtwizard_gthe4_inst/gen_gtwizard_gthe4.gen_tx_user_clocking_internal.gen_single_instance.gtwiz_userclk_tx_inst/txoutclk_out[0]
    BUFG_GT_X0Y41        BUFG_GT (Prop_BUFG_GT_I_O)
                                                      0.122     6.469 r  u_sfp/u_gt/inst/gen_gtwizard_gthe4_top.gt_sfp_10g_gtwizard_gthe4_inst/gen_gtwizard_gthe4.gen_tx_user_clocking_internal.gen_single_instance.gtwiz_userclk_tx_inst/gen_gtwiz_userclk_tx_main.bufg_gt_usrclk2_inst/O
                         net (fo=18, routed)          1.073     7.542    u_sfp/tx_clk_gt
    BUFGCE_X0Y50         BUFGCE (Prop_BUFCE_BUFGCE_I_O)
                                                      0.024     7.566 r  u_sfp/u_tx_mac_clk/O
    X1Y1 (CLOCK_ROOT)    net (fo=1130, routed)        1.750     9.316    u_sfp/tx_clk
    SLICE_X49Y86         FDCE                                         r  u_sfp/tx_en_sync_reg[1]/C
                         clock pessimism              0.214     9.530    
                         clock uncertainty           -0.046     9.484    
    SLICE_X49Y86         FDCE (Recov_EFF_SLICEL_C_CLR)
                                                     -0.072     9.412    u_sfp/tx_en_sync_reg[1]
  -------------------------------------------------------------------
                         required time                          9.412    
                         arrival time                          -5.275    
  -------------------------------------------------------------------
                         slack                                  4.137    





Min Delay Paths
--------------------------------------------------------------------------------------
Slack (MET) :             0.289ns  (arrival time - required time)
  Source:                 u_sfp/u_rst_tx/sync_rst_n_reg/C
                            (rising edge-triggered cell FDCE clocked by tx_clk_gt  {rise@0.000ns fall@3.122ns period=6.244ns})
  Destination:            u_sfp/u_cdc_tx0/tog_reg/CLR
                            (removal check against rising-edge clock tx_clk_gt  {rise@0.000ns fall@3.122ns period=6.244ns})
  Path Group:             **async_default**
  Path Type:              Removal (Min at Fast Process Corner)
  Requirement:            0.000ns  (tx_clk_gt rise@0.000ns - tx_clk_gt rise@0.000ns)
  Data Path Delay:        0.324ns  (logic 0.040ns (12.346%)  route 0.284ns (87.654%))
  Logic Levels:           0  
  Clock Path Skew:        0.055ns (DCD - SCD - CPR)
    Destination Clock Delay (DCD):    1.904ns
    Source Clock Delay      (SCD):    1.714ns
    Clock Pessimism Removal (CPR):    0.135ns
  Clock Net Delay (Source):      0.949ns (routing 0.384ns, distribution 0.565ns)
  Clock Net Delay (Destination): 1.052ns (routing 0.432ns, distribution 0.620ns)

    Location             Delay type                Incr(ns)  Path(ns)    Netlist Resource(s)
  -------------------------------------------------------------------    -------------------
                         (clock tx_clk_gt rise edge)
                                                      0.000     0.000 r  
    GTHE4_CHANNEL_X0Y4   GTHE4_CHANNEL                0.000     0.000 r  u_sfp/u_gt/inst/gen_gtwizard_gthe4_top.gt_sfp_10g_gtwizard_gthe4_inst/gen_gtwizard_gthe4.gen_channel_container[1].gen_enabled_channel.gthe4_channel_wrapper_inst/channel_inst/gthe4_channel_gen.gen_gthe4_channel_inst[0].GTHE4_CHANNEL_PRIM_INST/TXOUTCLK
                         net (fo=3, routed)           0.073     0.073    u_sfp/u_gt/inst/gen_gtwizard_gthe4_top.gt_sfp_10g_gtwizard_gthe4_inst/gen_gtwizard_gthe4.gen_tx_user_clocking_internal.gen_single_instance.gtwiz_userclk_tx_inst/txoutclk_out[0]
    BUFG_GT_X0Y41        BUFG_GT (Prop_BUFG_GT_I_O)
                                                      0.073     0.146 r  u_sfp/u_gt/inst/gen_gtwizard_gthe4_top.gt_sfp_10g_gtwizard_gthe4_inst/gen_gtwizard_gthe4.gen_tx_user_clocking_internal.gen_single_instance.gtwiz_userclk_tx_inst/gen_gtwiz_userclk_tx_main.bufg_gt_usrclk2_inst/O
                         net (fo=18, routed)          0.602     0.748    u_sfp/tx_clk_gt
    BUFGCE_X0Y50         BUFGCE (Prop_BUFCE_BUFGCE_I_O)
                                                      0.017     0.765 r  u_sfp/u_tx_mac_clk/O
    X1Y1 (CLOCK_ROOT)    net (fo=1130, routed)        0.949     1.714    u_sfp/u_rst_tx/CLK
    SLICE_X23Y122        FDCE                                         r  u_sfp/u_rst_tx/sync_rst_n_reg/C
  -------------------------------------------------------------------    -------------------
    SLICE_X23Y122        FDCE (Prop_EFF2_SLICEL_C_Q)
                                                      0.040     1.754 r  u_sfp/u_rst_tx/sync_rst_n_reg/Q
                         net (fo=398, routed)         0.284     2.038    u_sfp/u_cdc_tx0/SR[0]
    SLICE_X36Y106        FDCE                                         f  u_sfp/u_cdc_tx0/tog_reg/CLR  (IS_INVERTED)
  -------------------------------------------------------------------    -------------------

                         (clock tx_clk_gt rise edge)
                                                      0.000     0.000 r  
    GTHE4_CHANNEL_X0Y4   GTHE4_CHANNEL                0.000     0.000 r  u_sfp/u_gt/inst/gen_gtwizard_gthe4_top.gt_sfp_10g_gtwizard_gthe4_inst/gen_gtwizard_gthe4.gen_channel_container[1].gen_enabled_channel.gthe4_channel_wrapper_inst/channel_inst/gthe4_channel_gen.gen_gthe4_channel_inst[0].GTHE4_CHANNEL_PRIM_INST/TXOUTCLK
                         net (fo=3, routed)           0.085     0.085    u_sfp/u_gt/inst/gen_gtwizard_gthe4_top.gt_sfp_10g_gtwizard_gthe4_inst/gen_gtwizard_gthe4.gen_tx_user_clocking_internal.gen_single_instance.gtwiz_userclk_tx_inst/txoutclk_out[0]
    BUFG_GT_X0Y41        BUFG_GT (Prop_BUFG_GT_I_O)
                                                      0.082     0.167 r  u_sfp/u_gt/inst/gen_gtwizard_gthe4_top.gt_sfp_10g_gtwizard_gthe4_inst/gen_gtwizard_gthe4.gen_tx_user_clocking_internal.gen_single_instance.gtwiz_userclk_tx_inst/gen_gtwiz_userclk_tx_main.bufg_gt_usrclk2_inst/O
                         net (fo=18, routed)          0.666     0.833    u_sfp/tx_clk_gt
    BUFGCE_X0Y50         BUFGCE (Prop_BUFCE_BUFGCE_I_O)
                                                      0.019     0.852 r  u_sfp/u_tx_mac_clk/O
    X1Y1 (CLOCK_ROOT)    net (fo=1130, routed)        1.052     1.904    u_sfp/u_cdc_tx0/CLK
    SLICE_X36Y106        FDCE                                         r  u_sfp/u_cdc_tx0/tog_reg/C
                         clock pessimism             -0.135     1.769    
    SLICE_X36Y106        FDCE (Remov_DFF2_SLICEL_C_CLR)
                                                     -0.020     1.749    u_sfp/u_cdc_tx0/tog_reg
  -------------------------------------------------------------------
                         required time                         -1.749    
                         arrival time                           2.038    
  -------------------------------------------------------------------
                         slack                                  0.289    





