Copyright 1986-2020 Xilinx, Inc. All Rights Reserved.
-------------------------------------------------------------------------------------------------------------------------------------
| Tool Version      : Vivado v.2020.1 (win64) Build 2902540 Wed May 27 19:54:49 MDT 2020
| Date              : Wed Sep 16 21:50:21 2026
| Host         : (redacted)
| Command      : (redacted)
| Design            : system_top
| Device            : xczu4ev-sfvc784
| Speed File        : -1  PRODUCTION 1.27 02-28-2020
| Temperature Grade : I
-------------------------------------------------------------------------------------------------------------------------------------

Timing Summary Report

------------------------------------------------------------------------------------------------
| Timer Settings
| --------------
------------------------------------------------------------------------------------------------

  Enable Multi Corner Analysis               :  Yes
  Enable Pessimism Removal                   :  Yes
  Pessimism Removal Resolution               :  Nearest Common Node
  Enable Input Delay Default Clock           :  No
  Enable Preset / Clear Arcs                 :  No
  Disable Flight Delays                      :  No
  Ignore I/O Paths                           :  No
  Timing Early Launch at Borrowing Latches   :  No
  Borrow Time for Max Delay Exceptions       :  Yes
  Merge Timing Exceptions                    :  Yes

  Corner  Analyze    Analyze    
  Name    Max Paths  Min Paths  
  ------  ---------  ---------  
  Slow    Yes        Yes        
  Fast    Yes        Yes        



check_timing report

Table of Contents
-----------------
1. checking no_clock (0)
2. checking constant_clock (0)
3. checking pulse_width_clock (0)
4. checking unconstrained_internal_endpoints (0)
5. checking no_input_delay (4)
6. checking no_output_delay (10)
7. checking multiple_clock (0)
8. checking generated_clocks (0)
9. checking loops (0)
10. checking partial_input_delay (0)
11. checking partial_output_delay (0)
12. checking latch_loops (0)

1. checking no_clock (0)
------------------------
 There are 0 register/latch pins with no clock.


2. checking constant_clock (0)
------------------------------
 There are 0 register/latch pins with constant_clock.


3. checking pulse_width_clock (0)
---------------------------------
 There are 0 register/latch pins which need pulse_width check


4. checking unconstrained_internal_endpoints (0)
------------------------------------------------
 There are 0 pins that are not constrained for maximum delay.

 There are 0 pins that are not constrained for maximum delay due to constant clock.


5. checking no_input_delay (4)
------------------------------
 There is 1 input port with no input delay specified. (HIGH)

 There are 3 input ports with no input delay but user has a false path constraint. (MEDIUM)


6. checking no_output_delay (10)
--------------------------------
 There are 6 ports with no output delay specified. (HIGH)

 There are 4 ports with no output delay but user has a false path constraint (MEDIUM)

 There are 0 ports with no output delay but with a timing clock defined on it or propagating through it


7. checking multiple_clock (0)
------------------------------
 There are 0 register/latch pins with multiple clocks.


8. checking generated_clocks (0)
--------------------------------
 There are 0 generated clocks that are not connected to a clock source.


9. checking loops (0)
---------------------
 There are 0 combinational loops in the design.


10. checking partial_input_delay (0)
------------------------------------
 There are 0 input ports with partial input delay specified.


11. checking partial_output_delay (0)
-------------------------------------
 There are 0 ports with partial output delay specified.


12. checking latch_loops (0)
----------------------------
 There are 0 combinational latch loops in the design through latch input



------------------------------------------------------------------------------------------------
| Design Timing Summary
| ---------------------
------------------------------------------------------------------------------------------------

    WNS(ns)      TNS(ns)  TNS Failing Endpoints  TNS Total Endpoints      WHS(ns)      THS(ns)  THS Failing Endpoints  THS Total Endpoints     WPWS(ns)     TPWS(ns)  TPWS Failing Endpoints  TPWS Total Endpoints  
    -------      -------  ---------------------  -------------------      -------      -------  ---------------------  -------------------     --------     --------  ----------------------  --------------------  
      0.832        0.000                      0                76818       -5.842      -29.074                      5                76802       -1.667       -1.667                       1                 34913  


Timing constraints are not met.


------------------------------------------------------------------------------------------------
| Clock Summary
| -------------
------------------------------------------------------------------------------------------------

Clock                                                                                                Waveform(ns)         Period(ns)      Frequency(MHz)
-----                                                                                                ------------         ----------      --------------
clk_pl_0                                                                                             {0.000 5.000}        10.000          100.000         
dbg_hub/inst/BSCANID.u_xsdbm_id/SWITCH_N_EXT_BSCAN.bscan_inst/SERIES7_BSCAN.bscan_inst/INTERNAL_TCK  {0.000 25.000}       50.000          20.000          
mgtrefclk_125m                                                                                       {0.000 4.000}        8.000           125.000         
rgmii_rxc                                                                                            {0.000 4.000}        8.000           125.000         
  rxc60_u                                                                                            {0.000 4.000}        8.000           125.000         
  rxc_fb                                                                                             {0.000 4.000}        8.000           125.000         
sys_clk_clk_p                                                                                        {0.000 2.500}        5.000           200.000         
  axi_clk                                                                                            {0.000 5.000}        10.000          100.000         
  gtx_clk_u                                                                                          {0.000 4.000}        8.000           125.000         
  mmcm_fb                                                                                            {0.000 2.500}        5.000           200.000         


------------------------------------------------------------------------------------------------
| Intra Clock Table
| -----------------
------------------------------------------------------------------------------------------------

Clock                                                                                                    WNS(ns)      TNS(ns)  TNS Failing Endpoints  TNS Total Endpoints      WHS(ns)      THS(ns)  THS Failing Endpoints  THS Total Endpoints     WPWS(ns)     TPWS(ns)  TPWS Failing Endpoints  TPWS Total Endpoints  
-----                                                                                                    -------      -------  ---------------------  -------------------      -------      -------  ---------------------  -------------------     --------     --------  ----------------------  --------------------  
dbg_hub/inst/BSCANID.u_xsdbm_id/SWITCH_N_EXT_BSCAN.bscan_inst/SERIES7_BSCAN.bscan_inst/INTERNAL_TCK       12.932        0.000                      0                 1060        0.011        0.000                      0                 1060       24.427        0.000                       0                   499  
rgmii_rxc                                                                                                  2.953        0.000                      0                 7419        0.010        0.000                      0                 7419        1.600        0.000                       0                  3794  
  rxc60_u                                                                                                  3.466        0.000                      0                  453        0.027        0.000                      0                  453        3.193        0.000                       0                   207  
  rxc_fb                                                                                                                                                                                                                                               6.501        0.000                       0                     3  
sys_clk_clk_p                                                                                              2.936        0.000                      0                   16        0.044        0.000                      0                   16       -1.667       -1.667                       1                    12  
  axi_clk                                                                                                  3.442        0.000                      0                 6662        0.010        0.000                      0                 6662        3.500        0.000                       0                  3478  
  gtx_clk_u                                                                                                0.832        0.000                      0                55604        0.013        0.000                      0                55604        2.562        0.000                       0                 26917  
  mmcm_fb                                                                                                                                                                                                                                              3.501        0.000                       0                     3  


------------------------------------------------------------------------------------------------
| Inter Clock Table
| -----------------
------------------------------------------------------------------------------------------------

From Clock                                                                                           To Clock                                                                                                 WNS(ns)      TNS(ns)  TNS Failing Endpoints  TNS Total Endpoints      WHS(ns)      THS(ns)  THS Failing Endpoints  THS Total Endpoints  
----------                                                                                           --------                                                                                                 -------      -------  ---------------------  -------------------      -------      -------  ---------------------  -------------------  
rgmii_rxc                                                                                            dbg_hub/inst/BSCANID.u_xsdbm_id/SWITCH_N_EXT_BSCAN.bscan_inst/SERIES7_BSCAN.bscan_inst/INTERNAL_TCK        7.523        0.000                      0                    8                                                                        
dbg_hub/inst/BSCANID.u_xsdbm_id/SWITCH_N_EXT_BSCAN.bscan_inst/SERIES7_BSCAN.bscan_inst/INTERNAL_TCK  rgmii_rxc                                                                                                 49.579        0.000                      0                    8                                                                        
rgmii_rxc                                                                                            rxc60_u                                                                                                    6.880        0.000                      0                    5       -5.842      -29.074                      5                    5  
gtx_clk_u                                                                                            rxc60_u                                                                                                    3.920        0.000                      0                   15        0.149        0.000                      0                   15  
rxc60_u                                                                                              gtx_clk_u                                                                                                  3.701        0.000                      0                   18        2.311        0.000                      0                   18  


------------------------------------------------------------------------------------------------
| Other Path Groups Table
| -----------------------
------------------------------------------------------------------------------------------------

Path Group                                                                                           From Clock                                                                                           To Clock                                                                                                 WNS(ns)      TNS(ns)  TNS Failing Endpoints  TNS Total Endpoints      WHS(ns)      THS(ns)  THS Failing Endpoints  THS Total Endpoints  
----------                                                                                           ----------                                                                                           --------                                                                                                 -------      -------  ---------------------  -------------------      -------      -------  ---------------------  -------------------  
**async_default**                                                                                    axi_clk                                                                                              axi_clk                                                                                                    5.989        0.000                      0                 2264        1.395        0.000                      0                 2264  
**async_default**                                                                                    dbg_hub/inst/BSCANID.u_xsdbm_id/SWITCH_N_EXT_BSCAN.bscan_inst/SERIES7_BSCAN.bscan_inst/INTERNAL_TCK  dbg_hub/inst/BSCANID.u_xsdbm_id/SWITCH_N_EXT_BSCAN.bscan_inst/SERIES7_BSCAN.bscan_inst/INTERNAL_TCK       47.137        0.000                      0                  100        0.107        0.000                      0                  100  
**async_default**                                                                                    gtx_clk_u                                                                                            gtx_clk_u                                                                                                  4.206        0.000                      0                 3065        0.142        0.000                      0                 3065  
**async_default**                                                                                    rgmii_rxc                                                                                            rgmii_rxc                                                                                                  6.624        0.000                      0                  113        0.090        0.000                      0                  113  
**async_default**                                                                                    gtx_clk_u                                                                                            rxc60_u                                                                                                    3.576        0.000                      0                    4        0.711        0.000                      0                    4  
**async_default**                                                                                    rxc60_u                                                                                              rxc60_u                                                                                                    6.483        0.000                      0                    3        0.366        0.000                      0                    3  
**async_default**                                                                                    sys_clk_clk_p                                                                                        sys_clk_clk_p                                                                                              2.990        0.000                      0                    1        0.086        0.000                      0                    1  


------------------------------------------------------------------------------------------------
| Timing Details
| --------------
------------------------------------------------------------------------------------------------


---------------------------------------------------------------------------------------------------
From Clock:  dbg_hub/inst/BSCANID.u_xsdbm_id/SWITCH_N_EXT_BSCAN.bscan_inst/SERIES7_BSCAN.bscan_inst/INTERNAL_TCK
  To Clock:  dbg_hub/inst/BSCANID.u_xsdbm_id/SWITCH_N_EXT_BSCAN.bscan_inst/SERIES7_BSCAN.bscan_inst/INTERNAL_TCK

Setup :            0  Failing Endpoints,  Worst Slack       12.932ns,  Total Violation        0.000ns
Hold  :            0  Failing Endpoints,  Worst Slack        0.011ns,  Total Violation        0.000ns
PW    :            0  Failing Endpoints,  Worst Slack       24.427ns,  Total Violation        0.000ns
---------------------------------------------------------------------------------------------------


Max Delay Paths
--------------------------------------------------------------------------------------
Slack (MET) :             12.932ns  (required time - arrival time)
  Source:                 dbg_hub/inst/BSCANID.u_xsdbm_id/CORE_XSDB.U_ICON/iTDO_reg/C
                            (rising edge-triggered cell FDRE clocked by dbg_hub/inst/BSCANID.u_xsdbm_id/SWITCH_N_EXT_BSCAN.bscan_inst/SERIES7_BSCAN.bscan_inst/INTERNAL_TCK  {rise@0.000ns fall@25.000ns period=50.000ns})
  Destination:            dbg_hub/inst/BSCANID.u_xsdbm_id/SWITCH_N_EXT_BSCAN.bscan_inst/SERIES7_BSCAN.bscan_inst/TDO
                            (falling edge-triggered cell BSCANE2 clocked by dbg_hub/inst/BSCANID.u_xsdbm_id/SWITCH_N_EXT_BSCAN.bscan_inst/SERIES7_BSCAN.bscan_inst/INTERNAL_TCK  {rise@0.000ns fall@25.000ns period=50.000ns})
  Path Group:             dbg_hub/inst/BSCANID.u_xsdbm_id/SWITCH_N_EXT_BSCAN.bscan_inst/SERIES7_BSCAN.bscan_inst/INTERNAL_TCK
  Path Type:              Setup (Max at Slow Process Corner)
  Requirement:            25.000ns  (dbg_hub/inst/BSCANID.u_xsdbm_id/SWITCH_N_EXT_BSCAN.bscan_inst/SERIES7_BSCAN.bscan_inst/INTERNAL_TCK fall@25.000ns - dbg_hub/inst/BSCANID.u_xsdbm_id/SWITCH_N_EXT_BSCAN.bscan_inst/SERIES7_BSCAN.bscan_inst/INTERNAL_TCK rise@0.000ns)
  Data Path Delay:        4.236ns  (logic 0.258ns (6.091%)  route 3.978ns (93.909%))
  Logic Levels:           2  (LUT3=1 LUT6=1)
  Clock Path Skew:        -7.597ns (DCD - SCD + CPR)
    Destination Clock Delay (DCD):    0.000ns = ( 25.000 - 25.000 ) 
    Source Clock Delay      (SCD):    7.597ns
    Clock Pessimism Removal (CPR):    0.000ns
  Clock Uncertainty:      0.235ns  ((TSJ^2 + TIJ^2)^1/2 + DJ) / 2 + PE + DCD
    Total System Jitter     (TSJ):    0.071ns
    Total Input Jitter      (TIJ):    0.000ns
    Discrete Jitter          (DJ):    0.000ns
    Phase Error              (PE):    0.000ns
    Duty Cycle Distortion   (DCD):    0.200ns
  Clock Net Delay (Source):      2.017ns (routing 0.949ns, distribution 1.068ns)

    Location             Delay type                Incr(ns)  Path(ns)    Netlist Resource(s)
  -------------------------------------------------------------------    -------------------
                         (clock dbg_hub/inst/BSCANID.u_xsdbm_id/SWITCH_N_EXT_BSCAN.bscan_inst/SERIES7_BSCAN.bscan_inst/INTERNAL_TCK rise edge)
                                                      0.000     0.000 r  
    CONFIG_SITE_X0Y0     BSCANE2                      0.000     0.000 r  dbg_hub/inst/BSCANID.u_xsdbm_id/SWITCH_N_EXT_BSCAN.bscan_inst/SERIES7_BSCAN.bscan_inst/INTERNAL_TCK
    CONFIG_SITE_X0Y0     BSCANE2 (Prop_BSCAN1_CONFIG_SITE_INTERNAL_TCK_TCK)
                                                      4.300     4.300 r  dbg_hub/inst/BSCANID.u_xsdbm_id/SWITCH_N_EXT_BSCAN.bscan_inst/SERIES7_BSCAN.bscan_inst/TCK
                         net (fo=1, routed)           1.252     5.552    dbg_hub/inst/BSCANID.u_xsdbm_id/tck_bs
    BUFGCE_X0Y48         BUFGCE (Prop_BUFCE_BUFGCE_I_O)
                                                      0.028     5.580 r  dbg_hub/inst/BSCANID.u_xsdbm_id/SWITCH_N_EXT_BSCAN.u_bufg_icon_tck/O
    X1Y0 (CLOCK_ROOT)    net (fo=498, routed)         2.017     7.597    dbg_hub/inst/BSCANID.u_xsdbm_id/CORE_XSDB.U_ICON/m_bscan_tck[0]
    SLICE_X16Y10         FDRE                                         r  dbg_hub/inst/BSCANID.u_xsdbm_id/CORE_XSDB.U_ICON/iTDO_reg/C
  -------------------------------------------------------------------    -------------------
    SLICE_X16Y10         FDRE (Prop_HFF_SLICEL_C_Q)
                                                      0.096     7.693 r  dbg_hub/inst/BSCANID.u_xsdbm_id/CORE_XSDB.U_ICON/iTDO_reg/Q
                         net (fo=1, routed)           1.697     9.390    dbg_hub/inst/BSCANID.u_xsdbm_id/TDO
    SLICE_X56Y3          LUT3 (Prop_F6LUT_SLICEL_I2_O)
                                                      0.098     9.488 r  dbg_hub/inst/BSCANID.u_xsdbm_id/SWITCH_N_EXT_BSCAN.bscan_switch_i_1/O
                         net (fo=2, routed)           0.242     9.730    dbg_hub/inst/BSCANID.u_xsdbm_id/SWITCH_N_EXT_BSCAN.bscan_switch/m_bscan_tdo[0]
    SLICE_X58Y4          LUT6 (Prop_G6LUT_SLICEM_I5_O)
                                                      0.064     9.794 r  dbg_hub/inst/BSCANID.u_xsdbm_id/SWITCH_N_EXT_BSCAN.bscan_switch/s_bscan_tdo_INST_0/O
                         net (fo=1, routed)           2.039    11.833    dbg_hub/inst/BSCANID.u_xsdbm_id/SWITCH_N_EXT_BSCAN.bscan_inst/s_bscan_tdo
    CONFIG_SITE_X0Y0     BSCANE2                                      r  dbg_hub/inst/BSCANID.u_xsdbm_id/SWITCH_N_EXT_BSCAN.bscan_inst/SERIES7_BSCAN.bscan_inst/TDO
  -------------------------------------------------------------------    -------------------

                         (clock dbg_hub/inst/BSCANID.u_xsdbm_id/SWITCH_N_EXT_BSCAN.bscan_inst/SERIES7_BSCAN.bscan_inst/INTERNAL_TCK fall edge)
                                                     25.000    25.000 f  
    CONFIG_SITE_X0Y0     BSCANE2                      0.000    25.000 f  dbg_hub/inst/BSCANID.u_xsdbm_id/SWITCH_N_EXT_BSCAN.bscan_inst/SERIES7_BSCAN.bscan_inst/INTERNAL_TCK
                         clock pessimism              0.000    25.000    
                         clock uncertainty           -0.235    24.765    
    CONFIG_SITE_X0Y0     BSCANE2 (Setup_BSCAN1_CONFIG_SITE_INTERNAL_TCK_TDO)
                                                      0.000    24.765    dbg_hub/inst/BSCANID.u_xsdbm_id/SWITCH_N_EXT_BSCAN.bscan_inst/SERIES7_BSCAN.bscan_inst
  -------------------------------------------------------------------
                         required time                         24.765    
                         arrival time                         -11.833    
  -------------------------------------------------------------------
                         slack                                 12.932    





Min Delay Paths
--------------------------------------------------------------------------------------
Slack (MET) :             0.011ns  (arrival time - required time)
  Source:                 dbg_hub/inst/BSCANID.u_xsdbm_id/CORE_XSDB.UUT_MASTER/U_ICON_INTERFACE/U_CMD6_WR/shift_reg_in_reg[12]/C
                            (rising edge-triggered cell FDCE clocked by dbg_hub/inst/BSCANID.u_xsdbm_id/SWITCH_N_EXT_BSCAN.bscan_inst/SERIES7_BSCAN.bscan_inst/INTERNAL_TCK  {rise@0.000ns fall@25.000ns period=50.000ns})
  Destination:            dbg_hub/inst/BSCANID.u_xsdbm_id/CORE_XSDB.UUT_MASTER/U_ICON_INTERFACE/U_CMD6_WR/U_WR_FIFO/SUBCORE_FIFO.xsdbm_v3_0_0_wrfifo_inst/inst_fifo_gen/gconvfifo.rf/grf.rf/gntv_or_sync_fifo.mem/gdm.dm_gen.dm/RAM_reg_0_15_0_13/RAMF_D1/I
                            (rising edge-triggered cell RAMD32 clocked by dbg_hub/inst/BSCANID.u_xsdbm_id/SWITCH_N_EXT_BSCAN.bscan_inst/SERIES7_BSCAN.bscan_inst/INTERNAL_TCK  {rise@0.000ns fall@25.000ns period=50.000ns})
  Path Group:             dbg_hub/inst/BSCANID.u_xsdbm_id/SWITCH_N_EXT_BSCAN.bscan_inst/SERIES7_BSCAN.bscan_inst/INTERNAL_TCK
  Path Type:              Hold (Min at Slow Process Corner)
  Requirement:            0.000ns  (dbg_hub/inst/BSCANID.u_xsdbm_id/SWITCH_N_EXT_BSCAN.bscan_inst/SERIES7_BSCAN.bscan_inst/INTERNAL_TCK rise@0.000ns - dbg_hub/inst/BSCANID.u_xsdbm_id/SWITCH_N_EXT_BSCAN.bscan_inst/SERIES7_BSCAN.bscan_inst/INTERNAL_TCK rise@0.000ns)
  Data Path Delay:        0.211ns  (logic 0.069ns (32.701%)  route 0.142ns (67.299%))
  Logic Levels:           0  
  Clock Path Skew:        0.137ns (DCD - SCD - CPR)
    Destination Clock Delay (DCD):    7.629ns
    Source Clock Delay      (SCD):    3.118ns
    Clock Pessimism Removal (CPR):    4.374ns
  Clock Net Delay (Source):      1.782ns (routing 0.863ns, distribution 0.919ns)
  Clock Net Delay (Destination): 2.049ns (routing 0.949ns, distribution 1.100ns)

    Location             Delay type                Incr(ns)  Path(ns)    Netlist Resource(s)
  -------------------------------------------------------------------    -------------------
                         (clock dbg_hub/inst/BSCANID.u_xsdbm_id/SWITCH_N_EXT_BSCAN.bscan_inst/SERIES7_BSCAN.bscan_inst/INTERNAL_TCK rise edge)
                                                      0.000     0.000 r  
    CONFIG_SITE_X0Y0     BSCANE2                      0.000     0.000 r  dbg_hub/inst/BSCANID.u_xsdbm_id/SWITCH_N_EXT_BSCAN.bscan_inst/SERIES7_BSCAN.bscan_inst/INTERNAL_TCK
    CONFIG_SITE_X0Y0     BSCANE2 (Prop_BSCAN1_CONFIG_SITE_INTERNAL_TCK_TCK)
                                                      0.465     0.465 r  dbg_hub/inst/BSCANID.u_xsdbm_id/SWITCH_N_EXT_BSCAN.bscan_inst/SERIES7_BSCAN.bscan_inst/TCK
                         net (fo=1, routed)           0.847     1.312    dbg_hub/inst/BSCANID.u_xsdbm_id/tck_bs
    BUFGCE_X0Y48         BUFGCE (Prop_BUFCE_BUFGCE_I_O)
                                                      0.024     1.336 r  dbg_hub/inst/BSCANID.u_xsdbm_id/SWITCH_N_EXT_BSCAN.u_bufg_icon_tck/O
    X1Y0 (CLOCK_ROOT)    net (fo=498, routed)         1.782     3.118    dbg_hub/inst/BSCANID.u_xsdbm_id/CORE_XSDB.UUT_MASTER/U_ICON_INTERFACE/U_CMD6_WR/m_bscan_tck[0]
    SLICE_X11Y10         FDCE                                         r  dbg_hub/inst/BSCANID.u_xsdbm_id/CORE_XSDB.UUT_MASTER/U_ICON_INTERFACE/U_CMD6_WR/shift_reg_in_reg[12]/C
  -------------------------------------------------------------------    -------------------
    SLICE_X11Y10         FDCE (Prop_FFF_SLICEL_C_Q)
                                                      0.069     3.187 r  dbg_hub/inst/BSCANID.u_xsdbm_id/CORE_XSDB.UUT_MASTER/U_ICON_INTERFACE/U_CMD6_WR/shift_reg_in_reg[12]/Q
                         net (fo=2, routed)           0.142     3.329    dbg_hub/inst/BSCANID.u_xsdbm_id/CORE_XSDB.UUT_MASTER/U_ICON_INTERFACE/U_CMD6_WR/U_WR_FIFO/SUBCORE_FIFO.xsdbm_v3_0_0_wrfifo_inst/inst_fifo_gen/gconvfifo.rf/grf.rf/gntv_or_sync_fifo.mem/gdm.dm_gen.dm/RAM_reg_0_15_0_13/DIF1
    SLICE_X12Y10         RAMD32                                       r  dbg_hub/inst/BSCANID.u_xsdbm_id/CORE_XSDB.UUT_MASTER/U_ICON_INTERFACE/U_CMD6_WR/U_WR_FIFO/SUBCORE_FIFO.xsdbm_v3_0_0_wrfifo_inst/inst_fifo_gen/gconvfifo.rf/grf.rf/gntv_or_sync_fifo.mem/gdm.dm_gen.dm/RAM_reg_0_15_0_13/RAMF_D1/I
  -------------------------------------------------------------------    -------------------

                         (clock dbg_hub/inst/BSCANID.u_xsdbm_id/SWITCH_N_EXT_BSCAN.bscan_inst/SERIES7_BSCAN.bscan_inst/INTERNAL_TCK rise edge)
                                                      0.000     0.000 r  
    CONFIG_SITE_X0Y0     BSCANE2                      0.000     0.000 r  dbg_hub/inst/BSCANID.u_xsdbm_id/SWITCH_N_EXT_BSCAN.bscan_inst/SERIES7_BSCAN.bscan_inst/INTERNAL_TCK
    CONFIG_SITE_X0Y0     BSCANE2 (Prop_BSCAN1_CONFIG_SITE_INTERNAL_TCK_TCK)
                                                      4.300     4.300 r  dbg_hub/inst/BSCANID.u_xsdbm_id/SWITCH_N_EXT_BSCAN.bscan_inst/SERIES7_BSCAN.bscan_inst/TCK
                         net (fo=1, routed)           1.252     5.552    dbg_hub/inst/BSCANID.u_xsdbm_id/tck_bs
    BUFGCE_X0Y48         BUFGCE (Prop_BUFCE_BUFGCE_I_O)
                                                      0.028     5.580 r  dbg_hub/inst/BSCANID.u_xsdbm_id/SWITCH_N_EXT_BSCAN.u_bufg_icon_tck/O
    X1Y0 (CLOCK_ROOT)    net (fo=498, routed)         2.049     7.629    dbg_hub/inst/BSCANID.u_xsdbm_id/CORE_XSDB.UUT_MASTER/U_ICON_INTERFACE/U_CMD6_WR/U_WR_FIFO/SUBCORE_FIFO.xsdbm_v3_0_0_wrfifo_inst/inst_fifo_gen/gconvfifo.rf/grf.rf/gntv_or_sync_fifo.mem/gdm.dm_gen.dm/RAM_reg_0_15_0_13/WCLK
    SLICE_X12Y10         RAMD32                                       r  dbg_hub/inst/BSCANID.u_xsdbm_id/CORE_XSDB.UUT_MASTER/U_ICON_INTERFACE/U_CMD6_WR/U_WR_FIFO/SUBCORE_FIFO.xsdbm_v3_0_0_wrfifo_inst/inst_fifo_gen/gconvfifo.rf/grf.rf/gntv_or_sync_fifo.mem/gdm.dm_gen.dm/RAM_reg_0_15_0_13/RAMF_D1/CLK
                         clock pessimism             -4.374     3.255    
    SLICE_X12Y10         RAMD32 (Hold_F6LUT_SLICEM_CLK_I)
                                                      0.063     3.318    dbg_hub/inst/BSCANID.u_xsdbm_id/CORE_XSDB.UUT_MASTER/U_ICON_INTERFACE/U_CMD6_WR/U_WR_FIFO/SUBCORE_FIFO.xsdbm_v3_0_0_wrfifo_inst/inst_fifo_gen/gconvfifo.rf/grf.rf/gntv_or_sync_fifo.mem/gdm.dm_gen.dm/RAM_reg_0_15_0_13/RAMF_D1
  -------------------------------------------------------------------
                         required time                         -3.318    
                         arrival time                           3.329    
  -------------------------------------------------------------------
                         slack                                  0.011    





Pulse Width Checks
--------------------------------------------------------------------------------------
Clock Name:         dbg_hub/inst/BSCANID.u_xsdbm_id/SWITCH_N_EXT_BSCAN.bscan_inst/SERIES7_BSCAN.bscan_inst/INTERNAL_TCK
Waveform(ns):       { 0.000 25.000 }
Period(ns):         50.000
Sources:            { dbg_hub/inst/BSCANID.u_xsdbm_id/SWITCH_N_EXT_BSCAN.bscan_inst/SERIES7_BSCAN.bscan_inst/INTERNAL_TCK }

Check Type        Corner  Lib Pin     Reference Pin  Required(ns)  Actual(ns)  Slack(ns)  Location      Pin
Min Period        n/a     BUFGCE/I    n/a            1.499         50.000      48.501     BUFGCE_X0Y48  dbg_hub/inst/BSCANID.u_xsdbm_id/SWITCH_N_EXT_BSCAN.u_bufg_icon_tck/I
Low Pulse Width   Fast    RAMD32/CLK  n/a            0.573         25.000      24.427     SLICE_X12Y10  dbg_hub/inst/BSCANID.u_xsdbm_id/CORE_XSDB.UUT_MASTER/U_ICON_INTERFACE/U_CMD6_WR/U_WR_FIFO/SUBCORE_FIFO.xsdbm_v3_0_0_wrfifo_inst/inst_fifo_gen/gconvfifo.rf/grf.rf/gntv_or_sync_fifo.mem/gdm.dm_gen.dm/RAM_reg_0_15_0_13/RAMA/CLK
High Pulse Width  Fast    RAMD32/CLK  n/a            0.573         25.000      24.427     SLICE_X12Y9   dbg_hub/inst/BSCANID.u_xsdbm_id/CORE_XSDB.UUT_MASTER/U_ICON_INTERFACE/U_CMD6_WR/U_WR_FIFO/SUBCORE_FIFO.xsdbm_v3_0_0_wrfifo_inst/inst_fifo_gen/gconvfifo.rf/grf.rf/gntv_or_sync_fifo.mem/gdm.dm_gen.dm/RAM_reg_0_15_14_15/RAMA/CLK



---------------------------------------------------------------------------------------------------
From Clock:  rgmii_rxc
  To Clock:  rgmii_rxc

Setup :            0  Failing Endpoints,  Worst Slack        2.953ns,  Total Violation        0.000ns
Hold  :            0  Failing Endpoints,  Worst Slack        0.010ns,  Total Violation        0.000ns
PW    :            0  Failing Endpoints,  Worst Slack        1.600ns,  Total Violation        0.000ns
---------------------------------------------------------------------------------------------------


Max Delay Paths
--------------------------------------------------------------------------------------
Slack (MET) :             2.953ns  (required time - arrival time)
  Source:                 bd_i/design_1_i/jtag_axi_0/inst/jtag_axi_engine_u/s_den_i_reg/C
                            (rising edge-triggered cell FDRE clocked by rgmii_rxc  {rise@0.000ns fall@4.000ns period=8.000ns})
  Destination:            bd_i/design_1_i/jtag_axi_0/inst/jtag_axi_engine_u/rx_fifo_i/inst_fifo_gen/gconvfifo.rf/grf.rf/gntv_or_sync_fifo.mem/gbm.gbmg.gbmga.ngecc.bmg/inst_blk_mem_gen/gnbram.gnativebmg.native_blk_mem_gen/valid.cstr/ramloop[0].ram.r/prim_noinit.ram/DEVICE_8SERIES.NO_BMM_INFO.SDP.WIDE_PRIM18.ram/ENARDEN
                            (rising edge-triggered cell RAMB18E2 clocked by rgmii_rxc  {rise@0.000ns fall@4.000ns period=8.000ns})
  Path Group:             rgmii_rxc
  Path Type:              Setup (Max at Slow Process Corner)
  Requirement:            8.000ns  (rgmii_rxc rise@8.000ns - rgmii_rxc rise@0.000ns)
  Data Path Delay:        4.328ns  (logic 0.707ns (16.335%)  route 3.621ns (83.665%))
  Logic Levels:           4  (LUT4=2 LUT5=1 LUT6=1)
  Clock Path Skew:        -0.323ns (DCD - SCD + CPR)
    Destination Clock Delay (DCD):    2.499ns = ( 10.499 - 8.000 ) 
    Source Clock Delay      (SCD):    3.220ns
    Clock Pessimism Removal (CPR):    0.398ns
  Clock Uncertainty:      0.035ns  ((TSJ^2 + TIJ^2)^1/2 + DJ) / 2 + PE
    Total System Jitter     (TSJ):    0.071ns
    Total Input Jitter      (TIJ):    0.000ns
    Discrete Jitter          (DJ):    0.000ns
    Phase Error              (PE):    0.000ns
  Clock Net Delay (Source):      2.307ns (routing 0.984ns, distribution 1.323ns)
  Clock Net Delay (Destination): 1.895ns (routing 0.895ns, distribution 1.000ns)

    Location             Delay type                Incr(ns)  Path(ns)    Netlist Resource(s)
  -------------------------------------------------------------------    -------------------
                         (clock rgmii_rxc rise edge)
                                                      0.000     0.000 r  
    E5                                                0.000     0.000 r  rgmii_rxc (IN)
                         net (fo=0)                   0.000     0.000    rgmii_rxc_IBUF_inst/I
    E5                   INBUF (Prop_INBUF_HPIOB_M_PAD_O)
                                                      0.551     0.551 r  rgmii_rxc_IBUF_inst/INBUF_INST/O
                         net (fo=1, routed)           0.000     0.551    rgmii_rxc_IBUF_inst/OUT
    E5                   IBUFCTRL (Prop_IBUFCTRL_HPIOB_M_I_O)
                                                      0.000     0.551 r  rgmii_rxc_IBUF_inst/IBUFCTRL_INST/O
                         net (fo=2, routed)           0.334     0.885    rgmii_rxc_IBUF
    BUFGCE_X0Y80         BUFGCE (Prop_BUFCE_BUFGCE_I_O)
                                                      0.028     0.913 r  rgmii_rxc_IBUF_BUFGCE_collapsed_inst/O
    X1Y1 (CLOCK_ROOT)    net (fo=3793, routed)        2.307     3.220    bd_i/design_1_i/jtag_axi_0/inst/jtag_axi_engine_u/xsdb_clk
    SLICE_X9Y21          FDRE                                         r  bd_i/design_1_i/jtag_axi_0/inst/jtag_axi_engine_u/s_den_i_reg/C
  -------------------------------------------------------------------    -------------------
    SLICE_X9Y21          FDRE (Prop_DFF2_SLICEL_C_Q)
                                                      0.098     3.318 r  bd_i/design_1_i/jtag_axi_0/inst/jtag_axi_engine_u/s_den_i_reg/Q
                         net (fo=5, routed)           1.272     4.590    bd_i/design_1_i/jtag_axi_0/inst/jtag_axi_engine_u/u_xsdb_fifo_interface/s_den_i
    SLICE_X9Y149         LUT5 (Prop_D5LUT_SLICEL_I3_O)
                                                      0.164     4.754 r  bd_i/design_1_i/jtag_axi_0/inst/jtag_axi_engine_u/u_xsdb_fifo_interface/xsdb_drdy_status_reg_ff_i_2/O
                         net (fo=4, routed)           0.298     5.052    bd_i/design_1_i/jtag_axi_0/inst/jtag_axi_engine_u/u_xsdb_fifo_interface/rxfifo2xsdb_i/ram_empty_fb_i_reg
    SLICE_X9Y155         LUT6 (Prop_H6LUT_SLICEL_I4_O)
                                                      0.179     5.231 f  bd_i/design_1_i/jtag_axi_0/inst/jtag_axi_engine_u/u_xsdb_fifo_interface/rxfifo2xsdb_i/DEVICE_8SERIES.NO_BMM_INFO.SDP.WIDE_PRIM18.ram_i_4/O
                         net (fo=9, routed)           0.758     5.989    bd_i/design_1_i/jtag_axi_0/inst/jtag_axi_engine_u/rx_fifo_i/inst_fifo_gen/gconvfifo.rf/grf.rf/gntv_or_sync_fifo.gl0.rd/gr1.gr1_int.rfwft/rx_fifo_rd
    SLICE_X13Y172        LUT4 (Prop_A5LUT_SLICEM_I1_O)
                                                      0.200     6.189 r  bd_i/design_1_i/jtag_axi_0/inst/jtag_axi_engine_u/rx_fifo_i/inst_fifo_gen/gconvfifo.rf/grf.rf/gntv_or_sync_fifo.gl0.rd/gr1.gr1_int.rfwft/gpregsm1.curr_fwft_state[1]_i_1/O
                         net (fo=2, routed)           0.242     6.431    bd_i/design_1_i/jtag_axi_0/inst/jtag_axi_engine_u/rx_fifo_i/inst_fifo_gen/gconvfifo.rf/grf.rf/gntv_or_sync_fifo.mem/gbm.gbmg.gbmga.ngecc.bmg/inst_blk_mem_gen/gnbram.gnativebmg.native_blk_mem_gen/valid.cstr/ramloop[0].ram.r/prim_noinit.ram/pwropt
    SLICE_X13Y172        LUT4 (Prop_H6LUT_SLICEM_I2_O)
                                                      0.066     6.497 r  bd_i/design_1_i/jtag_axi_0/inst/jtag_axi_engine_u/rx_fifo_i/inst_fifo_gen/gconvfifo.rf/grf.rf/gntv_or_sync_fifo.mem/gbm.gbmg.gbmga.ngecc.bmg/inst_blk_mem_gen/gnbram.gnativebmg.native_blk_mem_gen/valid.cstr/ramloop[0].ram.r/prim_noinit.ram/DEVICE_8SERIES.NO_BMM_INFO.SDP.WIDE_PRIM18.ram_ENARDEN_cooolgate_en_gate_10/O
                         net (fo=1, routed)           1.051     7.548    bd_i/design_1_i/jtag_axi_0/inst/jtag_axi_engine_u/rx_fifo_i/inst_fifo_gen/gconvfifo.rf/grf.rf/gntv_or_sync_fifo.mem/gbm.gbmg.gbmga.ngecc.bmg/inst_blk_mem_gen/gnbram.gnativebmg.native_blk_mem_gen/valid.cstr/ramloop[0].ram.r/prim_noinit.ram/DEVICE_8SERIES.NO_BMM_INFO.SDP.WIDE_PRIM18.ram_ENARDEN_cooolgate_en_sig_7
    RAMB18_X0Y68         RAMB18E2                                     r  bd_i/design_1_i/jtag_axi_0/inst/jtag_axi_engine_u/rx_fifo_i/inst_fifo_gen/gconvfifo.rf/grf.rf/gntv_or_sync_fifo.mem/gbm.gbmg.gbmga.ngecc.bmg/inst_blk_mem_gen/gnbram.gnativebmg.native_blk_mem_gen/valid.cstr/ramloop[0].ram.r/prim_noinit.ram/DEVICE_8SERIES.NO_BMM_INFO.SDP.WIDE_PRIM18.ram/ENARDEN
  -------------------------------------------------------------------    -------------------

                         (clock rgmii_rxc rise edge)
                                                      8.000     8.000 r  
    E5                                                0.000     8.000 r  rgmii_rxc (IN)
                         net (fo=0)                   0.000     8.000    rgmii_rxc_IBUF_inst/I
    E5                   INBUF (Prop_INBUF_HPIOB_M_PAD_O)
                                                      0.284     8.284 r  rgmii_rxc_IBUF_inst/INBUF_INST/O
                         net (fo=1, routed)           0.000     8.284    rgmii_rxc_IBUF_inst/OUT
    E5                   IBUFCTRL (Prop_IBUFCTRL_HPIOB_M_I_O)
                                                      0.000     8.284 r  rgmii_rxc_IBUF_inst/IBUFCTRL_INST/O
                         net (fo=2, routed)           0.296     8.580    rgmii_rxc_IBUF
    BUFGCE_X0Y80         BUFGCE (Prop_BUFCE_BUFGCE_I_O)
                                                      0.024     8.604 r  rgmii_rxc_IBUF_BUFGCE_collapsed_inst/O
    X1Y1 (CLOCK_ROOT)    net (fo=3793, routed)        1.895    10.499    bd_i/design_1_i/jtag_axi_0/inst/jtag_axi_engine_u/rx_fifo_i/inst_fifo_gen/gconvfifo.rf/grf.rf/gntv_or_sync_fifo.mem/gbm.gbmg.gbmga.ngecc.bmg/inst_blk_mem_gen/gnbram.gnativebmg.native_blk_mem_gen/valid.cstr/ramloop[0].ram.r/prim_noinit.ram/s_dclk_o
    RAMB18_X0Y68         RAMB18E2                                     r  bd_i/design_1_i/jtag_axi_0/inst/jtag_axi_engine_u/rx_fifo_i/inst_fifo_gen/gconvfifo.rf/grf.rf/gntv_or_sync_fifo.mem/gbm.gbmg.gbmga.ngecc.bmg/inst_blk_mem_gen/gnbram.gnativebmg.native_blk_mem_gen/valid.cstr/ramloop[0].ram.r/prim_noinit.ram/DEVICE_8SERIES.NO_BMM_INFO.SDP.WIDE_PRIM18.ram/CLKARDCLK
                         clock pessimism              0.398    10.897    
                         clock uncertainty           -0.035    10.861    
    RAMB18_X0Y68         RAMB18E2 (Setup_RAMB18E2_L_RAMB180_CLKARDCLK_ENARDEN)
                                                     -0.361    10.500    bd_i/design_1_i/jtag_axi_0/inst/jtag_axi_engine_u/rx_fifo_i/inst_fifo_gen/gconvfifo.rf/grf.rf/gntv_or_sync_fifo.mem/gbm.gbmg.gbmga.ngecc.bmg/inst_blk_mem_gen/gnbram.gnativebmg.native_blk_mem_gen/valid.cstr/ramloop[0].ram.r/prim_noinit.ram/DEVICE_8SERIES.NO_BMM_INFO.SDP.WIDE_PRIM18.ram
  -------------------------------------------------------------------
                         required time                         10.500    
                         arrival time                          -7.548    
  -------------------------------------------------------------------
                         slack                                  2.953    





Min Delay Paths
--------------------------------------------------------------------------------------
Slack (MET) :             0.010ns  (arrival time - required time)
  Source:                 dbg_hub/inst/BSCANID.u_xsdbm_id/CORE_XSDB.UUT_MASTER/U_XSDB_BUS_MSTR2SL_PORT_IFACE/MA_RD_DIN_O_reg[7]/C
                            (rising edge-triggered cell FDRE clocked by rgmii_rxc  {rise@0.000ns fall@4.000ns period=8.000ns})
  Destination:            dbg_hub/inst/BSCANID.u_xsdbm_id/CORE_XSDB.UUT_MASTER/U_ICON_INTERFACE/U_CMD6_RD/U_RD_FIFO/SUBCORE_FIFO.xsdbm_v3_0_0_rdfifo_inst/inst_fifo_gen/gconvfifo.rf/grf.rf/gntv_or_sync_fifo.mem/gdm.dm_gen.dm/RAM_reg_0_15_0_13/RAMD_D1/I
                            (rising edge-triggered cell RAMD32 clocked by rgmii_rxc  {rise@0.000ns fall@4.000ns period=8.000ns})
  Path Group:             rgmii_rxc
  Path Type:              Hold (Min at Slow Process Corner)
  Requirement:            0.000ns  (rgmii_rxc rise@0.000ns - rgmii_rxc rise@0.000ns)
  Data Path Delay:        0.215ns  (logic 0.070ns (32.558%)  route 0.145ns (67.442%))
  Logic Levels:           0  
  Clock Path Skew:        0.143ns (DCD - SCD - CPR)
    Destination Clock Delay (DCD):    3.244ns
    Source Clock Delay      (SCD):    2.638ns
    Clock Pessimism Removal (CPR):    0.463ns
  Clock Net Delay (Source):      2.034ns (routing 0.895ns, distribution 1.139ns)
  Clock Net Delay (Destination): 2.331ns (routing 0.984ns, distribution 1.347ns)

    Location             Delay type                Incr(ns)  Path(ns)    Netlist Resource(s)
  -------------------------------------------------------------------    -------------------
                         (clock rgmii_rxc rise edge)
                                                      0.000     0.000 r  
    E5                                                0.000     0.000 r  rgmii_rxc (IN)
                         net (fo=0)                   0.000     0.000    rgmii_rxc_IBUF_inst/I
    E5                   INBUF (Prop_INBUF_HPIOB_M_PAD_O)
                                                      0.284     0.284 r  rgmii_rxc_IBUF_inst/INBUF_INST/O
                         net (fo=1, routed)           0.000     0.284    rgmii_rxc_IBUF_inst/OUT
    E5                   IBUFCTRL (Prop_IBUFCTRL_HPIOB_M_I_O)
                                                      0.000     0.284 r  rgmii_rxc_IBUF_inst/IBUFCTRL_INST/O
                         net (fo=2, routed)           0.296     0.580    rgmii_rxc_IBUF
    BUFGCE_X0Y80         BUFGCE (Prop_BUFCE_BUFGCE_I_O)
                                                      0.024     0.604 r  rgmii_rxc_IBUF_BUFGCE_collapsed_inst/O
    X1Y1 (CLOCK_ROOT)    net (fo=3793, routed)        2.034     2.638    dbg_hub/inst/BSCANID.u_xsdbm_id/CORE_XSDB.UUT_MASTER/U_XSDB_BUS_MSTR2SL_PORT_IFACE/clk
    SLICE_X6Y17          FDRE                                         r  dbg_hub/inst/BSCANID.u_xsdbm_id/CORE_XSDB.UUT_MASTER/U_XSDB_BUS_MSTR2SL_PORT_IFACE/MA_RD_DIN_O_reg[7]/C
  -------------------------------------------------------------------    -------------------
    SLICE_X6Y17          FDRE (Prop_BFF_SLICEL_C_Q)
                                                      0.070     2.708 r  dbg_hub/inst/BSCANID.u_xsdbm_id/CORE_XSDB.UUT_MASTER/U_XSDB_BUS_MSTR2SL_PORT_IFACE/MA_RD_DIN_O_reg[7]/Q
                         net (fo=1, routed)           0.145     2.853    dbg_hub/inst/BSCANID.u_xsdbm_id/CORE_XSDB.UUT_MASTER/U_ICON_INTERFACE/U_CMD6_RD/U_RD_FIFO/SUBCORE_FIFO.xsdbm_v3_0_0_rdfifo_inst/inst_fifo_gen/gconvfifo.rf/grf.rf/gntv_or_sync_fifo.mem/gdm.dm_gen.dm/RAM_reg_0_15_0_13/DID1
    SLICE_X7Y15          RAMD32                                       r  dbg_hub/inst/BSCANID.u_xsdbm_id/CORE_XSDB.UUT_MASTER/U_ICON_INTERFACE/U_CMD6_RD/U_RD_FIFO/SUBCORE_FIFO.xsdbm_v3_0_0_rdfifo_inst/inst_fifo_gen/gconvfifo.rf/grf.rf/gntv_or_sync_fifo.mem/gdm.dm_gen.dm/RAM_reg_0_15_0_13/RAMD_D1/I
  -------------------------------------------------------------------    -------------------

                         (clock rgmii_rxc rise edge)
                                                      0.000     0.000 r  
    E5                                                0.000     0.000 r  rgmii_rxc (IN)
                         net (fo=0)                   0.000     0.000    rgmii_rxc_IBUF_inst/I
    E5                   INBUF (Prop_INBUF_HPIOB_M_PAD_O)
                                                      0.551     0.551 r  rgmii_rxc_IBUF_inst/INBUF_INST/O
                         net (fo=1, routed)           0.000     0.551    rgmii_rxc_IBUF_inst/OUT
    E5                   IBUFCTRL (Prop_IBUFCTRL_HPIOB_M_I_O)
                                                      0.000     0.551 r  rgmii_rxc_IBUF_inst/IBUFCTRL_INST/O
                         net (fo=2, routed)           0.334     0.885    rgmii_rxc_IBUF
    BUFGCE_X0Y80         BUFGCE (Prop_BUFCE_BUFGCE_I_O)
                                                      0.028     0.913 r  rgmii_rxc_IBUF_BUFGCE_collapsed_inst/O
    X1Y1 (CLOCK_ROOT)    net (fo=3793, routed)        2.331     3.244    dbg_hub/inst/BSCANID.u_xsdbm_id/CORE_XSDB.UUT_MASTER/U_ICON_INTERFACE/U_CMD6_RD/U_RD_FIFO/SUBCORE_FIFO.xsdbm_v3_0_0_rdfifo_inst/inst_fifo_gen/gconvfifo.rf/grf.rf/gntv_or_sync_fifo.mem/gdm.dm_gen.dm/RAM_reg_0_15_0_13/WCLK
    SLICE_X7Y15          RAMD32                                       r  dbg_hub/inst/BSCANID.u_xsdbm_id/CORE_XSDB.UUT_MASTER/U_ICON_INTERFACE/U_CMD6_RD/U_RD_FIFO/SUBCORE_FIFO.xsdbm_v3_0_0_rdfifo_inst/inst_fifo_gen/gconvfifo.rf/grf.rf/gntv_or_sync_fifo.mem/gdm.dm_gen.dm/RAM_reg_0_15_0_13/RAMD_D1/CLK
                         clock pessimism             -0.463     2.781    
    SLICE_X7Y15          RAMD32 (Hold_D6LUT_SLICEM_CLK_I)
                                                      0.062     2.843    dbg_hub/inst/BSCANID.u_xsdbm_id/CORE_XSDB.UUT_MASTER/U_ICON_INTERFACE/U_CMD6_RD/U_RD_FIFO/SUBCORE_FIFO.xsdbm_v3_0_0_rdfifo_inst/inst_fifo_gen/gconvfifo.rf/grf.rf/gntv_or_sync_fifo.mem/gdm.dm_gen.dm/RAM_reg_0_15_0_13/RAMD_D1
  -------------------------------------------------------------------
                         required time                         -2.843    
                         arrival time                           2.853    
  -------------------------------------------------------------------
                         slack                                  0.010    





Pulse Width Checks
--------------------------------------------------------------------------------------
Clock Name:         rgmii_rxc
Waveform(ns):       { 0.000 4.000 }
Period(ns):         8.000
Sources:            { rgmii_rxc }

Check Type        Corner  Lib Pin             Reference Pin  Required(ns)  Actual(ns)  Slack(ns)  Location     Pin
Min Period        n/a     RAMB18E2/CLKARDCLK  n/a            1.739         8.000       6.261      RAMB18_X0Y0  u_netsec/g_ila.u_ila_rgmii/inst/ila_core_inst/ila_trace_memory_inst/SUBCORE_RAM_BLK_MEM_1.trace_block_memory/inst_blk_mem_gen/gnbram.gnativebmg.native_blk_mem_gen/valid.cstr/ramloop[0].ram.r/prim_noinit.ram/DEVICE_8SERIES.NO_BMM_INFO.SDP.SIMPLE_PRIM18.ram/CLKARDCLK
Max Period        n/a     MMCME4_ADV/CLKIN1   n/a            100.000       8.000       92.000     MMCM_X0Y3    u_netsec/u_mac/u_mmcm_rxc/CLKIN1
Low Pulse Width   Slow    MMCME4_ADV/CLKIN1   n/a            2.400         4.000       1.600      MMCM_X0Y3    u_netsec/u_mac/u_mmcm_rxc/CLKIN1
High Pulse Width  Slow    MMCME4_ADV/CLKIN1   n/a            2.400         4.000       1.600      MMCM_X0Y3    u_netsec/u_mac/u_mmcm_rxc/CLKIN1



---------------------------------------------------------------------------------------------------
From Clock:  rxc60_u
  To Clock:  rxc60_u

Setup :            0  Failing Endpoints,  Worst Slack        3.466ns,  Total Violation        0.000ns
Hold  :            0  Failing Endpoints,  Worst Slack        0.027ns,  Total Violation        0.000ns
PW    :            0  Failing Endpoints,  Worst Slack        3.193ns,  Total Violation        0.000ns
---------------------------------------------------------------------------------------------------


Max Delay Paths
--------------------------------------------------------------------------------------
Slack (MET) :             3.466ns  (required time - arrival time)
  Source:                 u_netsec/u_mac/u_mac/rx_fifo/fifo_inst/s_rst_sync3_reg_reg/C
                            (rising edge-triggered cell FDRE clocked by rxc60_u  {rise@0.000ns fall@4.000ns period=8.000ns})
  Destination:            u_netsec/u_mac/u_mac/rx_fifo/fifo_inst/mem_reg_bram_0/ENARDEN
                            (rising edge-triggered cell RAMB36E2 clocked by rxc60_u  {rise@0.000ns fall@4.000ns period=8.000ns})
  Path Group:             rxc60_u
  Path Type:              Setup (Max at Slow Process Corner)
  Requirement:            8.000ns  (rxc60_u rise@8.000ns - rxc60_u rise@0.000ns)
  Data Path Delay:        3.961ns  (logic 0.370ns (9.341%)  route 3.591ns (90.659%))
  Logic Levels:           2  (LUT2=2)
  Phase Shift in Clock Latency:
    Source Clock:         1.500ns
    Destination Clock:    1.500ns
  Clock Path Skew:        -0.143ns (DCD - SCD + CPR)
    Destination Clock Delay (DCD):    5.659ns = ( 13.659 - 8.000 ) 
    Source Clock Delay      (SCD):    5.780ns
    Clock Pessimism Removal (CPR):    -0.022ns
  Clock Uncertainty:      0.069ns  ((TSJ^2 + DJ^2)^1/2) / 2 + PE
    Total System Jitter     (TSJ):    0.071ns
    Discrete Jitter          (DJ):    0.118ns
    Phase Error              (PE):    0.000ns
  Clock Net Delay (Source):      2.346ns (routing 1.063ns, distribution 1.283ns)
  Clock Net Delay (Destination): 2.107ns (routing 0.967ns, distribution 1.140ns)

    Location             Delay type                Incr(ns)  Path(ns)    Netlist Resource(s)
  -------------------------------------------------------------------    -------------------
                         (clock rxc60_u rise edge)    0.000     0.000 r  
    E5                                                0.000     0.000 r  rgmii_rxc (IN)
                         net (fo=0)                   0.000     0.000    rgmii_rxc_IBUF_inst/I
    E5                   INBUF (Prop_INBUF_HPIOB_M_PAD_O)
                                                      0.551     0.551 r  rgmii_rxc_IBUF_inst/INBUF_INST/O
                         net (fo=1, routed)           0.000     0.551    rgmii_rxc_IBUF_inst/OUT
    E5                   IBUFCTRL (Prop_IBUFCTRL_HPIOB_M_I_O)
                                                      0.000     0.551 r  rgmii_rxc_IBUF_inst/IBUFCTRL_INST/O
                         net (fo=2, routed)           0.334     0.885    rgmii_rxc_IBUF
    BUFGCE_X0Y80         BUFGCE (Prop_BUFCE_BUFGCE_I_O)
                                                      0.028     0.913 r  rgmii_rxc_IBUF_BUFGCE_collapsed_inst/O
                         net (fo=3793, routed)        1.934     2.847    u_netsec/u_mac/lopt
    MMCM_X0Y3            MMCME4_ADV (Prop_MMCM_CLKIN1_CLKOUT1)
                                                      0.297     3.144 r  u_netsec/u_mac/u_mmcm_rxc/CLKOUT1
                         net (fo=1, routed)           0.262     3.406    u_netsec/u_mac/u_mac/eth_mac_1g_rgmii_inst/rgmii_phy_if_inst/rx_ssio_ddr_inst/rxc60
    BUFGCE_X0Y73         BUFGCE (Prop_BUFCE_BUFGCE_I_O)
                                                      0.028     3.434 r  u_netsec/u_mac/u_mac/eth_mac_1g_rgmii_inst/rgmii_phy_if_inst/rx_ssio_ddr_inst/clk_bufg/O
    X0Y2 (CLOCK_ROOT)    net (fo=205, routed)         2.346     5.780    u_netsec/u_mac/u_mac/rx_fifo/fifo_inst/CLK
    SLICE_X23Y186        FDRE                                         r  u_netsec/u_mac/u_mac/rx_fifo/fifo_inst/s_rst_sync3_reg_reg/C
  -------------------------------------------------------------------    -------------------
    SLICE_X23Y186        FDRE (Prop_AFF_SLICEL_C_Q)
                                                      0.096     5.876 f  u_netsec/u_mac/u_mac/rx_fifo/fifo_inst/s_rst_sync3_reg_reg/Q
                         net (fo=8, routed)           1.551     7.427    u_netsec/u_mac/u_mac/eth_mac_1g_rgmii_inst/eth_mac_1g_inst/axis_gmii_rx_inst/s_rst_sync3_reg
    SLICE_X9Y116         LUT2 (Prop_C6LUT_SLICEL_I1_O)
                                                      0.174     7.601 r  u_netsec/u_mac/u_mac/eth_mac_1g_rgmii_inst/eth_mac_1g_inst/axis_gmii_rx_inst/mem_reg_bram_0_i_4__0/O
                         net (fo=6, routed)           0.301     7.902    u_netsec/u_mac/u_mac/rx_fifo/fifo_inst/WEA[0]
    SLICE_X10Y113        LUT2 (Prop_H6LUT_SLICEM_I1_O)
                                                      0.100     8.002 r  u_netsec/u_mac/u_mac/rx_fifo/fifo_inst/mem_reg_bram_0_ENARDEN_cooolgate_en_gate_4/O
                         net (fo=1, routed)           1.739     9.741    u_netsec/u_mac/u_mac/rx_fifo/fifo_inst/mem_reg_bram_0_ENARDEN_cooolgate_en_sig_4
    RAMB36_X0Y12         RAMB36E2                                     r  u_netsec/u_mac/u_mac/rx_fifo/fifo_inst/mem_reg_bram_0/ENARDEN
  -------------------------------------------------------------------    -------------------

                         (clock rxc60_u rise edge)    8.000     8.000 r  
    E5                                                0.000     8.000 r  rgmii_rxc (IN)
                         net (fo=0)                   0.000     8.000    rgmii_rxc_IBUF_inst/I
    E5                   INBUF (Prop_INBUF_HPIOB_M_PAD_O)
                                                      0.284     8.284 r  rgmii_rxc_IBUF_inst/INBUF_INST/O
                         net (fo=1, routed)           0.000     8.284    rgmii_rxc_IBUF_inst/OUT
    E5                   IBUFCTRL (Prop_IBUFCTRL_HPIOB_M_I_O)
                                                      0.000     8.284 r  rgmii_rxc_IBUF_inst/IBUFCTRL_INST/O
                         net (fo=2, routed)           0.296     8.580    rgmii_rxc_IBUF
    BUFGCE_X0Y80         BUFGCE (Prop_BUFCE_BUFGCE_I_O)
                                                      0.024     8.604 r  rgmii_rxc_IBUF_BUFGCE_collapsed_inst/O
                         net (fo=3793, routed)        1.731    10.335    u_netsec/u_mac/lopt
    MMCM_X0Y3            MMCME4_ADV (Prop_MMCM_CLKIN1_CLKOUT1)
                                                      0.960    11.295 r  u_netsec/u_mac/u_mmcm_rxc/CLKOUT1
                         net (fo=1, routed)           0.233    11.528    u_netsec/u_mac/u_mac/eth_mac_1g_rgmii_inst/rgmii_phy_if_inst/rx_ssio_ddr_inst/rxc60
    BUFGCE_X0Y73         BUFGCE (Prop_BUFCE_BUFGCE_I_O)
                                                      0.024    11.552 r  u_netsec/u_mac/u_mac/eth_mac_1g_rgmii_inst/rgmii_phy_if_inst/rx_ssio_ddr_inst/clk_bufg/O
    X0Y2 (CLOCK_ROOT)    net (fo=205, routed)         2.107    13.659    u_netsec/u_mac/u_mac/rx_fifo/fifo_inst/CLK
    RAMB36_X0Y12         RAMB36E2                                     r  u_netsec/u_mac/u_mac/rx_fifo/fifo_inst/mem_reg_bram_0/CLKARDCLK
                         clock pessimism             -0.022    13.637    
                         clock uncertainty           -0.069    13.568    
    RAMB36_X0Y12         RAMB36E2 (Setup_RAMB36E2_RAMB36_CLKARDCLK_ENARDEN)
                                                     -0.361    13.207    u_netsec/u_mac/u_mac/rx_fifo/fifo_inst/mem_reg_bram_0
  -------------------------------------------------------------------
                         required time                         13.207    
                         arrival time                          -9.741    
  -------------------------------------------------------------------
                         slack                                  3.466    





Min Delay Paths
--------------------------------------------------------------------------------------
Slack (MET) :             0.027ns  (arrival time - required time)
  Source:                 u_netsec/u_mac/u_mac/rx_fifo/fifo_inst/wr_ptr_commit_reg_reg[7]/C
                            (rising edge-triggered cell FDRE clocked by rxc60_u  {rise@0.000ns fall@4.000ns period=8.000ns})
  Destination:            u_netsec/u_mac/u_mac/rx_fifo/fifo_inst/wr_ptr_gray_reg_reg[7]/D
                            (rising edge-triggered cell FDRE clocked by rxc60_u  {rise@0.000ns fall@4.000ns period=8.000ns})
  Path Group:             rxc60_u
  Path Type:              Hold (Min at Fast Process Corner)
  Requirement:            0.000ns  (rxc60_u rise@0.000ns - rxc60_u rise@0.000ns)
  Data Path Delay:        0.130ns  (logic 0.053ns (40.769%)  route 0.077ns (59.231%))
  Logic Levels:           1  (LUT6=1)
  Phase Shift in Clock Latency:
    Source Clock:         1.500ns
    Destination Clock:    1.500ns
  Clock Path Skew:        0.057ns (DCD - SCD - CPR)
    Destination Clock Delay (DCD):    3.815ns
    Source Clock Delay      (SCD):    3.739ns
    Clock Pessimism Removal (CPR):    0.019ns
  Clock Net Delay (Source):      1.102ns (routing 0.542ns, distribution 0.560ns)
  Clock Net Delay (Destination): 1.255ns (routing 0.606ns, distribution 0.649ns)

    Location             Delay type                Incr(ns)  Path(ns)    Netlist Resource(s)
  -------------------------------------------------------------------    -------------------
                         (clock rxc60_u rise edge)    0.000     0.000 r  
    E5                                                0.000     0.000 r  rgmii_rxc (IN)
                         net (fo=0)                   0.000     0.000    rgmii_rxc_IBUF_inst/I
    E5                   INBUF (Prop_INBUF_HPIOB_M_PAD_O)
                                                      0.159     0.159 r  rgmii_rxc_IBUF_inst/INBUF_INST/O
                         net (fo=1, routed)           0.000     0.159    rgmii_rxc_IBUF_inst/OUT
    E5                   IBUFCTRL (Prop_IBUFCTRL_HPIOB_M_I_O)
                                                      0.000     0.159 r  rgmii_rxc_IBUF_inst/IBUFCTRL_INST/O
                         net (fo=2, routed)           0.144     0.303    rgmii_rxc_IBUF
    BUFGCE_X0Y80         BUFGCE (Prop_BUFCE_BUFGCE_I_O)
                                                      0.017     0.320 r  rgmii_rxc_IBUF_BUFGCE_collapsed_inst/O
                         net (fo=3793, routed)        0.990     1.310    u_netsec/u_mac/lopt
    MMCM_X0Y3            MMCME4_ADV (Prop_MMCM_CLKIN1_CLKOUT1)
                                                      1.161     2.471 r  u_netsec/u_mac/u_mmcm_rxc/CLKOUT1
                         net (fo=1, routed)           0.149     2.620    u_netsec/u_mac/u_mac/eth_mac_1g_rgmii_inst/rgmii_phy_if_inst/rx_ssio_ddr_inst/rxc60
    BUFGCE_X0Y73         BUFGCE (Prop_BUFCE_BUFGCE_I_O)
                                                      0.017     2.637 r  u_netsec/u_mac/u_mac/eth_mac_1g_rgmii_inst/rgmii_phy_if_inst/rx_ssio_ddr_inst/clk_bufg/O
    X0Y2 (CLOCK_ROOT)    net (fo=205, routed)         1.102     3.739    u_netsec/u_mac/u_mac/rx_fifo/fifo_inst/CLK
    SLICE_X6Y114         FDRE                                         r  u_netsec/u_mac/u_mac/rx_fifo/fifo_inst/wr_ptr_commit_reg_reg[7]/C
  -------------------------------------------------------------------    -------------------
    SLICE_X6Y114         FDRE (Prop_BFF_SLICEL_C_Q)
                                                      0.039     3.778 r  u_netsec/u_mac/u_mac/rx_fifo/fifo_inst/wr_ptr_commit_reg_reg[7]/Q
                         net (fo=6, routed)           0.056     3.834    u_netsec/u_mac/u_mac/rx_fifo/fifo_inst/bin2gray_return0[6]
    SLICE_X7Y114         LUT6 (Prop_B6LUT_SLICEM_I5_O)
                                                      0.014     3.848 r  u_netsec/u_mac/u_mac/rx_fifo/fifo_inst/wr_ptr_gray_reg[7]_i_1/O
                         net (fo=1, routed)           0.021     3.869    u_netsec/u_mac/u_mac/rx_fifo/fifo_inst/wr_ptr_gray_reg[7]_i_1_n_0
    SLICE_X7Y114         FDRE                                         r  u_netsec/u_mac/u_mac/rx_fifo/fifo_inst/wr_ptr_gray_reg_reg[7]/D
  -------------------------------------------------------------------    -------------------

                         (clock rxc60_u rise edge)    0.000     0.000 r  
    E5                                                0.000     0.000 r  rgmii_rxc (IN)
                         net (fo=0)                   0.000     0.000    rgmii_rxc_IBUF_inst/I
    E5                   INBUF (Prop_INBUF_HPIOB_M_PAD_O)
                                                      0.344     0.344 r  rgmii_rxc_IBUF_inst/INBUF_INST/O
                         net (fo=1, routed)           0.000     0.344    rgmii_rxc_IBUF_inst/OUT
    E5                   IBUFCTRL (Prop_IBUFCTRL_HPIOB_M_I_O)
                                                      0.000     0.344 r  rgmii_rxc_IBUF_inst/IBUFCTRL_INST/O
                         net (fo=2, routed)           0.181     0.525    rgmii_rxc_IBUF
    BUFGCE_X0Y80         BUFGCE (Prop_BUFCE_BUFGCE_I_O)
                                                      0.019     0.544 r  rgmii_rxc_IBUF_BUFGCE_collapsed_inst/O
                         net (fo=3793, routed)        1.114     1.658    u_netsec/u_mac/lopt
    MMCM_X0Y3            MMCME4_ADV (Prop_MMCM_CLKIN1_CLKOUT1)
                                                      0.713     2.371 r  u_netsec/u_mac/u_mmcm_rxc/CLKOUT1
                         net (fo=1, routed)           0.170     2.541    u_netsec/u_mac/u_mac/eth_mac_1g_rgmii_inst/rgmii_phy_if_inst/rx_ssio_ddr_inst/rxc60
    BUFGCE_X0Y73         BUFGCE (Prop_BUFCE_BUFGCE_I_O)
                                                      0.019     2.560 r  u_netsec/u_mac/u_mac/eth_mac_1g_rgmii_inst/rgmii_phy_if_inst/rx_ssio_ddr_inst/clk_bufg/O
    X0Y2 (CLOCK_ROOT)    net (fo=205, routed)         1.255     3.815    u_netsec/u_mac/u_mac/rx_fifo/fifo_inst/CLK
    SLICE_X7Y114         FDRE                                         r  u_netsec/u_mac/u_mac/rx_fifo/fifo_inst/wr_ptr_gray_reg_reg[7]/C
                         clock pessimism             -0.019     3.796    
    SLICE_X7Y114         FDRE (Hold_BFF_SLICEM_C_D)
                                                      0.046     3.842    u_netsec/u_mac/u_mac/rx_fifo/fifo_inst/wr_ptr_gray_reg_reg[7]
  -------------------------------------------------------------------
                         required time                         -3.842    
                         arrival time                           3.869    
  -------------------------------------------------------------------
                         slack                                  0.027    





Pulse Width Checks
--------------------------------------------------------------------------------------
Clock Name:         rxc60_u
Waveform(ns):       { 0.000 4.000 }
Period(ns):         8.000
Sources:            { u_netsec/u_mac/u_mmcm_rxc/CLKOUT1 }

Check Type        Corner  Lib Pin    Reference Pin  Required(ns)  Actual(ns)  Slack(ns)  Location               Pin
Min Period        n/a     IDDRE1/C   n/a            1.600         8.000       6.400      BITSLICE_RX_TX_X0Y202  u_netsec/u_mac/u_mac/eth_mac_1g_rgmii_inst/rgmii_phy_if_inst/rx_ssio_ddr_inst/data_iddr_inst/iddr[0].iddr_inst/C
Low Pulse Width   Slow    IDDRE1/C   n/a            0.720         4.000       3.280      BITSLICE_RX_TX_X0Y202  u_netsec/u_mac/u_mac/eth_mac_1g_rgmii_inst/rgmii_phy_if_inst/rx_ssio_ddr_inst/data_iddr_inst/iddr[0].iddr_inst/C
High Pulse Width  Slow    IDDRE1/CB  n/a            0.720         4.000       3.280      BITSLICE_RX_TX_X0Y202  u_netsec/u_mac/u_mac/eth_mac_1g_rgmii_inst/rgmii_phy_if_inst/rx_ssio_ddr_inst/data_iddr_inst/iddr[0].iddr_inst/CB
Max Skew          Fast    IDDRE1/CB  IDDRE1/C       3.500         0.307       3.193      BITSLICE_RX_TX_X0Y190  u_netsec/u_mac/u_mac/eth_mac_1g_rgmii_inst/rgmii_phy_if_inst/rx_ssio_ddr_inst/data_iddr_inst/iddr[3].iddr_inst/CB



---------------------------------------------------------------------------------------------------
From Clock:  rxc_fb
  To Clock:  rxc_fb

Setup :           NA  Failing Endpoints,  Worst Slack           NA  ,  Total Violation           NA
Hold  :           NA  Failing Endpoints,  Worst Slack           NA  ,  Total Violation           NA
PW    :            0  Failing Endpoints,  Worst Slack        6.501ns,  Total Violation        0.000ns
---------------------------------------------------------------------------------------------------


Pulse Width Checks
--------------------------------------------------------------------------------------
Clock Name:         rxc_fb
Waveform(ns):       { 0.000 4.000 }
Period(ns):         8.000
Sources:            { u_netsec/u_mac/u_mmcm_rxc/CLKFBOUT }

Check Type  Corner  Lib Pin             Reference Pin  Required(ns)  Actual(ns)  Slack(ns)  Location      Pin
Min Period  n/a     BUFGCE/I            n/a            1.499         8.000       6.501      BUFGCE_X0Y74  u_netsec/u_mac/u_bufg_rxc_fb/I
Max Period  n/a     MMCME4_ADV/CLKFBIN  n/a            100.000       8.000       92.000     MMCM_X0Y3     u_netsec/u_mac/u_mmcm_rxc/CLKFBIN



---------------------------------------------------------------------------------------------------
From Clock:  sys_clk_clk_p
  To Clock:  sys_clk_clk_p

Setup :            0  Failing Endpoints,  Worst Slack        2.936ns,  Total Violation        0.000ns
Hold  :            0  Failing Endpoints,  Worst Slack        0.044ns,  Total Violation        0.000ns
PW    :            1  Failing Endpoint ,  Worst Slack       -1.667ns,  Total Violation       -1.667ns
---------------------------------------------------------------------------------------------------


Max Delay Paths
--------------------------------------------------------------------------------------
Slack (MET) :             2.936ns  (required time - arrival time)
  Source:                 u_netsec/u_mac/idly_rst_cnt_reg[4]/C
                            (rising edge-triggered cell FDCE clocked by sys_clk_clk_p  {rise@0.000ns fall@2.500ns period=5.000ns})
  Destination:            u_netsec/u_mac/idly_rst_cnt_reg[0]/CE
                            (rising edge-triggered cell FDCE clocked by sys_clk_clk_p  {rise@0.000ns fall@2.500ns period=5.000ns})
  Path Group:             sys_clk_clk_p
  Path Type:              Setup (Max at Slow Process Corner)
  Requirement:            5.000ns  (sys_clk_clk_p rise@5.000ns - sys_clk_clk_p rise@0.000ns)
  Data Path Delay:        1.955ns  (logic 0.446ns (22.813%)  route 1.509ns (77.187%))
  Logic Levels:           2  (LUT3=1 LUT6=1)
  Clock Path Skew:        -0.031ns (DCD - SCD + CPR)
    Destination Clock Delay (DCD):    2.028ns = ( 7.028 - 5.000 ) 
    Source Clock Delay      (SCD):    2.339ns
    Clock Pessimism Removal (CPR):    0.279ns
  Clock Uncertainty:      0.035ns  ((TSJ^2 + TIJ^2)^1/2 + DJ) / 2 + PE
    Total System Jitter     (TSJ):    0.071ns
    Total Input Jitter      (TIJ):    0.000ns
    Discrete Jitter          (DJ):    0.000ns
    Phase Error              (PE):    0.000ns
  Clock Net Delay (Source):      1.404ns (routing 0.185ns, distribution 1.219ns)
  Clock Net Delay (Destination): 1.227ns (routing 0.170ns, distribution 1.057ns)

    Location             Delay type                Incr(ns)  Path(ns)    Netlist Resource(s)
  -------------------------------------------------------------------    -------------------
                         (clock sys_clk_clk_p rise edge)
                                                      0.000     0.000 r  
    AE5                                               0.000     0.000 r  sys_clk_clk_p (IN)
                         net (fo=0)                   0.000     0.000    u_netsec/u_ibuf_sys/I
    HPIOBDIFFINBUF_X0Y35 DIFFINBUF (Prop_DIFFINBUF_HPIOBDIFFINBUF_DIFF_IN_P_O)
                                                      0.523     0.523 r  u_netsec/u_ibuf_sys/DIFFINBUF_INST/O
                         net (fo=1, routed)           0.050     0.573    u_netsec/u_ibuf_sys/OUT
    AE5                  IBUFCTRL (Prop_IBUFCTRL_HPIOB_M_I_O)
                                                      0.000     0.573 r  u_netsec/u_ibuf_sys/IBUFCTRL_INST/O
                         net (fo=2, routed)           0.334     0.907    u_netsec/u_mac/sys_clk_200m
    BUFGCE_X0Y26         BUFGCE (Prop_BUFCE_BUFGCE_I_O)
                                                      0.028     0.935 r  u_netsec/u_mac/u_bufg_sys/O
    X1Y1 (CLOCK_ROOT)    net (fo=10, routed)          1.404     2.339    u_netsec/u_mac/sys_clk_buf
    SLICE_X22Y5          FDCE                                         r  u_netsec/u_mac/idly_rst_cnt_reg[4]/C
  -------------------------------------------------------------------    -------------------
    SLICE_X22Y5          FDCE (Prop_DFF2_SLICEL_C_Q)
                                                      0.098     2.437 f  u_netsec/u_mac/idly_rst_cnt_reg[4]/Q
                         net (fo=3, routed)           1.066     3.503    u_netsec/u_mac/idly_rst_cnt_reg[4]
    SLICE_X22Y5          LUT6 (Prop_H6LUT_SLICEL_I0_O)
                                                      0.149     3.652 r  u_netsec/u_mac/idly_rst_cnt[7]_i_3/O
                         net (fo=3, routed)           0.124     3.776    u_netsec/u_mac/idly_rst_cnt[7]_i_3_n_0
    SLICE_X22Y5          LUT3 (Prop_A5LUT_SLICEL_I1_O)
                                                      0.199     3.975 r  u_netsec/u_mac/idly_rst_cnt[7]_i_1/O
                         net (fo=8, routed)           0.319     4.294    u_netsec/u_mac/idly_rst_cnt[7]_i_1_n_0
    SLICE_X22Y4          FDCE                                         r  u_netsec/u_mac/idly_rst_cnt_reg[0]/CE
  -------------------------------------------------------------------    -------------------

                         (clock sys_clk_clk_p rise edge)
                                                      5.000     5.000 r  
    AE5                                               0.000     5.000 r  sys_clk_clk_p (IN)
                         net (fo=0)                   0.000     5.000    u_netsec/u_ibuf_sys/I
    HPIOBDIFFINBUF_X0Y35 DIFFINBUF (Prop_DIFFINBUF_HPIOBDIFFINBUF_DIFF_IN_P_O)
                                                      0.441     5.441 r  u_netsec/u_ibuf_sys/DIFFINBUF_INST/O
                         net (fo=1, routed)           0.040     5.481    u_netsec/u_ibuf_sys/OUT
    AE5                  IBUFCTRL (Prop_IBUFCTRL_HPIOB_M_I_O)
                                                      0.000     5.481 r  u_netsec/u_ibuf_sys/IBUFCTRL_INST/O
                         net (fo=2, routed)           0.296     5.777    u_netsec/u_mac/sys_clk_200m
    BUFGCE_X0Y26         BUFGCE (Prop_BUFCE_BUFGCE_I_O)
                                                      0.024     5.801 r  u_netsec/u_mac/u_bufg_sys/O
    X1Y1 (CLOCK_ROOT)    net (fo=10, routed)          1.227     7.028    u_netsec/u_mac/sys_clk_buf
    SLICE_X22Y4          FDCE                                         r  u_netsec/u_mac/idly_rst_cnt_reg[0]/C
                         clock pessimism              0.279     7.307    
                         clock uncertainty           -0.035     7.272    
    SLICE_X22Y4          FDCE (Setup_CFF2_SLICEL_C_CE)
                                                     -0.042     7.230    u_netsec/u_mac/idly_rst_cnt_reg[0]
  -------------------------------------------------------------------
                         required time                          7.230    
                         arrival time                          -4.294    
  -------------------------------------------------------------------
                         slack                                  2.936    





Min Delay Paths
--------------------------------------------------------------------------------------
Slack (MET) :             0.044ns  (arrival time - required time)
  Source:                 u_netsec/u_mac/idly_rst_cnt_reg[5]/C
                            (rising edge-triggered cell FDCE clocked by sys_clk_clk_p  {rise@0.000ns fall@2.500ns period=5.000ns})
  Destination:            u_netsec/u_mac/idly_rst_cnt_reg[5]/D
                            (rising edge-triggered cell FDCE clocked by sys_clk_clk_p  {rise@0.000ns fall@2.500ns period=5.000ns})
  Path Group:             sys_clk_clk_p
  Path Type:              Hold (Min at Fast Process Corner)
  Requirement:            0.000ns  (sys_clk_clk_p rise@0.000ns - sys_clk_clk_p rise@0.000ns)
  Data Path Delay:        0.096ns  (logic 0.054ns (56.250%)  route 0.042ns (43.750%))
  Logic Levels:           1  (LUT6=1)
  Clock Path Skew:        0.006ns (DCD - SCD - CPR)
    Destination Clock Delay (DCD):    1.431ns
    Source Clock Delay      (SCD):    1.181ns
    Clock Pessimism Removal (CPR):    0.243ns
  Clock Net Delay (Source):      0.707ns (routing 0.096ns, distribution 0.611ns)
  Clock Net Delay (Destination): 0.809ns (routing 0.108ns, distribution 0.701ns)

    Location             Delay type                Incr(ns)  Path(ns)    Netlist Resource(s)
  -------------------------------------------------------------------    -------------------
                         (clock sys_clk_clk_p rise edge)
                                                      0.000     0.000 r  
    AE5                                               0.000     0.000 r  sys_clk_clk_p (IN)
                         net (fo=0)                   0.000     0.000    u_netsec/u_ibuf_sys/I
    HPIOBDIFFINBUF_X0Y35 DIFFINBUF (Prop_DIFFINBUF_HPIOBDIFFINBUF_DIFF_IN_P_O)
                                                      0.273     0.273 r  u_netsec/u_ibuf_sys/DIFFINBUF_INST/O
                         net (fo=1, routed)           0.040     0.313    u_netsec/u_ibuf_sys/OUT
    AE5                  IBUFCTRL (Prop_IBUFCTRL_HPIOB_M_I_O)
                                                      0.000     0.313 r  u_netsec/u_ibuf_sys/IBUFCTRL_INST/O
                         net (fo=2, routed)           0.144     0.457    u_netsec/u_mac/sys_clk_200m
    BUFGCE_X0Y26         BUFGCE (Prop_BUFCE_BUFGCE_I_O)
                                                      0.017     0.474 r  u_netsec/u_mac/u_bufg_sys/O
    X1Y1 (CLOCK_ROOT)    net (fo=10, routed)          0.707     1.181    u_netsec/u_mac/sys_clk_buf
    SLICE_X22Y5          FDCE                                         r  u_netsec/u_mac/idly_rst_cnt_reg[5]/C
  -------------------------------------------------------------------    -------------------
    SLICE_X22Y5          FDCE (Prop_BFF_SLICEL_C_Q)
                                                      0.039     1.220 r  u_netsec/u_mac/idly_rst_cnt_reg[5]/Q
                         net (fo=3, routed)           0.027     1.247    u_netsec/u_mac/idly_rst_cnt_reg[5]
    SLICE_X22Y5          LUT6 (Prop_B6LUT_SLICEL_I5_O)
                                                      0.015     1.262 r  u_netsec/u_mac/idly_rst_cnt[5]_i_1/O
                         net (fo=1, routed)           0.015     1.277    u_netsec/u_mac/p_0_in__0[5]
    SLICE_X22Y5          FDCE                                         r  u_netsec/u_mac/idly_rst_cnt_reg[5]/D
  -------------------------------------------------------------------    -------------------

                         (clock sys_clk_clk_p rise edge)
                                                      0.000     0.000 r  
    AE5                                               0.000     0.000 r  sys_clk_clk_p (IN)
                         net (fo=0)                   0.000     0.000    u_netsec/u_ibuf_sys/I
    HPIOBDIFFINBUF_X0Y35 DIFFINBUF (Prop_DIFFINBUF_HPIOBDIFFINBUF_DIFF_IN_P_O)
                                                      0.372     0.372 r  u_netsec/u_ibuf_sys/DIFFINBUF_INST/O
                         net (fo=1, routed)           0.050     0.422    u_netsec/u_ibuf_sys/OUT
    AE5                  IBUFCTRL (Prop_IBUFCTRL_HPIOB_M_I_O)
                                                      0.000     0.422 r  u_netsec/u_ibuf_sys/IBUFCTRL_INST/O
                         net (fo=2, routed)           0.181     0.603    u_netsec/u_mac/sys_clk_200m
    BUFGCE_X0Y26         BUFGCE (Prop_BUFCE_BUFGCE_I_O)
                                                      0.019     0.622 r  u_netsec/u_mac/u_bufg_sys/O
    X1Y1 (CLOCK_ROOT)    net (fo=10, routed)          0.809     1.431    u_netsec/u_mac/sys_clk_buf
    SLICE_X22Y5          FDCE                                         r  u_netsec/u_mac/idly_rst_cnt_reg[5]/C
                         clock pessimism             -0.243     1.187    
    SLICE_X22Y5          FDCE (Hold_BFF_SLICEL_C_D)
                                                      0.046     1.233    u_netsec/u_mac/idly_rst_cnt_reg[5]
  -------------------------------------------------------------------
                         required time                         -1.233    
                         arrival time                           1.277    
  -------------------------------------------------------------------
                         slack                                  0.044    





Pulse Width Checks
--------------------------------------------------------------------------------------
Clock Name:         sys_clk_clk_p
Waveform(ns):       { 0.000 2.500 }
Period(ns):         5.000
Sources:            { sys_clk_clk_p }

Check Type        Corner  Lib Pin            Reference Pin  Required(ns)  Actual(ns)  Slack(ns)  Location               Pin
Min Period        n/a     BUFGCE/I           n/a            1.499         5.000       3.501      BUFGCE_X0Y26           u_netsec/u_mac/u_bufg_sys/I
Max Period        n/a     IDELAYCTRL/REFCLK  n/a            3.333         5.000       -1.667     BITSLICE_CONTROL_X0Y0  u_netsec/u_mac/u_idelayctrl/REFCLK
Low Pulse Width   Fast    MMCME4_ADV/CLKIN1  n/a            1.750         2.500       0.750      MMCM_X0Y1              u_netsec/u_mac/u_mmcm/CLKIN1
High Pulse Width  Slow    MMCME4_ADV/CLKIN1  n/a            1.750         2.500       0.750      MMCM_X0Y1              u_netsec/u_mac/u_mmcm/CLKIN1



---------------------------------------------------------------------------------------------------
From Clock:  axi_clk
  To Clock:  axi_clk

Setup :            0  Failing Endpoints,  Worst Slack        3.442ns,  Total Violation        0.000ns
Hold  :            0  Failing Endpoints,  Worst Slack        0.010ns,  Total Violation        0.000ns
PW    :            0  Failing Endpoints,  Worst Slack        3.500ns,  Total Violation        0.000ns
---------------------------------------------------------------------------------------------------


Max Delay Paths
--------------------------------------------------------------------------------------
Slack (MET) :             3.442ns  (required time - arrival time)
  Source:                 u_netsec/u_modexp/mul_to_acc_reg/C
                            (rising edge-triggered cell FDCE clocked by axi_clk  {rise@0.000ns fall@5.000ns period=10.000ns})
  Destination:            u_netsec/u_modexp/prod_reg[60]/D
                            (rising edge-triggered cell FDCE clocked by axi_clk  {rise@0.000ns fall@5.000ns period=10.000ns})
  Path Group:             axi_clk
  Path Type:              Setup (Max at Slow Process Corner)
  Requirement:            10.000ns  (axi_clk rise@10.000ns - axi_clk rise@0.000ns)
  Data Path Delay:        6.480ns  (logic 3.744ns (57.778%)  route 2.736ns (42.222%))
  Logic Levels:           17  (CARRY8=6 DSP_A_B_DATA=1 DSP_ALU=2 DSP_M_DATA=1 DSP_MULTIPLIER=1 DSP_OUTPUT=2 DSP_PREADD_DATA=1 LUT2=2 LUT3=1)
  Clock Path Skew:        -0.070ns (DCD - SCD + CPR)
    Destination Clock Delay (DCD):    2.244ns = ( 12.244 - 10.000 ) 
    Source Clock Delay      (SCD):    2.551ns
    Clock Pessimism Removal (CPR):    0.236ns
  Clock Uncertainty:      0.035ns  ((TSJ^2 + TIJ^2)^1/2 + DJ) / 2 + PE
    Total System Jitter     (TSJ):    0.071ns
    Total Input Jitter      (TIJ):    0.000ns
    Discrete Jitter          (DJ):    0.000ns
    Phase Error              (PE):    0.000ns
  Clock Net Delay (Source):      1.492ns (routing 0.211ns, distribution 1.281ns)
  Clock Net Delay (Destination): 1.335ns (routing 0.193ns, distribution 1.142ns)

    Location             Delay type                Incr(ns)  Path(ns)    Netlist Resource(s)
  -------------------------------------------------------------------    -------------------
                         (clock axi_clk rise edge)    0.000     0.000 r  
    AE5                                               0.000     0.000 r  sys_clk_clk_p (IN)
                         net (fo=0)                   0.000     0.000    u_netsec/u_ibuf_sys/I
    HPIOBDIFFINBUF_X0Y35 DIFFINBUF (Prop_DIFFINBUF_HPIOBDIFFINBUF_DIFF_IN_P_O)
                                                      0.523     0.523 r  u_netsec/u_ibuf_sys/DIFFINBUF_INST/O
                         net (fo=1, routed)           0.050     0.573    u_netsec/u_ibuf_sys/OUT
    AE5                  IBUFCTRL (Prop_IBUFCTRL_HPIOB_M_I_O)
                                                      0.000     0.573 r  u_netsec/u_ibuf_sys/IBUFCTRL_INST/O
                         net (fo=2, routed)           0.335     0.908    u_netsec/sys_clk_200m
    BUFGCE_DIV_X0Y4      BUFGCE_DIV (Prop_BUFGCE_DIV_I_O)
                                                      0.151     1.059 r  u_netsec/u_axi_div/O
    X1Y1 (CLOCK_ROOT)    net (fo=3478, routed)        1.492     2.551    u_netsec/u_modexp/result_reg[31]_1
    SLICE_X11Y214        FDCE                                         r  u_netsec/u_modexp/mul_to_acc_reg/C
  -------------------------------------------------------------------    -------------------
    SLICE_X11Y214        FDCE (Prop_DFF2_SLICEL_C_Q)
                                                      0.098     2.649 r  u_netsec/u_modexp/mul_to_acc_reg/Q
                         net (fo=37, routed)          0.644     3.293    u_netsec/u_modexp/st10_out
    SLICE_X9Y212         LUT3 (Prop_A6LUT_SLICEL_I1_O)
                                                      0.149     3.442 f  u_netsec/u_modexp/prod0__1_i_4/O
                         net (fo=1, routed)           0.578     4.020    u_netsec/u_modexp/prod0__1/A[13]
    DSP48E2_X3Y88        DSP_A_B_DATA (Prop_DSP_A_B_DATA_DSP48E2_A[13]_A2_DATA[13])
                                                      0.241     4.261 r  u_netsec/u_modexp/prod0__1/DSP_A_B_DATA_INST/A2_DATA[13]
                         net (fo=1, routed)           0.000     4.261    u_netsec/u_modexp/prod0__1/DSP_A_B_DATA.A2_DATA<13>
    DSP48E2_X3Y88        DSP_PREADD_DATA (Prop_DSP_PREADD_DATA_DSP48E2_A2_DATA[13]_A2A1[13])
                                                      0.098     4.359 r  u_netsec/u_modexp/prod0__1/DSP_PREADD_DATA_INST/A2A1[13]
                         net (fo=1, routed)           0.000     4.359    u_netsec/u_modexp/prod0__1/DSP_PREADD_DATA.A2A1<13>
    DSP48E2_X3Y88        DSP_MULTIPLIER (Prop_DSP_MULTIPLIER_DSP48E2_A2A1[13]_U[34])
                                                      0.647     5.006 f  u_netsec/u_modexp/prod0__1/DSP_MULTIPLIER_INST/U[34]
                         net (fo=1, routed)           0.000     5.006    u_netsec/u_modexp/prod0__1/DSP_MULTIPLIER.U<34>
    DSP48E2_X3Y88        DSP_M_DATA (Prop_DSP_M_DATA_DSP48E2_U[34]_U_DATA[34])
                                                      0.059     5.065 r  u_netsec/u_modexp/prod0__1/DSP_M_DATA_INST/U_DATA[34]
                         net (fo=1, routed)           0.000     5.065    u_netsec/u_modexp/prod0__1/DSP_M_DATA.U_DATA<34>
    DSP48E2_X3Y88        DSP_ALU (Prop_DSP_ALU_DSP48E2_U_DATA[34]_ALU_OUT[47])
                                                      0.699     5.764 f  u_netsec/u_modexp/prod0__1/DSP_ALU_INST/ALU_OUT[47]
                         net (fo=1, routed)           0.000     5.764    u_netsec/u_modexp/prod0__1/DSP_ALU.ALU_OUT<47>
    DSP48E2_X3Y88        DSP_OUTPUT (Prop_DSP_OUTPUT_DSP48E2_ALU_OUT[47]_PCOUT[47])
                                                      0.159     5.923 r  u_netsec/u_modexp/prod0__1/DSP_OUTPUT_INST/PCOUT[47]
                         net (fo=1, routed)           0.016     5.939    u_netsec/u_modexp/prod0__2/PCIN[47]
    DSP48E2_X3Y89        DSP_ALU (Prop_DSP_ALU_DSP48E2_PCIN[47]_ALU_OUT[3])
                                                      0.698     6.637 f  u_netsec/u_modexp/prod0__2/DSP_ALU_INST/ALU_OUT[3]
                         net (fo=1, routed)           0.000     6.637    u_netsec/u_modexp/prod0__2/DSP_ALU.ALU_OUT<3>
    DSP48E2_X3Y89        DSP_OUTPUT (Prop_DSP_OUTPUT_DSP48E2_ALU_OUT[3]_P[3])
                                                      0.141     6.778 r  u_netsec/u_modexp/prod0__2/DSP_OUTPUT_INST/P[3]
                         net (fo=2, routed)           0.793     7.571    u_netsec/u_modexp/prod0__2_n_102
    SLICE_X12Y216        LUT2 (Prop_E6LUT_SLICEM_I0_O)
                                                      0.177     7.748 r  u_netsec/u_modexp/prod[23]_i_6/O
                         net (fo=1, routed)           0.015     7.763    u_netsec/u_modexp/prod[23]_i_6_n_0
    SLICE_X12Y216        CARRY8 (Prop_CARRY8_SLICEM_S[4]_CO[7])
                                                      0.198     7.961 r  u_netsec/u_modexp/prod_reg[23]_i_2/CO[7]
                         net (fo=1, routed)           0.028     7.989    u_netsec/u_modexp/prod_reg[23]_i_2_n_0
    SLICE_X12Y217        CARRY8 (Prop_CARRY8_SLICEM_CI_CO[7])
                                                      0.023     8.012 r  u_netsec/u_modexp/prod_reg[31]_i_2/CO[7]
                         net (fo=1, routed)           0.028     8.040    u_netsec/u_modexp/prod_reg[31]_i_2_n_0
    SLICE_X12Y218        CARRY8 (Prop_CARRY8_SLICEM_CI_CO[7])
                                                      0.023     8.063 r  u_netsec/u_modexp/prod_reg[39]_i_2/CO[7]
                         net (fo=1, routed)           0.028     8.091    u_netsec/u_modexp/prod_reg[39]_i_2_n_0
    SLICE_X12Y219        CARRY8 (Prop_CARRY8_SLICEM_CI_CO[7])
                                                      0.023     8.114 r  u_netsec/u_modexp/prod_reg[47]_i_2/CO[7]
                         net (fo=1, routed)           0.028     8.142    u_netsec/u_modexp/prod_reg[47]_i_2_n_0
    SLICE_X12Y220        CARRY8 (Prop_CARRY8_SLICEM_CI_CO[7])
                                                      0.023     8.165 r  u_netsec/u_modexp/prod_reg[55]_i_2/CO[7]
                         net (fo=1, routed)           0.028     8.193    u_netsec/u_modexp/prod_reg[55]_i_2_n_0
    SLICE_X12Y221        CARRY8 (Prop_CARRY8_SLICEM_CI_O[4])
                                                      0.109     8.302 r  u_netsec/u_modexp/prod_reg[63]_i_3/O[4]
                         net (fo=1, routed)           0.487     8.789    u_netsec/u_modexp/prod_reg[63]_i_3_n_11
    SLICE_X8Y218         LUT2 (Prop_A6LUT_SLICEM_I1_O)
                                                      0.179     8.968 r  u_netsec/u_modexp/prod[60]_i_1/O
                         net (fo=1, routed)           0.063     9.031    u_netsec/u_modexp/prod[60]_i_1_n_0
    SLICE_X8Y218         FDCE                                         r  u_netsec/u_modexp/prod_reg[60]/D
  -------------------------------------------------------------------    -------------------

                         (clock axi_clk rise edge)   10.000    10.000 r  
    AE5                                               0.000    10.000 r  sys_clk_clk_p (IN)
                         net (fo=0)                   0.000    10.000    u_netsec/u_ibuf_sys/I
    HPIOBDIFFINBUF_X0Y35 DIFFINBUF (Prop_DIFFINBUF_HPIOBDIFFINBUF_DIFF_IN_P_O)
                                                      0.441    10.441 r  u_netsec/u_ibuf_sys/DIFFINBUF_INST/O
                         net (fo=1, routed)           0.040    10.481    u_netsec/u_ibuf_sys/OUT
    AE5                  IBUFCTRL (Prop_IBUFCTRL_HPIOB_M_I_O)
                                                      0.000    10.481 r  u_netsec/u_ibuf_sys/IBUFCTRL_INST/O
                         net (fo=2, routed)           0.297    10.778    u_netsec/sys_clk_200m
    BUFGCE_DIV_X0Y4      BUFGCE_DIV (Prop_BUFGCE_DIV_I_O)
                                                      0.131    10.909 r  u_netsec/u_axi_div/O
    X1Y1 (CLOCK_ROOT)    net (fo=3478, routed)        1.335    12.244    u_netsec/u_modexp/result_reg[31]_1
    SLICE_X8Y218         FDCE                                         r  u_netsec/u_modexp/prod_reg[60]/C
                         clock pessimism              0.236    12.481    
                         clock uncertainty           -0.035    12.445    
    SLICE_X8Y218         FDCE (Setup_AFF_SLICEM_C_D)
                                                      0.027    12.472    u_netsec/u_modexp/prod_reg[60]
  -------------------------------------------------------------------
                         required time                         12.472    
                         arrival time                          -9.031    
  -------------------------------------------------------------------
                         slack                                  3.442    





Min Delay Paths
--------------------------------------------------------------------------------------
Slack (MET) :             0.010ns  (arrival time - required time)
  Source:                 bd_i/design_1_i/jtag_axi_0/inst/jtag_axi_engine_u/tx_fifo_i/inst_fifo_gen/gconvfifo.rf/grf.rf/gntv_or_sync_fifo.mem/goreg_dm.dout_i_reg[21]/C
                            (rising edge-triggered cell FDRE clocked by axi_clk  {rise@0.000ns fall@5.000ns period=10.000ns})
  Destination:            bd_i/design_1_i/jtag_axi_0/inst/axi_bridge_u/write_axi_lite_u/tx_fifo_data_out_ff_reg[21]/D
                            (rising edge-triggered cell FDRE clocked by axi_clk  {rise@0.000ns fall@5.000ns period=10.000ns})
  Path Group:             axi_clk
  Path Type:              Hold (Min at Slow Process Corner)
  Requirement:            0.000ns  (axi_clk rise@0.000ns - axi_clk rise@0.000ns)
  Data Path Delay:        0.270ns  (logic 0.072ns (26.667%)  route 0.198ns (73.333%))
  Logic Levels:           0  
  Clock Path Skew:        0.206ns (DCD - SCD - CPR)
    Destination Clock Delay (DCD):    2.607ns
    Source Clock Delay      (SCD):    2.233ns
    Clock Pessimism Removal (CPR):    0.167ns
  Clock Net Delay (Source):      1.324ns (routing 0.193ns, distribution 1.131ns)
  Clock Net Delay (Destination): 1.548ns (routing 0.211ns, distribution 1.337ns)

    Location             Delay type                Incr(ns)  Path(ns)    Netlist Resource(s)
  -------------------------------------------------------------------    -------------------
                         (clock axi_clk rise edge)    0.000     0.000 r  
    AE5                                               0.000     0.000 r  sys_clk_clk_p (IN)
                         net (fo=0)                   0.000     0.000    u_netsec/u_ibuf_sys/I
    HPIOBDIFFINBUF_X0Y35 DIFFINBUF (Prop_DIFFINBUF_HPIOBDIFFINBUF_DIFF_IN_P_O)
                                                      0.441     0.441 r  u_netsec/u_ibuf_sys/DIFFINBUF_INST/O
                         net (fo=1, routed)           0.040     0.481    u_netsec/u_ibuf_sys/OUT
    AE5                  IBUFCTRL (Prop_IBUFCTRL_HPIOB_M_I_O)
                                                      0.000     0.481 r  u_netsec/u_ibuf_sys/IBUFCTRL_INST/O
                         net (fo=2, routed)           0.297     0.778    u_netsec/sys_clk_200m
    BUFGCE_DIV_X0Y4      BUFGCE_DIV (Prop_BUFGCE_DIV_I_O)
                                                      0.131     0.909 r  u_netsec/u_axi_div/O
    X1Y1 (CLOCK_ROOT)    net (fo=3478, routed)        1.324     2.233    bd_i/design_1_i/jtag_axi_0/inst/jtag_axi_engine_u/tx_fifo_i/inst_fifo_gen/gconvfifo.rf/grf.rf/gntv_or_sync_fifo.mem/gpr1.dout_i_reg[0]
    SLICE_X5Y178         FDRE                                         r  bd_i/design_1_i/jtag_axi_0/inst/jtag_axi_engine_u/tx_fifo_i/inst_fifo_gen/gconvfifo.rf/grf.rf/gntv_or_sync_fifo.mem/goreg_dm.dout_i_reg[21]/C
  -------------------------------------------------------------------    -------------------
    SLICE_X5Y178         FDRE (Prop_GFF2_SLICEM_C_Q)
                                                      0.072     2.305 r  bd_i/design_1_i/jtag_axi_0/inst/jtag_axi_engine_u/tx_fifo_i/inst_fifo_gen/gconvfifo.rf/grf.rf/gntv_or_sync_fifo.mem/goreg_dm.dout_i_reg[21]/Q
                         net (fo=1, routed)           0.198     2.503    bd_i/design_1_i/jtag_axi_0/inst/axi_bridge_u/write_axi_lite_u/tx_fifo_data_out_ff_reg[31]_0[21]
    SLICE_X8Y184         FDRE                                         r  bd_i/design_1_i/jtag_axi_0/inst/axi_bridge_u/write_axi_lite_u/tx_fifo_data_out_ff_reg[21]/D
  -------------------------------------------------------------------    -------------------

                         (clock axi_clk rise edge)    0.000     0.000 r  
    AE5                                               0.000     0.000 r  sys_clk_clk_p (IN)
                         net (fo=0)                   0.000     0.000    u_netsec/u_ibuf_sys/I
    HPIOBDIFFINBUF_X0Y35 DIFFINBUF (Prop_DIFFINBUF_HPIOBDIFFINBUF_DIFF_IN_P_O)
                                                      0.523     0.523 r  u_netsec/u_ibuf_sys/DIFFINBUF_INST/O
                         net (fo=1, routed)           0.050     0.573    u_netsec/u_ibuf_sys/OUT
    AE5                  IBUFCTRL (Prop_IBUFCTRL_HPIOB_M_I_O)
                                                      0.000     0.573 r  u_netsec/u_ibuf_sys/IBUFCTRL_INST/O
                         net (fo=2, routed)           0.335     0.908    u_netsec/sys_clk_200m
    BUFGCE_DIV_X0Y4      BUFGCE_DIV (Prop_BUFGCE_DIV_I_O)
                                                      0.151     1.059 r  u_netsec/u_axi_div/O
    X1Y1 (CLOCK_ROOT)    net (fo=3478, routed)        1.548     2.607    bd_i/design_1_i/jtag_axi_0/inst/axi_bridge_u/write_axi_lite_u/out
    SLICE_X8Y184         FDRE                                         r  bd_i/design_1_i/jtag_axi_0/inst/axi_bridge_u/write_axi_lite_u/tx_fifo_data_out_ff_reg[21]/C
                         clock pessimism             -0.167     2.439    
    SLICE_X8Y184         FDRE (Hold_AFF2_SLICEM_C_D)
                                                      0.054     2.493    bd_i/design_1_i/jtag_axi_0/inst/axi_bridge_u/write_axi_lite_u/tx_fifo_data_out_ff_reg[21]
  -------------------------------------------------------------------
                         required time                         -2.493    
                         arrival time                           2.503    
  -------------------------------------------------------------------
                         slack                                  0.010    





Pulse Width Checks
--------------------------------------------------------------------------------------
Clock Name:         axi_clk
Waveform(ns):       { 0.000 5.000 }
Period(ns):         10.000
Sources:            { u_netsec/u_axi_div/O }

Check Type        Corner  Lib Pin          Reference Pin  Required(ns)  Actual(ns)  Slack(ns)  Location  Pin
Min Period        n/a     PS8/MAXIGP2ACLK  n/a            3.000         10.000      7.000      PS8_X0Y0  bd_i/design_1_i/zynq_ultra_ps_e_0/inst/PS8_i/MAXIGP2ACLK
Low Pulse Width   Fast    PS8/MAXIGP2ACLK  n/a            1.500         5.000       3.500      PS8_X0Y0  bd_i/design_1_i/zynq_ultra_ps_e_0/inst/PS8_i/MAXIGP2ACLK
High Pulse Width  Slow    PS8/MAXIGP2ACLK  n/a            1.500         5.000       3.500      PS8_X0Y0  bd_i/design_1_i/zynq_ultra_ps_e_0/inst/PS8_i/MAXIGP2ACLK



---------------------------------------------------------------------------------------------------
From Clock:  gtx_clk_u
  To Clock:  gtx_clk_u

Setup :            0  Failing Endpoints,  Worst Slack        0.832ns,  Total Violation        0.000ns
Hold  :            0  Failing Endpoints,  Worst Slack        0.013ns,  Total Violation        0.000ns
PW    :            0  Failing Endpoints,  Worst Slack        2.562ns,  Total Violation        0.000ns
---------------------------------------------------------------------------------------------------


Max Delay Paths
--------------------------------------------------------------------------------------
Slack (MET) :             0.832ns  (required time - arrival time)
  Source:                 u_netsec/u_dp/u_dpi/fill_s_reg[4]/C
                            (rising edge-triggered cell FDCE clocked by gtx_clk_u  {rise@0.000ns fall@4.000ns period=8.000ns})
  Destination:            u_netsec/u_dp/u_dpi/trans_reg[5][73][1]/CE
                            (rising edge-triggered cell FDRE clocked by gtx_clk_u  {rise@0.000ns fall@4.000ns period=8.000ns})
  Path Group:             gtx_clk_u
  Path Type:              Setup (Max at Slow Process Corner)
  Requirement:            8.000ns  (gtx_clk_u rise@8.000ns - gtx_clk_u rise@0.000ns)
  Data Path Delay:        6.954ns  (logic 0.292ns (4.199%)  route 6.662ns (95.801%))
  Logic Levels:           3  (LUT2=1 LUT3=1 LUT6=1)
  Clock Path Skew:        -0.107ns (DCD - SCD + CPR)
    Destination Clock Delay (DCD):    2.260ns = ( 10.260 - 8.000 ) 
    Source Clock Delay      (SCD):    2.059ns
    Clock Pessimism Removal (CPR):    -0.309ns
  Clock Uncertainty:      0.064ns  ((TSJ^2 + DJ^2)^1/2) / 2 + PE
    Total System Jitter     (TSJ):    0.071ns
    Discrete Jitter          (DJ):    0.107ns
    Phase Error              (PE):    0.000ns
  Clock Net Delay (Source):      1.376ns (routing 0.185ns, distribution 1.191ns)
  Clock Net Delay (Destination): 1.254ns (routing 0.170ns, distribution 1.084ns)

    Location             Delay type                Incr(ns)  Path(ns)    Netlist Resource(s)
  -------------------------------------------------------------------    -------------------
                         (clock gtx_clk_u rise edge)
                                                      0.000     0.000 r  
    AE5                                               0.000     0.000 r  sys_clk_clk_p (IN)
                         net (fo=0)                   0.000     0.000    u_netsec/u_ibuf_sys/I
    HPIOBDIFFINBUF_X0Y35 DIFFINBUF (Prop_DIFFINBUF_HPIOBDIFFINBUF_DIFF_IN_P_O)
                                                      0.523     0.523 r  u_netsec/u_ibuf_sys/DIFFINBUF_INST/O
                         net (fo=1, routed)           0.050     0.573    u_netsec/u_ibuf_sys/OUT
    AE5                  IBUFCTRL (Prop_IBUFCTRL_HPIOB_M_I_O)
                                                      0.000     0.573 r  u_netsec/u_ibuf_sys/IBUFCTRL_INST/O
                         net (fo=2, routed)           0.334     0.907    u_netsec/u_mac/sys_clk_200m
    BUFGCE_X0Y26         BUFGCE (Prop_BUFCE_BUFGCE_I_O)
                                                      0.028     0.935 r  u_netsec/u_mac/u_bufg_sys/O
                         net (fo=10, routed)          1.048     1.983    u_netsec/u_mac/sys_clk_buf
    MMCM_X0Y1            MMCME4_ADV (Prop_MMCM_CLKIN1_CLKOUT0)
                                                     -1.583     0.400 r  u_netsec/u_mac/u_mmcm/CLKOUT0
                         net (fo=1, routed)           0.255     0.655    u_netsec/u_mac/gtx_clk_u
    BUFGCE_X0Y38         BUFGCE (Prop_BUFCE_BUFGCE_I_O)
                                                      0.028     0.683 r  u_netsec/u_mac/u_bufg_gtx/O
    X1Y1 (CLOCK_ROOT)    net (fo=26915, routed)       1.376     2.059    u_netsec/u_dp/u_dpi/logic_clk
    SLICE_X22Y72         FDCE                                         r  u_netsec/u_dp/u_dpi/fill_s_reg[4]/C
  -------------------------------------------------------------------    -------------------
    SLICE_X22Y72         FDCE (Prop_EFF_SLICEL_C_Q)
                                                      0.096     2.155 f  u_netsec/u_dp/u_dpi/fill_s_reg[4]/Q
                         net (fo=143, routed)         2.596     4.751    u_netsec/u_dp/u_dpi/fill_s[4]
    SLICE_X52Y25         LUT3 (Prop_H6LUT_SLICEL_I0_O)
                                                      0.040     4.791 f  u_netsec/u_dp/u_dpi/trans[4][215][4]_i_2/O
                         net (fo=130, routed)         3.125     7.916    u_netsec/u_dp/u_dpi/trans[4][215][4]_i_2_n_0
    SLICE_X9Y44          LUT6 (Prop_G6LUT_SLICEL_I0_O)
                                                      0.038     7.954 r  u_netsec/u_dp/u_dpi/trans[5][73][4]_i_2/O
                         net (fo=1, routed)           0.228     8.182    u_netsec/u_mac/trans_reg[5][73][0]
    SLICE_X9Y44          LUT2 (Prop_D5LUT_SLICEL_I1_O)
                                                      0.118     8.300 r  u_netsec/u_mac/trans[5][73][4]_i_1/O
                         net (fo=5, routed)           0.713     9.013    u_netsec/u_dp/u_dpi/trans_reg[5][73][0]_0[0]
    SLICE_X14Y51         FDRE                                         r  u_netsec/u_dp/u_dpi/trans_reg[5][73][1]/CE
  -------------------------------------------------------------------    -------------------

                         (clock gtx_clk_u rise edge)
                                                      8.000     8.000 r  
    AE5                                               0.000     8.000 r  sys_clk_clk_p (IN)
                         net (fo=0)                   0.000     8.000    u_netsec/u_ibuf_sys/I
    HPIOBDIFFINBUF_X0Y35 DIFFINBUF (Prop_DIFFINBUF_HPIOBDIFFINBUF_DIFF_IN_P_O)
                                                      0.441     8.441 r  u_netsec/u_ibuf_sys/DIFFINBUF_INST/O
                         net (fo=1, routed)           0.040     8.481    u_netsec/u_ibuf_sys/OUT
    AE5                  IBUFCTRL (Prop_IBUFCTRL_HPIOB_M_I_O)
                                                      0.000     8.481 r  u_netsec/u_ibuf_sys/IBUFCTRL_INST/O
                         net (fo=2, routed)           0.296     8.777    u_netsec/u_mac/sys_clk_200m
    BUFGCE_X0Y26         BUFGCE (Prop_BUFCE_BUFGCE_I_O)
                                                      0.024     8.801 r  u_netsec/u_mac/u_bufg_sys/O
                         net (fo=10, routed)          0.927     9.728    u_netsec/u_mac/sys_clk_buf
    MMCM_X0Y1            MMCME4_ADV (Prop_MMCM_CLKIN1_CLKOUT0)
                                                     -0.973     8.755 r  u_netsec/u_mac/u_mmcm/CLKOUT0
                         net (fo=1, routed)           0.227     8.982    u_netsec/u_mac/gtx_clk_u
    BUFGCE_X0Y38         BUFGCE (Prop_BUFCE_BUFGCE_I_O)
                                                      0.024     9.006 r  u_netsec/u_mac/u_bufg_gtx/O
    X1Y1 (CLOCK_ROOT)    net (fo=26915, routed)       1.254    10.260    u_netsec/u_dp/u_dpi/logic_clk
    SLICE_X14Y51         FDRE                                         r  u_netsec/u_dp/u_dpi/trans_reg[5][73][1]/C
                         clock pessimism             -0.309     9.952    
                         clock uncertainty           -0.064     9.888    
    SLICE_X14Y51         FDRE (Setup_EFF_SLICEL_C_CE)
                                                     -0.043     9.845    u_netsec/u_dp/u_dpi/trans_reg[5][73][1]
  -------------------------------------------------------------------
                         required time                          9.845    
                         arrival time                          -9.013    
  -------------------------------------------------------------------
                         slack                                  0.832    





Min Delay Paths
--------------------------------------------------------------------------------------
Slack (MET) :             0.013ns  (arrival time - required time)
  Source:                 u_netsec/u_dp/cap_dport_reg[7]/C
                            (rising edge-triggered cell FDRE clocked by gtx_clk_u  {rise@0.000ns fall@4.000ns period=8.000ns})
  Destination:            u_netsec/u_dp/u_ft/key_mem_reg_r4_0_63_14_20/RAMB/I
                            (rising edge-triggered cell RAMD64E clocked by gtx_clk_u  {rise@0.000ns fall@4.000ns period=8.000ns})
  Path Group:             gtx_clk_u
  Path Type:              Hold (Min at Slow Process Corner)
  Requirement:            0.000ns  (gtx_clk_u rise@0.000ns - gtx_clk_u rise@0.000ns)
  Data Path Delay:        0.157ns  (logic 0.072ns (45.860%)  route 0.085ns (54.140%))
  Logic Levels:           0  
  Clock Path Skew:        0.062ns (DCD - SCD - CPR)
    Destination Clock Delay (DCD):    2.054ns
    Source Clock Delay      (SCD):    2.174ns
    Clock Pessimism Removal (CPR):    -0.183ns
  Clock Net Delay (Source):      1.168ns (routing 0.170ns, distribution 0.998ns)
  Clock Net Delay (Destination): 1.371ns (routing 0.185ns, distribution 1.186ns)

    Location             Delay type                Incr(ns)  Path(ns)    Netlist Resource(s)
  -------------------------------------------------------------------    -------------------
                         (clock gtx_clk_u rise edge)
                                                      0.000     0.000 r  
    AE5                                               0.000     0.000 r  sys_clk_clk_p (IN)
                         net (fo=0)                   0.000     0.000    u_netsec/u_ibuf_sys/I
    HPIOBDIFFINBUF_X0Y35 DIFFINBUF (Prop_DIFFINBUF_HPIOBDIFFINBUF_DIFF_IN_P_O)
                                                      0.441     0.441 r  u_netsec/u_ibuf_sys/DIFFINBUF_INST/O
                         net (fo=1, routed)           0.040     0.481    u_netsec/u_ibuf_sys/OUT
    AE5                  IBUFCTRL (Prop_IBUFCTRL_HPIOB_M_I_O)
                                                      0.000     0.481 r  u_netsec/u_ibuf_sys/IBUFCTRL_INST/O
                         net (fo=2, routed)           0.296     0.777    u_netsec/u_mac/sys_clk_200m
    BUFGCE_X0Y26         BUFGCE (Prop_BUFCE_BUFGCE_I_O)
                                                      0.024     0.801 r  u_netsec/u_mac/u_bufg_sys/O
                         net (fo=10, routed)          0.927     1.728    u_netsec/u_mac/sys_clk_buf
    MMCM_X0Y1            MMCME4_ADV (Prop_MMCM_CLKIN1_CLKOUT0)
                                                     -0.973     0.755 r  u_netsec/u_mac/u_mmcm/CLKOUT0
                         net (fo=1, routed)           0.227     0.982    u_netsec/u_mac/gtx_clk_u
    BUFGCE_X0Y38         BUFGCE (Prop_BUFCE_BUFGCE_I_O)
                                                      0.024     1.006 r  u_netsec/u_mac/u_bufg_gtx/O
    X1Y1 (CLOCK_ROOT)    net (fo=26915, routed)       1.168     2.174    u_netsec/u_dp/logic_clk
    SLICE_X32Y212        FDRE                                         r  u_netsec/u_dp/cap_dport_reg[7]/C
  -------------------------------------------------------------------    -------------------
    SLICE_X32Y212        FDRE (Prop_EFF2_SLICEM_C_Q)
                                                      0.072     2.246 r  u_netsec/u_dp/cap_dport_reg[7]/Q
                         net (fo=9, routed)           0.085     2.331    u_netsec/u_dp/u_ft/key_mem_reg_r4_0_63_14_20/DIB
    SLICE_X32Y214        RAMD64E                                      r  u_netsec/u_dp/u_ft/key_mem_reg_r4_0_63_14_20/RAMB/I
  -------------------------------------------------------------------    -------------------

                         (clock gtx_clk_u rise edge)
                                                      0.000     0.000 r  
    AE5                                               0.000     0.000 r  sys_clk_clk_p (IN)
                         net (fo=0)                   0.000     0.000    u_netsec/u_ibuf_sys/I
    HPIOBDIFFINBUF_X0Y35 DIFFINBUF (Prop_DIFFINBUF_HPIOBDIFFINBUF_DIFF_IN_P_O)
                                                      0.523     0.523 r  u_netsec/u_ibuf_sys/DIFFINBUF_INST/O
                         net (fo=1, routed)           0.050     0.573    u_netsec/u_ibuf_sys/OUT
    AE5                  IBUFCTRL (Prop_IBUFCTRL_HPIOB_M_I_O)
                                                      0.000     0.573 r  u_netsec/u_ibuf_sys/IBUFCTRL_INST/O
                         net (fo=2, routed)           0.334     0.907    u_netsec/u_mac/sys_clk_200m
    BUFGCE_X0Y26         BUFGCE (Prop_BUFCE_BUFGCE_I_O)
                                                      0.028     0.935 r  u_netsec/u_mac/u_bufg_sys/O
                         net (fo=10, routed)          1.048     1.983    u_netsec/u_mac/sys_clk_buf
    MMCM_X0Y1            MMCME4_ADV (Prop_MMCM_CLKIN1_CLKOUT0)
                                                     -1.583     0.400 r  u_netsec/u_mac/u_mmcm/CLKOUT0
                         net (fo=1, routed)           0.255     0.655    u_netsec/u_mac/gtx_clk_u
    BUFGCE_X0Y38         BUFGCE (Prop_BUFCE_BUFGCE_I_O)
                                                      0.028     0.683 r  u_netsec/u_mac/u_bufg_gtx/O
    X1Y1 (CLOCK_ROOT)    net (fo=26915, routed)       1.371     2.054    u_netsec/u_dp/u_ft/key_mem_reg_r4_0_63_14_20/WCLK
    SLICE_X32Y214        RAMD64E                                      r  u_netsec/u_dp/u_ft/key_mem_reg_r4_0_63_14_20/RAMB/CLK
                         clock pessimism              0.183     2.237    
    SLICE_X32Y214        RAMD64E (Hold_B6LUT_SLICEM_CLK_I)
                                                      0.082     2.319    u_netsec/u_dp/u_ft/key_mem_reg_r4_0_63_14_20/RAMB
  -------------------------------------------------------------------
                         required time                         -2.319    
                         arrival time                           2.331    
  -------------------------------------------------------------------
                         slack                                  0.013    





Pulse Width Checks
--------------------------------------------------------------------------------------
Clock Name:         gtx_clk_u
Waveform(ns):       { 0.000 4.000 }
Period(ns):         8.000
Sources:            { u_netsec/u_mac/u_mmcm/CLKOUT0 }

Check Type        Corner  Lib Pin       Reference Pin  Required(ns)  Actual(ns)  Slack(ns)  Location               Pin
Min Period        n/a     IDELAYE3/CLK  n/a            3.195         8.000       4.805      BITSLICE_RX_TX_X0Y196  u_netsec/u_mac/g_rx_idly[0].u_idly/CLK
Low Pulse Width   Slow    IDELAYE3/CLK  n/a            1.438         4.000       2.562      BITSLICE_RX_TX_X0Y190  u_netsec/u_mac/g_rx_idly[2].u_idly/CLK
High Pulse Width  Slow    IDELAYE3/CLK  n/a            1.438         4.000       2.562      BITSLICE_RX_TX_X0Y196  u_netsec/u_mac/g_rx_idly[0].u_idly/CLK



---------------------------------------------------------------------------------------------------
From Clock:  mmcm_fb
  To Clock:  mmcm_fb

Setup :           NA  Failing Endpoints,  Worst Slack           NA  ,  Total Violation           NA
Hold  :           NA  Failing Endpoints,  Worst Slack           NA  ,  Total Violation           NA
PW    :            0  Failing Endpoints,  Worst Slack        3.501ns,  Total Violation        0.000ns
---------------------------------------------------------------------------------------------------


Pulse Width Checks
--------------------------------------------------------------------------------------
Clock Name:         mmcm_fb
Waveform(ns):       { 0.000 2.500 }
Period(ns):         5.000
Sources:            { u_netsec/u_mac/u_mmcm/CLKFBOUT }

Check Type  Corner  Lib Pin             Reference Pin  Required(ns)  Actual(ns)  Slack(ns)  Location      Pin
Min Period  n/a     BUFGCE/I            n/a            1.499         5.000       3.501      BUFGCE_X0Y44  u_netsec/u_mac/u_bufg_fb/I
Max Period  n/a     MMCME4_ADV/CLKFBIN  n/a            100.000       5.000       95.000     MMCM_X0Y1     u_netsec/u_mac/u_mmcm/CLKFBIN



---------------------------------------------------------------------------------------------------
From Clock:  rgmii_rxc
  To Clock:  dbg_hub/inst/BSCANID.u_xsdbm_id/SWITCH_N_EXT_BSCAN.bscan_inst/SERIES7_BSCAN.bscan_inst/INTERNAL_TCK

Setup :            0  Failing Endpoints,  Worst Slack        7.523ns,  Total Violation        0.000ns
Hold  :           NA  Failing Endpoints,  Worst Slack           NA  ,  Total Violation           NA
---------------------------------------------------------------------------------------------------


Max Delay Paths
--------------------------------------------------------------------------------------
Slack (MET) :             7.523ns  (required time - arrival time)
  Source:                 dbg_hub/inst/BSCANID.u_xsdbm_id/CORE_XSDB.UUT_MASTER/U_ICON_INTERFACE/U_CMD6_RD/U_RD_FIFO/SUBCORE_FIFO.xsdbm_v3_0_0_rdfifo_inst/inst_fifo_gen/gconvfifo.rf/grf.rf/gntv_or_sync_fifo.gcx.clkx/gnxpm_cdc.wr_pntr_gc_reg[1]/C
                            (rising edge-triggered cell FDCE clocked by rgmii_rxc  {rise@0.000ns fall@4.000ns period=8.000ns})
  Destination:            dbg_hub/inst/BSCANID.u_xsdbm_id/CORE_XSDB.UUT_MASTER/U_ICON_INTERFACE/U_CMD6_RD/U_RD_FIFO/SUBCORE_FIFO.xsdbm_v3_0_0_rdfifo_inst/inst_fifo_gen/gconvfifo.rf/grf.rf/gntv_or_sync_fifo.gcx.clkx/gnxpm_cdc.gsync_stage[1].rd_stg_inst/Q_reg_reg[1]/D
                            (rising edge-triggered cell FDCE clocked by dbg_hub/inst/BSCANID.u_xsdbm_id/SWITCH_N_EXT_BSCAN.bscan_inst/SERIES7_BSCAN.bscan_inst/INTERNAL_TCK  {rise@0.000ns fall@25.000ns period=50.000ns})
  Path Group:             dbg_hub/inst/BSCANID.u_xsdbm_id/SWITCH_N_EXT_BSCAN.bscan_inst/SERIES7_BSCAN.bscan_inst/INTERNAL_TCK
  Path Type:              Setup (Max at Slow Process Corner)
  Requirement:            8.000ns  (MaxDelay Path 8.000ns)
  Data Path Delay:        0.504ns  (logic 0.098ns (19.444%)  route 0.406ns (80.556%))
  Logic Levels:           0  
  Timing Exception:       MaxDelay Path 8.000ns -datapath_only

    Location             Delay type                Incr(ns)  Path(ns)    Netlist Resource(s)
  -------------------------------------------------------------------    -------------------
    SLICE_X3Y14                                       0.000     0.000 r  dbg_hub/inst/BSCANID.u_xsdbm_id/CORE_XSDB.UUT_MASTER/U_ICON_INTERFACE/U_CMD6_RD/U_RD_FIFO/SUBCORE_FIFO.xsdbm_v3_0_0_rdfifo_inst/inst_fifo_gen/gconvfifo.rf/grf.rf/gntv_or_sync_fifo.gcx.clkx/gnxpm_cdc.wr_pntr_gc_reg[1]/C
    SLICE_X3Y14          FDCE (Prop_DFF2_SLICEL_C_Q)
                                                      0.098     0.098 r  dbg_hub/inst/BSCANID.u_xsdbm_id/CORE_XSDB.UUT_MASTER/U_ICON_INTERFACE/U_CMD6_RD/U_RD_FIFO/SUBCORE_FIFO.xsdbm_v3_0_0_rdfifo_inst/inst_fifo_gen/gconvfifo.rf/grf.rf/gntv_or_sync_fifo.gcx.clkx/gnxpm_cdc.wr_pntr_gc_reg[1]/Q
                         net (fo=1, routed)           0.406     0.504    dbg_hub/inst/BSCANID.u_xsdbm_id/CORE_XSDB.UUT_MASTER/U_ICON_INTERFACE/U_CMD6_RD/U_RD_FIFO/SUBCORE_FIFO.xsdbm_v3_0_0_rdfifo_inst/inst_fifo_gen/gconvfifo.rf/grf.rf/gntv_or_sync_fifo.gcx.clkx/gnxpm_cdc.gsync_stage[1].rd_stg_inst/Q[1]
    SLICE_X3Y14          FDCE                                         r  dbg_hub/inst/BSCANID.u_xsdbm_id/CORE_XSDB.UUT_MASTER/U_ICON_INTERFACE/U_CMD6_RD/U_RD_FIFO/SUBCORE_FIFO.xsdbm_v3_0_0_rdfifo_inst/inst_fifo_gen/gconvfifo.rf/grf.rf/gntv_or_sync_fifo.gcx.clkx/gnxpm_cdc.gsync_stage[1].rd_stg_inst/Q_reg_reg[1]/D
  -------------------------------------------------------------------    -------------------

                         max delay                    8.000     8.000    
    SLICE_X3Y14          FDCE (Setup_GFF2_SLICEL_C_D)
                                                      0.027     8.027    dbg_hub/inst/BSCANID.u_xsdbm_id/CORE_XSDB.UUT_MASTER/U_ICON_INTERFACE/U_CMD6_RD/U_RD_FIFO/SUBCORE_FIFO.xsdbm_v3_0_0_rdfifo_inst/inst_fifo_gen/gconvfifo.rf/grf.rf/gntv_or_sync_fifo.gcx.clkx/gnxpm_cdc.gsync_stage[1].rd_stg_inst/Q_reg_reg[1]
  -------------------------------------------------------------------
                         required time                          8.027    
                         arrival time                          -0.504    
  -------------------------------------------------------------------
                         slack                                  7.523    





---------------------------------------------------------------------------------------------------
From Clock:  dbg_hub/inst/BSCANID.u_xsdbm_id/SWITCH_N_EXT_BSCAN.bscan_inst/SERIES7_BSCAN.bscan_inst/INTERNAL_TCK
  To Clock:  rgmii_rxc

Setup :            0  Failing Endpoints,  Worst Slack       49.579ns,  Total Violation        0.000ns
Hold  :           NA  Failing Endpoints,  Worst Slack           NA  ,  Total Violation           NA
---------------------------------------------------------------------------------------------------


Max Delay Paths
--------------------------------------------------------------------------------------
Slack (MET) :             49.579ns  (required time - arrival time)
  Source:                 dbg_hub/inst/BSCANID.u_xsdbm_id/CORE_XSDB.UUT_MASTER/U_ICON_INTERFACE/U_CMD6_RD/U_RD_FIFO/SUBCORE_FIFO.xsdbm_v3_0_0_rdfifo_inst/inst_fifo_gen/gconvfifo.rf/grf.rf/gntv_or_sync_fifo.gcx.clkx/gnxpm_cdc.rd_pntr_gc_reg[3]/C
                            (rising edge-triggered cell FDCE clocked by dbg_hub/inst/BSCANID.u_xsdbm_id/SWITCH_N_EXT_BSCAN.bscan_inst/SERIES7_BSCAN.bscan_inst/INTERNAL_TCK  {rise@0.000ns fall@25.000ns period=50.000ns})
  Destination:            dbg_hub/inst/BSCANID.u_xsdbm_id/CORE_XSDB.UUT_MASTER/U_ICON_INTERFACE/U_CMD6_RD/U_RD_FIFO/SUBCORE_FIFO.xsdbm_v3_0_0_rdfifo_inst/inst_fifo_gen/gconvfifo.rf/grf.rf/gntv_or_sync_fifo.gcx.clkx/gnxpm_cdc.gsync_stage[1].wr_stg_inst/Q_reg_reg[3]/D
                            (rising edge-triggered cell FDCE clocked by rgmii_rxc  {rise@0.000ns fall@4.000ns period=8.000ns})
  Path Group:             rgmii_rxc
  Path Type:              Setup (Max at Slow Process Corner)
  Requirement:            50.000ns  (MaxDelay Path 50.000ns)
  Data Path Delay:        0.448ns  (logic 0.096ns (21.429%)  route 0.352ns (78.571%))
  Logic Levels:           0  
  Timing Exception:       MaxDelay Path 50.000ns -datapath_only

    Location             Delay type                Incr(ns)  Path(ns)    Netlist Resource(s)
  -------------------------------------------------------------------    -------------------
    SLICE_X3Y15                                       0.000     0.000 r  dbg_hub/inst/BSCANID.u_xsdbm_id/CORE_XSDB.UUT_MASTER/U_ICON_INTERFACE/U_CMD6_RD/U_RD_FIFO/SUBCORE_FIFO.xsdbm_v3_0_0_rdfifo_inst/inst_fifo_gen/gconvfifo.rf/grf.rf/gntv_or_sync_fifo.gcx.clkx/gnxpm_cdc.rd_pntr_gc_reg[3]/C
    SLICE_X3Y15          FDCE (Prop_FFF_SLICEL_C_Q)
                                                      0.096     0.096 r  dbg_hub/inst/BSCANID.u_xsdbm_id/CORE_XSDB.UUT_MASTER/U_ICON_INTERFACE/U_CMD6_RD/U_RD_FIFO/SUBCORE_FIFO.xsdbm_v3_0_0_rdfifo_inst/inst_fifo_gen/gconvfifo.rf/grf.rf/gntv_or_sync_fifo.gcx.clkx/gnxpm_cdc.rd_pntr_gc_reg[3]/Q
                         net (fo=1, routed)           0.352     0.448    dbg_hub/inst/BSCANID.u_xsdbm_id/CORE_XSDB.UUT_MASTER/U_ICON_INTERFACE/U_CMD6_RD/U_RD_FIFO/SUBCORE_FIFO.xsdbm_v3_0_0_rdfifo_inst/inst_fifo_gen/gconvfifo.rf/grf.rf/gntv_or_sync_fifo.gcx.clkx/gnxpm_cdc.gsync_stage[1].wr_stg_inst/Q[3]
    SLICE_X3Y15          FDCE                                         r  dbg_hub/inst/BSCANID.u_xsdbm_id/CORE_XSDB.UUT_MASTER/U_ICON_INTERFACE/U_CMD6_RD/U_RD_FIFO/SUBCORE_FIFO.xsdbm_v3_0_0_rdfifo_inst/inst_fifo_gen/gconvfifo.rf/grf.rf/gntv_or_sync_fifo.gcx.clkx/gnxpm_cdc.gsync_stage[1].wr_stg_inst/Q_reg_reg[3]/D
  -------------------------------------------------------------------    -------------------

                         max delay                   50.000    50.000    
    SLICE_X3Y15          FDCE (Setup_CFF2_SLICEL_C_D)
                                                      0.027    50.027    dbg_hub/inst/BSCANID.u_xsdbm_id/CORE_XSDB.UUT_MASTER/U_ICON_INTERFACE/U_CMD6_RD/U_RD_FIFO/SUBCORE_FIFO.xsdbm_v3_0_0_rdfifo_inst/inst_fifo_gen/gconvfifo.rf/grf.rf/gntv_or_sync_fifo.gcx.clkx/gnxpm_cdc.gsync_stage[1].wr_stg_inst/Q_reg_reg[3]
  -------------------------------------------------------------------
                         required time                         50.027    
                         arrival time                          -0.448    
  -------------------------------------------------------------------
                         slack                                 49.579    





---------------------------------------------------------------------------------------------------
From Clock:  rgmii_rxc
  To Clock:  rxc60_u

Setup :            0  Failing Endpoints,  Worst Slack        6.880ns,  Total Violation        0.000ns
Hold  :            5  Failing Endpoints,  Worst Slack       -5.842ns,  Total Violation      -29.074ns
---------------------------------------------------------------------------------------------------


Max Delay Paths
--------------------------------------------------------------------------------------
Slack (MET) :             6.880ns  (required time - arrival time)
  Source:                 rgmii_rd[0]
                            (input port clocked by rgmii_rxc  {rise@0.000ns fall@4.000ns period=8.000ns})
  Destination:            u_netsec/u_mac/u_mac/eth_mac_1g_rgmii_inst/rgmii_phy_if_inst/rx_ssio_ddr_inst/data_iddr_inst/iddr[1].iddr_inst/D
                            (rising edge-triggered cell IDDRE1 clocked by rxc60_u  {rise@0.000ns fall@4.000ns period=8.000ns})
  Path Group:             rxc60_u
  Path Type:              Setup (Max at Fast Process Corner)
  Requirement:            4.000ns  (rxc60_u fall@4.000ns - rgmii_rxc rise@0.000ns)
  Data Path Delay:        1.736ns  (logic 1.691ns (97.408%)  route 0.045ns (2.592%))
  Logic Levels:           3  (IBUFCTRL=1 IDELAYE3=1 INBUF=1)
  Input Delay:            -1.000ns
  Phase Shift in Clock Latency:
    Destination Clock:    1.500ns
  Clock Path Skew:        3.731ns (DCD - SCD + CPR)
    Destination Clock Delay (DCD):    3.731ns = ( 7.731 - 4.000 ) 
    Source Clock Delay      (SCD):    0.000ns
    Clock Pessimism Removal (CPR):    0.000ns
  Clock Uncertainty:      0.166ns  ((TSJ^2 + DJ^2)^1/2) / 2 + PE
    Total System Jitter     (TSJ):    0.071ns
    Discrete Jitter          (DJ):    0.118ns
    Phase Error              (PE):    0.097ns
  Clock Net Delay (Destination): 1.094ns (routing 0.542ns, distribution 0.552ns)

    Location             Delay type                Incr(ns)  Path(ns)    Netlist Resource(s)
  -------------------------------------------------------------------    -------------------
                         (clock rgmii_rxc rise edge)
                                                      0.000     0.000 r  
                         input delay                 -1.000    -1.000    
    A5                                                0.000    -1.000 r  rgmii_rd[0] (IN)
                         net (fo=0)                   0.000    -1.000    rgmii_rd_IBUF[0]_inst/I
    A5                   INBUF (Prop_INBUF_HPIOB_S_PAD_O)
                                                      0.347    -0.653 r  rgmii_rd_IBUF[0]_inst/INBUF_INST/O
                         net (fo=1, routed)           0.000    -0.653    rgmii_rd_IBUF[0]_inst/OUT
    A5                   IBUFCTRL (Prop_IBUFCTRL_HPIOB_S_I_O)
                                                      0.000    -0.653 r  rgmii_rd_IBUF[0]_inst/IBUFCTRL_INST/O
                         net (fo=1, routed)           0.045    -0.608    u_netsec/u_mac/rgmii_rd_IBUF[0]
    BITSLICE_RX_TX_X0Y196
                         IDELAYE3 (Prop_IDELAY_BITSLICE_COMPONENT_RX_TX_IDATAIN_DATAOUT)
                                                      1.344     0.736 r  u_netsec/u_mac/g_rx_idly[0].u_idly/DATAOUT
                         net (fo=1, routed)           0.000     0.736    u_netsec/u_mac/u_mac/eth_mac_1g_rgmii_inst/rgmii_phy_if_inst/rx_ssio_ddr_inst/data_iddr_inst/rx_dly[0]
    BITSLICE_RX_TX_X0Y196
                         IDDRE1                                       r  u_netsec/u_mac/u_mac/eth_mac_1g_rgmii_inst/rgmii_phy_if_inst/rx_ssio_ddr_inst/data_iddr_inst/iddr[1].iddr_inst/D
  -------------------------------------------------------------------    -------------------

                         (clock rxc60_u fall edge)    4.000     4.000 f  
    E5                                                0.000     4.000 f  rgmii_rxc (IN)
                         net (fo=0)                   0.000     4.000    rgmii_rxc_IBUF_inst/I
    E5                   INBUF (Prop_INBUF_HPIOB_M_PAD_O)
                                                      0.159     4.159 f  rgmii_rxc_IBUF_inst/INBUF_INST/O
                         net (fo=1, routed)           0.000     4.159    rgmii_rxc_IBUF_inst/OUT
    E5                   IBUFCTRL (Prop_IBUFCTRL_HPIOB_M_I_O)
                                                      0.000     4.159 f  rgmii_rxc_IBUF_inst/IBUFCTRL_INST/O
                         net (fo=2, routed)           0.144     4.303    rgmii_rxc_IBUF
    BUFGCE_X0Y80         BUFGCE (Prop_BUFCE_BUFGCE_I_O)
                                                      0.017     4.320 f  rgmii_rxc_IBUF_BUFGCE_collapsed_inst/O
                         net (fo=3793, routed)        0.990     5.310    u_netsec/u_mac/lopt
    MMCM_X0Y3            MMCME4_ADV (Prop_MMCM_CLKIN1_CLKOUT1)
                                                      1.161     6.471 f  u_netsec/u_mac/u_mmcm_rxc/CLKOUT1
                         net (fo=1, routed)           0.149     6.620    u_netsec/u_mac/u_mac/eth_mac_1g_rgmii_inst/rgmii_phy_if_inst/rx_ssio_ddr_inst/rxc60
    BUFGCE_X0Y73         BUFGCE (Prop_BUFCE_BUFGCE_I_O)
                                                      0.017     6.637 f  u_netsec/u_mac/u_mac/eth_mac_1g_rgmii_inst/rgmii_phy_if_inst/rx_ssio_ddr_inst/clk_bufg/O
    X0Y2 (CLOCK_ROOT)    net (fo=205, routed)         1.094     7.731    u_netsec/u_mac/u_mac/eth_mac_1g_rgmii_inst/rgmii_phy_if_inst/rx_ssio_ddr_inst/data_iddr_inst/CB0
    BITSLICE_RX_TX_X0Y196
                         IDDRE1                                       r  u_netsec/u_mac/u_mac/eth_mac_1g_rgmii_inst/rgmii_phy_if_inst/rx_ssio_ddr_inst/data_iddr_inst/iddr[1].iddr_inst/CB  (IS_INVERTED)
                         clock pessimism              0.000     7.731    
                         clock uncertainty           -0.166     7.565    
    BITSLICE_RX_TX_X0Y196
                         IDDRE1 (Setup_ISERDES_BITSLICE_COMPONENT_RX_TX_CB_D)
                                                      0.051     7.616    u_netsec/u_mac/u_mac/eth_mac_1g_rgmii_inst/rgmii_phy_if_inst/rx_ssio_ddr_inst/data_iddr_inst/iddr[1].iddr_inst
  -------------------------------------------------------------------
                         required time                          7.616    
                         arrival time                          -0.736    
  -------------------------------------------------------------------
                         slack                                  6.880    





Min Delay Paths
--------------------------------------------------------------------------------------
Slack (VIOLATED) :        -5.842ns  (arrival time - required time)
  Source:                 rgmii_rd[2]
                            (input port clocked by rgmii_rxc  {rise@0.000ns fall@4.000ns period=8.000ns})
  Destination:            u_netsec/u_mac/u_mac/eth_mac_1g_rgmii_inst/rgmii_phy_if_inst/rx_ssio_ddr_inst/data_iddr_inst/iddr[3].iddr_inst/D
                            (rising edge-triggered cell IDDRE1 clocked by rxc60_u  {rise@0.000ns fall@4.000ns period=8.000ns})
  Path Group:             rxc60_u
  Path Type:              Hold (Min at Slow Process Corner)
  Requirement:            0.000ns  (rxc60_u fall@4.000ns - rgmii_rxc fall@4.000ns)
  Data Path Delay:        2.602ns  (logic 2.572ns (98.847%)  route 0.030ns (1.153%))
  Logic Levels:           3  (IBUFCTRL=1 IDELAYE3=1 INBUF=1)
  Input Delay:            -2.500ns
  Phase Shift in Clock Latency:
    Destination Clock:    1.500ns
  Clock Path Skew:        5.606ns (DCD - SCD - CPR)
    Destination Clock Delay (DCD):    5.606ns = ( 9.606 - 4.000 ) 
    Source Clock Delay      (SCD):    0.000ns = ( 4.000 - 4.000 ) 
    Clock Pessimism Removal (CPR):    -0.000ns
  Clock Uncertainty:      0.166ns  ((TSJ^2 + DJ^2)^1/2) / 2 + PE
    Total System Jitter     (TSJ):    0.071ns
    Discrete Jitter          (DJ):    0.118ns
    Phase Error              (PE):    0.097ns
  Clock Net Delay (Destination): 2.172ns (routing 1.063ns, distribution 1.109ns)

    Location             Delay type                Incr(ns)  Path(ns)    Netlist Resource(s)
  -------------------------------------------------------------------    -------------------
                         (clock rgmii_rxc fall edge)
                                                      4.000     4.000 f  
                         input delay                 -2.500     1.500    
    F8                                                0.000     1.500 r  rgmii_rd[2] (IN)
                         net (fo=0)                   0.000     1.500    rgmii_rd_IBUF[2]_inst/I
    F8                   INBUF (Prop_INBUF_HPIOB_M_PAD_O)
                                                      0.270     1.770 r  rgmii_rd_IBUF[2]_inst/INBUF_INST/O
                         net (fo=1, routed)           0.000     1.770    rgmii_rd_IBUF[2]_inst/OUT
    F8                   IBUFCTRL (Prop_IBUFCTRL_HPIOB_M_I_O)
                                                      0.000     1.770 r  rgmii_rd_IBUF[2]_inst/IBUFCTRL_INST/O
                         net (fo=1, routed)           0.030     1.800    u_netsec/u_mac/rgmii_rd_IBUF[2]
    BITSLICE_RX_TX_X0Y190
                         IDELAYE3 (Prop_IDELAY_BITSLICE_COMPONENT_RX_TX_IDATAIN_DATAOUT)
                                                      2.302     4.102 r  u_netsec/u_mac/g_rx_idly[2].u_idly/DATAOUT
                         net (fo=1, routed)           0.000     4.102    u_netsec/u_mac/u_mac/eth_mac_1g_rgmii_inst/rgmii_phy_if_inst/rx_ssio_ddr_inst/data_iddr_inst/rx_dly[2]
    BITSLICE_RX_TX_X0Y190
                         IDDRE1                                       r  u_netsec/u_mac/u_mac/eth_mac_1g_rgmii_inst/rgmii_phy_if_inst/rx_ssio_ddr_inst/data_iddr_inst/iddr[3].iddr_inst/D
  -------------------------------------------------------------------    -------------------

                         (clock rxc60_u fall edge)    4.000     4.000 f  
    E5                                                0.000     4.000 f  rgmii_rxc (IN)
                         net (fo=0)                   0.000     4.000    rgmii_rxc_IBUF_inst/I
    E5                   INBUF (Prop_INBUF_HPIOB_M_PAD_O)
                                                      0.551     4.551 f  rgmii_rxc_IBUF_inst/INBUF_INST/O
                         net (fo=1, routed)           0.000     4.551    rgmii_rxc_IBUF_inst/OUT
    E5                   IBUFCTRL (Prop_IBUFCTRL_HPIOB_M_I_O)
                                                      0.000     4.551 f  rgmii_rxc_IBUF_inst/IBUFCTRL_INST/O
                         net (fo=2, routed)           0.334     4.885    rgmii_rxc_IBUF
    BUFGCE_X0Y80         BUFGCE (Prop_BUFCE_BUFGCE_I_O)
                                                      0.028     4.913 f  rgmii_rxc_IBUF_BUFGCE_collapsed_inst/O
                         net (fo=3793, routed)        1.934     6.847    u_netsec/u_mac/lopt
    MMCM_X0Y3            MMCME4_ADV (Prop_MMCM_CLKIN1_CLKOUT1)
                                                      0.297     7.144 f  u_netsec/u_mac/u_mmcm_rxc/CLKOUT1
                         net (fo=1, routed)           0.262     7.406    u_netsec/u_mac/u_mac/eth_mac_1g_rgmii_inst/rgmii_phy_if_inst/rx_ssio_ddr_inst/rxc60
    BUFGCE_X0Y73         BUFGCE (Prop_BUFCE_BUFGCE_I_O)
                                                      0.028     7.434 f  u_netsec/u_mac/u_mac/eth_mac_1g_rgmii_inst/rgmii_phy_if_inst/rx_ssio_ddr_inst/clk_bufg/O
    X0Y2 (CLOCK_ROOT)    net (fo=205, routed)         2.172     9.606    u_netsec/u_mac/u_mac/eth_mac_1g_rgmii_inst/rgmii_phy_if_inst/rx_ssio_ddr_inst/data_iddr_inst/error_bad_frame_reg_reg
    BITSLICE_RX_TX_X0Y190
                         IDDRE1                                       f  u_netsec/u_mac/u_mac/eth_mac_1g_rgmii_inst/rgmii_phy_if_inst/rx_ssio_ddr_inst/data_iddr_inst/iddr[3].iddr_inst/C
                         clock pessimism              0.000     9.606    
                         clock uncertainty            0.166     9.771    
    BITSLICE_RX_TX_X0Y190
                         IDDRE1 (Hold_ISERDES_BITSLICE_COMPONENT_RX_TX_C_D)
                                                      0.172     9.943    u_netsec/u_mac/u_mac/eth_mac_1g_rgmii_inst/rgmii_phy_if_inst/rx_ssio_ddr_inst/data_iddr_inst/iddr[3].iddr_inst
  -------------------------------------------------------------------
                         required time                         -9.943    
                         arrival time                           4.102    
  -------------------------------------------------------------------
                         slack                                 -5.842    





---------------------------------------------------------------------------------------------------
From Clock:  gtx_clk_u
  To Clock:  rxc60_u

Setup :            0  Failing Endpoints,  Worst Slack        3.920ns,  Total Violation        0.000ns
Hold  :            0  Failing Endpoints,  Worst Slack        0.149ns,  Total Violation        0.000ns
---------------------------------------------------------------------------------------------------


Max Delay Paths
--------------------------------------------------------------------------------------
Slack (MET) :             3.920ns  (required time - arrival time)
  Source:                 u_netsec/u_mac/u_mac/rx_fifo/fifo_inst/rd_ptr_gray_reg_reg[6]/C
                            (rising edge-triggered cell FDRE clocked by gtx_clk_u  {rise@0.000ns fall@4.000ns period=8.000ns})
  Destination:            u_netsec/u_mac/u_mac/rx_fifo/fifo_inst/rd_ptr_gray_sync1_reg_reg[6]/D
                            (rising edge-triggered cell FDRE clocked by rxc60_u  {rise@0.000ns fall@4.000ns period=8.000ns})
  Path Group:             rxc60_u
  Path Type:              Setup (Max at Slow Process Corner)
  Requirement:            8.000ns  (rxc60_u rise@8.000ns - gtx_clk_u rise@0.000ns)
  Data Path Delay:        7.217ns  (logic 0.096ns (1.330%)  route 7.121ns (98.670%))
  Logic Levels:           0  
  Phase Shift in Clock Latency:
    Destination Clock:    1.500ns
  Clock Path Skew:        3.360ns (DCD - SCD + CPR)
    Destination Clock Delay (DCD):    5.464ns = ( 13.464 - 8.000 ) 
    Source Clock Delay      (SCD):    2.104ns
    Clock Pessimism Removal (CPR):    0.000ns
  Clock Uncertainty:      0.250ns  ((TSJ^2 + DJ^2)^1/2) / 2 + PE
    Total System Jitter     (TSJ):    0.071ns
    Discrete Jitter          (DJ):    0.225ns
    Phase Error              (PE):    0.132ns
  Clock Net Delay (Source):      1.421ns (routing 0.185ns, distribution 1.236ns)
  Clock Net Delay (Destination): 1.912ns (routing 0.967ns, distribution 0.945ns)
  Clock Domain Crossing:  Inter clock paths are considered valid unless explicitly excluded by timing constraints such as set_clock_groups or set_false_path.

    Location             Delay type                Incr(ns)  Path(ns)    Netlist Resource(s)
  -------------------------------------------------------------------    -------------------
                         (clock gtx_clk_u rise edge)
                                                      0.000     0.000 r  
    AE5                                               0.000     0.000 r  sys_clk_clk_p (IN)
                         net (fo=0)                   0.000     0.000    u_netsec/u_ibuf_sys/I
    HPIOBDIFFINBUF_X0Y35 DIFFINBUF (Prop_DIFFINBUF_HPIOBDIFFINBUF_DIFF_IN_P_O)
                                                      0.523     0.523 r  u_netsec/u_ibuf_sys/DIFFINBUF_INST/O
                         net (fo=1, routed)           0.050     0.573    u_netsec/u_ibuf_sys/OUT
    AE5                  IBUFCTRL (Prop_IBUFCTRL_HPIOB_M_I_O)
                                                      0.000     0.573 r  u_netsec/u_ibuf_sys/IBUFCTRL_INST/O
                         net (fo=2, routed)           0.334     0.907    u_netsec/u_mac/sys_clk_200m
    BUFGCE_X0Y26         BUFGCE (Prop_BUFCE_BUFGCE_I_O)
                                                      0.028     0.935 r  u_netsec/u_mac/u_bufg_sys/O
                         net (fo=10, routed)          1.048     1.983    u_netsec/u_mac/sys_clk_buf
    MMCM_X0Y1            MMCME4_ADV (Prop_MMCM_CLKIN1_CLKOUT0)
                                                     -1.583     0.400 r  u_netsec/u_mac/u_mmcm/CLKOUT0
                         net (fo=1, routed)           0.255     0.655    u_netsec/u_mac/gtx_clk_u
    BUFGCE_X0Y38         BUFGCE (Prop_BUFCE_BUFGCE_I_O)
                                                      0.028     0.683 r  u_netsec/u_mac/u_bufg_gtx/O
    X1Y1 (CLOCK_ROOT)    net (fo=26915, routed)       1.421     2.104    u_netsec/u_mac/u_mac/rx_fifo/fifo_inst/rd_ptr_reg_reg[11]_0
    SLICE_X3Y116         FDRE                                         r  u_netsec/u_mac/u_mac/rx_fifo/fifo_inst/rd_ptr_gray_reg_reg[6]/C
  -------------------------------------------------------------------    -------------------
    SLICE_X3Y116         FDRE (Prop_DFF_SLICEL_C_Q)
                                                      0.096     2.200 r  u_netsec/u_mac/u_mac/rx_fifo/fifo_inst/rd_ptr_gray_reg_reg[6]/Q
                         net (fo=1, routed)           7.121     9.321    u_netsec/u_mac/u_mac/rx_fifo/fifo_inst/rd_ptr_gray_reg[6]
    SLICE_X4Y116         FDRE                                         r  u_netsec/u_mac/u_mac/rx_fifo/fifo_inst/rd_ptr_gray_sync1_reg_reg[6]/D
  -------------------------------------------------------------------    -------------------

                         (clock rxc60_u rise edge)    8.000     8.000 r  
    E5                                                0.000     8.000 r  rgmii_rxc (IN)
                         net (fo=0)                   0.000     8.000    rgmii_rxc_IBUF_inst/I
    E5                   INBUF (Prop_INBUF_HPIOB_M_PAD_O)
                                                      0.284     8.284 r  rgmii_rxc_IBUF_inst/INBUF_INST/O
                         net (fo=1, routed)           0.000     8.284    rgmii_rxc_IBUF_inst/OUT
    E5                   IBUFCTRL (Prop_IBUFCTRL_HPIOB_M_I_O)
                                                      0.000     8.284 r  rgmii_rxc_IBUF_inst/IBUFCTRL_INST/O
                         net (fo=2, routed)           0.296     8.580    rgmii_rxc_IBUF
    BUFGCE_X0Y80         BUFGCE (Prop_BUFCE_BUFGCE_I_O)
                                                      0.024     8.604 r  rgmii_rxc_IBUF_BUFGCE_collapsed_inst/O
                         net (fo=3793, routed)        1.731    10.335    u_netsec/u_mac/lopt
    MMCM_X0Y3            MMCME4_ADV (Prop_MMCM_CLKIN1_CLKOUT1)
                                                      0.960    11.295 r  u_netsec/u_mac/u_mmcm_rxc/CLKOUT1
                         net (fo=1, routed)           0.233    11.528    u_netsec/u_mac/u_mac/eth_mac_1g_rgmii_inst/rgmii_phy_if_inst/rx_ssio_ddr_inst/rxc60
    BUFGCE_X0Y73         BUFGCE (Prop_BUFCE_BUFGCE_I_O)
                                                      0.024    11.552 r  u_netsec/u_mac/u_mac/eth_mac_1g_rgmii_inst/rgmii_phy_if_inst/rx_ssio_ddr_inst/clk_bufg/O
    X0Y2 (CLOCK_ROOT)    net (fo=205, routed)         1.912    13.464    u_netsec/u_mac/u_mac/rx_fifo/fifo_inst/CLK
    SLICE_X4Y116         FDRE                                         r  u_netsec/u_mac/u_mac/rx_fifo/fifo_inst/rd_ptr_gray_sync1_reg_reg[6]/C
                         clock pessimism              0.000    13.464    
                         clock uncertainty           -0.250    13.213    
    SLICE_X4Y116         FDRE (Setup_FFF_SLICEM_C_D)
                                                      0.027    13.240    u_netsec/u_mac/u_mac/rx_fifo/fifo_inst/rd_ptr_gray_sync1_reg_reg[6]
  -------------------------------------------------------------------
                         required time                         13.240    
                         arrival time                          -9.321    
  -------------------------------------------------------------------
                         slack                                  3.920    





Min Delay Paths
--------------------------------------------------------------------------------------
Slack (MET) :             0.149ns  (arrival time - required time)
  Source:                 u_netsec/u_mac/u_mac/rx_fifo/fifo_inst/rd_ptr_gray_reg_reg[7]/C
                            (rising edge-triggered cell FDRE clocked by gtx_clk_u  {rise@0.000ns fall@4.000ns period=8.000ns})
  Destination:            u_netsec/u_mac/u_mac/rx_fifo/fifo_inst/rd_ptr_gray_sync1_reg_reg[7]/D
                            (rising edge-triggered cell FDRE clocked by rxc60_u  {rise@0.000ns fall@4.000ns period=8.000ns})
  Path Group:             rxc60_u
  Path Type:              Hold (Min at Fast Process Corner)
  Requirement:            0.000ns  (rxc60_u rise@0.000ns - gtx_clk_u rise@0.000ns)
  Data Path Delay:        2.937ns  (logic 0.039ns (1.328%)  route 2.898ns (98.672%))
  Logic Levels:           0  
  Phase Shift in Clock Latency:
    Destination Clock:    1.500ns
  Clock Path Skew:        2.490ns (DCD - SCD - CPR)
    Destination Clock Delay (DCD):    3.802ns
    Source Clock Delay      (SCD):    1.311ns
    Clock Pessimism Removal (CPR):    -0.000ns
  Clock Uncertainty:      0.250ns  ((TSJ^2 + DJ^2)^1/2) / 2 + PE
    Total System Jitter     (TSJ):    0.071ns
    Discrete Jitter          (DJ):    0.225ns
    Phase Error              (PE):    0.132ns
  Clock Net Delay (Source):      0.733ns (routing 0.096ns, distribution 0.637ns)
  Clock Net Delay (Destination): 1.242ns (routing 0.606ns, distribution 0.636ns)
  Clock Domain Crossing:  Inter clock paths are considered valid unless explicitly excluded by timing constraints such as set_clock_groups or set_false_path.

    Location             Delay type                Incr(ns)  Path(ns)    Netlist Resource(s)
  -------------------------------------------------------------------    -------------------
                         (clock gtx_clk_u rise edge)
                                                      0.000     0.000 r  
    AE5                                               0.000     0.000 r  sys_clk_clk_p (IN)
                         net (fo=0)                   0.000     0.000    u_netsec/u_ibuf_sys/I
    HPIOBDIFFINBUF_X0Y35 DIFFINBUF (Prop_DIFFINBUF_HPIOBDIFFINBUF_DIFF_IN_P_O)
                                                      0.273     0.273 r  u_netsec/u_ibuf_sys/DIFFINBUF_INST/O
                         net (fo=1, routed)           0.040     0.313    u_netsec/u_ibuf_sys/OUT
    AE5                  IBUFCTRL (Prop_IBUFCTRL_HPIOB_M_I_O)
                                                      0.000     0.313 r  u_netsec/u_ibuf_sys/IBUFCTRL_INST/O
                         net (fo=2, routed)           0.144     0.457    u_netsec/u_mac/sys_clk_200m
    BUFGCE_X0Y26         BUFGCE (Prop_BUFCE_BUFGCE_I_O)
                                                      0.017     0.474 r  u_netsec/u_mac/u_bufg_sys/O
                         net (fo=10, routed)          0.547     1.021    u_netsec/u_mac/sys_clk_buf
    MMCM_X0Y1            MMCME4_ADV (Prop_MMCM_CLKIN1_CLKOUT0)
                                                     -0.605     0.416 r  u_netsec/u_mac/u_mmcm/CLKOUT0
                         net (fo=1, routed)           0.145     0.561    u_netsec/u_mac/gtx_clk_u
    BUFGCE_X0Y38         BUFGCE (Prop_BUFCE_BUFGCE_I_O)
                                                      0.017     0.578 r  u_netsec/u_mac/u_bufg_gtx/O
    X1Y1 (CLOCK_ROOT)    net (fo=26915, routed)       0.733     1.311    u_netsec/u_mac/u_mac/rx_fifo/fifo_inst/rd_ptr_reg_reg[11]_0
    SLICE_X3Y116         FDRE                                         r  u_netsec/u_mac/u_mac/rx_fifo/fifo_inst/rd_ptr_gray_reg_reg[7]/C
  -------------------------------------------------------------------    -------------------
    SLICE_X3Y116         FDRE (Prop_CFF_SLICEL_C_Q)
                                                      0.039     1.350 r  u_netsec/u_mac/u_mac/rx_fifo/fifo_inst/rd_ptr_gray_reg_reg[7]/Q
                         net (fo=1, routed)           2.898     4.248    u_netsec/u_mac/u_mac/rx_fifo/fifo_inst/rd_ptr_gray_reg[7]
    SLICE_X3Y116         FDRE                                         r  u_netsec/u_mac/u_mac/rx_fifo/fifo_inst/rd_ptr_gray_sync1_reg_reg[7]/D
  -------------------------------------------------------------------    -------------------

                         (clock rxc60_u rise edge)    0.000     0.000 r  
    E5                                                0.000     0.000 r  rgmii_rxc (IN)
                         net (fo=0)                   0.000     0.000    rgmii_rxc_IBUF_inst/I
    E5                   INBUF (Prop_INBUF_HPIOB_M_PAD_O)
                                                      0.344     0.344 r  rgmii_rxc_IBUF_inst/INBUF_INST/O
                         net (fo=1, routed)           0.000     0.344    rgmii_rxc_IBUF_inst/OUT
    E5                   IBUFCTRL (Prop_IBUFCTRL_HPIOB_M_I_O)
                                                      0.000     0.344 r  rgmii_rxc_IBUF_inst/IBUFCTRL_INST/O
                         net (fo=2, routed)           0.181     0.525    rgmii_rxc_IBUF
    BUFGCE_X0Y80         BUFGCE (Prop_BUFCE_BUFGCE_I_O)
                                                      0.019     0.544 r  rgmii_rxc_IBUF_BUFGCE_collapsed_inst/O
                         net (fo=3793, routed)        1.114     1.658    u_netsec/u_mac/lopt
    MMCM_X0Y3            MMCME4_ADV (Prop_MMCM_CLKIN1_CLKOUT1)
                                                      0.713     2.371 r  u_netsec/u_mac/u_mmcm_rxc/CLKOUT1
                         net (fo=1, routed)           0.170     2.541    u_netsec/u_mac/u_mac/eth_mac_1g_rgmii_inst/rgmii_phy_if_inst/rx_ssio_ddr_inst/rxc60
    BUFGCE_X0Y73         BUFGCE (Prop_BUFCE_BUFGCE_I_O)
                                                      0.019     2.560 r  u_netsec/u_mac/u_mac/eth_mac_1g_rgmii_inst/rgmii_phy_if_inst/rx_ssio_ddr_inst/clk_bufg/O
    X0Y2 (CLOCK_ROOT)    net (fo=205, routed)         1.242     3.802    u_netsec/u_mac/u_mac/rx_fifo/fifo_inst/CLK
    SLICE_X3Y116         FDRE                                         r  u_netsec/u_mac/u_mac/rx_fifo/fifo_inst/rd_ptr_gray_sync1_reg_reg[7]/C
                         clock pessimism              0.000     3.802    
                         clock uncertainty            0.250     4.052    
    SLICE_X3Y116         FDRE (Hold_FFF2_SLICEL_C_D)
                                                      0.047     4.099    u_netsec/u_mac/u_mac/rx_fifo/fifo_inst/rd_ptr_gray_sync1_reg_reg[7]
  -------------------------------------------------------------------
                         required time                         -4.099    
                         arrival time                           4.248    
  -------------------------------------------------------------------
                         slack                                  0.149    





---------------------------------------------------------------------------------------------------
From Clock:  rxc60_u
  To Clock:  gtx_clk_u

Setup :            0  Failing Endpoints,  Worst Slack        3.701ns,  Total Violation        0.000ns
Hold  :            0  Failing Endpoints,  Worst Slack        2.311ns,  Total Violation        0.000ns
---------------------------------------------------------------------------------------------------


Max Delay Paths
--------------------------------------------------------------------------------------
Slack (MET) :             3.701ns  (required time - arrival time)
  Source:                 u_netsec/u_mac/u_mac/eth_mac_1g_rgmii_inst/rx_prescale_reg[2]/C
                            (rising edge-triggered cell FDRE clocked by rxc60_u  {rise@0.000ns fall@4.000ns period=8.000ns})
  Destination:            u_netsec/u_mac/u_mac/eth_mac_1g_rgmii_inst/rx_prescale_sync_reg[0]/D
                            (rising edge-triggered cell FDRE clocked by gtx_clk_u  {rise@0.000ns fall@4.000ns period=8.000ns})
  Path Group:             gtx_clk_u
  Path Type:              Setup (Max at Slow Process Corner)
  Requirement:            8.000ns  (gtx_clk_u rise@8.000ns - rxc60_u rise@0.000ns)
  Data Path Delay:        0.449ns  (logic 0.098ns (21.826%)  route 0.351ns (78.174%))
  Logic Levels:           0  
  Phase Shift in Clock Latency:
    Source Clock:         1.500ns
  Clock Path Skew:        -3.626ns (DCD - SCD + CPR)
    Destination Clock Delay (DCD):    2.148ns = ( 10.148 - 8.000 ) 
    Source Clock Delay      (SCD):    5.775ns
    Clock Pessimism Removal (CPR):    0.000ns
  Clock Uncertainty:      0.250ns  ((TSJ^2 + DJ^2)^1/2) / 2 + PE
    Total System Jitter     (TSJ):    0.071ns
    Discrete Jitter          (DJ):    0.225ns
    Phase Error              (PE):    0.132ns
  Clock Net Delay (Source):      2.341ns (routing 1.063ns, distribution 1.278ns)
  Clock Net Delay (Destination): 1.142ns (routing 0.170ns, distribution 0.972ns)
  Clock Domain Crossing:  Inter clock paths are considered valid unless explicitly excluded by timing constraints such as set_clock_groups or set_false_path.

    Location             Delay type                Incr(ns)  Path(ns)    Netlist Resource(s)
  -------------------------------------------------------------------    -------------------
                         (clock rxc60_u rise edge)    0.000     0.000 r  
    E5                                                0.000     0.000 r  rgmii_rxc (IN)
                         net (fo=0)                   0.000     0.000    rgmii_rxc_IBUF_inst/I
    E5                   INBUF (Prop_INBUF_HPIOB_M_PAD_O)
                                                      0.551     0.551 r  rgmii_rxc_IBUF_inst/INBUF_INST/O
                         net (fo=1, routed)           0.000     0.551    rgmii_rxc_IBUF_inst/OUT
    E5                   IBUFCTRL (Prop_IBUFCTRL_HPIOB_M_I_O)
                                                      0.000     0.551 r  rgmii_rxc_IBUF_inst/IBUFCTRL_INST/O
                         net (fo=2, routed)           0.334     0.885    rgmii_rxc_IBUF
    BUFGCE_X0Y80         BUFGCE (Prop_BUFCE_BUFGCE_I_O)
                                                      0.028     0.913 r  rgmii_rxc_IBUF_BUFGCE_collapsed_inst/O
                         net (fo=3793, routed)        1.934     2.847    u_netsec/u_mac/lopt
    MMCM_X0Y3            MMCME4_ADV (Prop_MMCM_CLKIN1_CLKOUT1)
                                                      0.297     3.144 r  u_netsec/u_mac/u_mmcm_rxc/CLKOUT1
                         net (fo=1, routed)           0.262     3.406    u_netsec/u_mac/u_mac/eth_mac_1g_rgmii_inst/rgmii_phy_if_inst/rx_ssio_ddr_inst/rxc60
    BUFGCE_X0Y73         BUFGCE (Prop_BUFCE_BUFGCE_I_O)
                                                      0.028     3.434 r  u_netsec/u_mac/u_mac/eth_mac_1g_rgmii_inst/rgmii_phy_if_inst/rx_ssio_ddr_inst/clk_bufg/O
    X0Y2 (CLOCK_ROOT)    net (fo=205, routed)         2.341     5.775    u_netsec/u_mac/u_mac/eth_mac_1g_rgmii_inst/CLK
    SLICE_X23Y234        FDRE                                         r  u_netsec/u_mac/u_mac/eth_mac_1g_rgmii_inst/rx_prescale_reg[2]/C
  -------------------------------------------------------------------    -------------------
    SLICE_X23Y234        FDRE (Prop_DFF2_SLICEL_C_Q)
                                                      0.098     5.873 r  u_netsec/u_mac/u_mac/eth_mac_1g_rgmii_inst/rx_prescale_reg[2]/Q
                         net (fo=2, routed)           0.351     6.224    u_netsec/u_mac/u_mac/eth_mac_1g_rgmii_inst/rx_prescale[2]
    SLICE_X23Y234        FDRE                                         r  u_netsec/u_mac/u_mac/eth_mac_1g_rgmii_inst/rx_prescale_sync_reg[0]/D
  -------------------------------------------------------------------    -------------------

                         (clock gtx_clk_u rise edge)
                                                      8.000     8.000 r  
    AE5                                               0.000     8.000 r  sys_clk_clk_p (IN)
                         net (fo=0)                   0.000     8.000    u_netsec/u_ibuf_sys/I
    HPIOBDIFFINBUF_X0Y35 DIFFINBUF (Prop_DIFFINBUF_HPIOBDIFFINBUF_DIFF_IN_P_O)
                                                      0.441     8.441 r  u_netsec/u_ibuf_sys/DIFFINBUF_INST/O
                         net (fo=1, routed)           0.040     8.481    u_netsec/u_ibuf_sys/OUT
    AE5                  IBUFCTRL (Prop_IBUFCTRL_HPIOB_M_I_O)
                                                      0.000     8.481 r  u_netsec/u_ibuf_sys/IBUFCTRL_INST/O
                         net (fo=2, routed)           0.296     8.777    u_netsec/u_mac/sys_clk_200m
    BUFGCE_X0Y26         BUFGCE (Prop_BUFCE_BUFGCE_I_O)
                                                      0.024     8.801 r  u_netsec/u_mac/u_bufg_sys/O
                         net (fo=10, routed)          0.927     9.728    u_netsec/u_mac/sys_clk_buf
    MMCM_X0Y1            MMCME4_ADV (Prop_MMCM_CLKIN1_CLKOUT0)
                                                     -0.973     8.755 r  u_netsec/u_mac/u_mmcm/CLKOUT0
                         net (fo=1, routed)           0.227     8.982    u_netsec/u_mac/gtx_clk_u
    BUFGCE_X0Y38         BUFGCE (Prop_BUFCE_BUFGCE_I_O)
                                                      0.024     9.006 r  u_netsec/u_mac/u_bufg_gtx/O
    X1Y1 (CLOCK_ROOT)    net (fo=26915, routed)       1.142    10.148    u_netsec/u_mac/u_mac/eth_mac_1g_rgmii_inst/rgmii_tx_clk_1_reg
    SLICE_X23Y234        FDRE                                         r  u_netsec/u_mac/u_mac/eth_mac_1g_rgmii_inst/rx_prescale_sync_reg[0]/C
                         clock pessimism              0.000    10.148    
                         clock uncertainty           -0.250     9.898    
    SLICE_X23Y234        FDRE (Setup_EFF_SLICEL_C_D)
                                                      0.027     9.925    u_netsec/u_mac/u_mac/eth_mac_1g_rgmii_inst/rx_prescale_sync_reg[0]
  -------------------------------------------------------------------
                         required time                          9.925    
                         arrival time                          -6.224    
  -------------------------------------------------------------------
                         slack                                  3.701    





Min Delay Paths
--------------------------------------------------------------------------------------
Slack (MET) :             2.311ns  (arrival time - required time)
  Source:                 u_netsec/u_mac/u_mac/rx_fifo/fifo_inst/wr_ptr_sync_commit_reg_reg[7]/C
                            (rising edge-triggered cell FDRE clocked by rxc60_u  {rise@0.000ns fall@4.000ns period=8.000ns})
  Destination:            u_netsec/u_mac/u_mac/rx_fifo/fifo_inst/wr_ptr_commit_sync_reg_reg[7]/D
                            (rising edge-triggered cell FDRE clocked by gtx_clk_u  {rise@0.000ns fall@4.000ns period=8.000ns})
  Path Group:             gtx_clk_u
  Path Type:              Hold (Min at Fast Process Corner)
  Requirement:            0.000ns  (gtx_clk_u rise@0.000ns - rxc60_u rise@0.000ns)
  Data Path Delay:        0.104ns  (logic 0.039ns (37.500%)  route 0.065ns (62.500%))
  Logic Levels:           0  
  Phase Shift in Clock Latency:
    Source Clock:         1.500ns
  Clock Path Skew:        -2.503ns (DCD - SCD - CPR)
    Destination Clock Delay (DCD):    1.240ns
    Source Clock Delay      (SCD):    3.743ns
    Clock Pessimism Removal (CPR):    -0.000ns
  Clock Uncertainty:      0.250ns  ((TSJ^2 + DJ^2)^1/2) / 2 + PE
    Total System Jitter     (TSJ):    0.071ns
    Discrete Jitter          (DJ):    0.225ns
    Phase Error              (PE):    0.132ns
  Clock Net Delay (Source):      1.106ns (routing 0.542ns, distribution 0.564ns)
  Clock Net Delay (Destination): 0.839ns (routing 0.108ns, distribution 0.731ns)
  Clock Domain Crossing:  Inter clock paths are considered valid unless explicitly excluded by timing constraints such as set_clock_groups or set_false_path.

    Location             Delay type                Incr(ns)  Path(ns)    Netlist Resource(s)
  -------------------------------------------------------------------    -------------------
                         (clock rxc60_u rise edge)    0.000     0.000 r  
    E5                                                0.000     0.000 r  rgmii_rxc (IN)
                         net (fo=0)                   0.000     0.000    rgmii_rxc_IBUF_inst/I
    E5                   INBUF (Prop_INBUF_HPIOB_M_PAD_O)
                                                      0.159     0.159 r  rgmii_rxc_IBUF_inst/INBUF_INST/O
                         net (fo=1, routed)           0.000     0.159    rgmii_rxc_IBUF_inst/OUT
    E5                   IBUFCTRL (Prop_IBUFCTRL_HPIOB_M_I_O)
                                                      0.000     0.159 r  rgmii_rxc_IBUF_inst/IBUFCTRL_INST/O
                         net (fo=2, routed)           0.144     0.303    rgmii_rxc_IBUF
    BUFGCE_X0Y80         BUFGCE (Prop_BUFCE_BUFGCE_I_O)
                                                      0.017     0.320 r  rgmii_rxc_IBUF_BUFGCE_collapsed_inst/O
                         net (fo=3793, routed)        0.990     1.310    u_netsec/u_mac/lopt
    MMCM_X0Y3            MMCME4_ADV (Prop_MMCM_CLKIN1_CLKOUT1)
                                                      1.161     2.471 r  u_netsec/u_mac/u_mmcm_rxc/CLKOUT1
                         net (fo=1, routed)           0.149     2.620    u_netsec/u_mac/u_mac/eth_mac_1g_rgmii_inst/rgmii_phy_if_inst/rx_ssio_ddr_inst/rxc60
    BUFGCE_X0Y73         BUFGCE (Prop_BUFCE_BUFGCE_I_O)
                                                      0.017     2.637 r  u_netsec/u_mac/u_mac/eth_mac_1g_rgmii_inst/rgmii_phy_if_inst/rx_ssio_ddr_inst/clk_bufg/O
    X0Y2 (CLOCK_ROOT)    net (fo=205, routed)         1.106     3.743    u_netsec/u_mac/u_mac/rx_fifo/fifo_inst/CLK
    SLICE_X6Y115         FDRE                                         r  u_netsec/u_mac/u_mac/rx_fifo/fifo_inst/wr_ptr_sync_commit_reg_reg[7]/C
  -------------------------------------------------------------------    -------------------
    SLICE_X6Y115         FDRE (Prop_BFF_SLICEL_C_Q)
                                                      0.039     3.782 r  u_netsec/u_mac/u_mac/rx_fifo/fifo_inst/wr_ptr_sync_commit_reg_reg[7]/Q
                         net (fo=1, routed)           0.065     3.847    u_netsec/u_mac/u_mac/rx_fifo/fifo_inst/wr_ptr_sync_commit_reg[7]
    SLICE_X6Y115         FDRE                                         r  u_netsec/u_mac/u_mac/rx_fifo/fifo_inst/wr_ptr_commit_sync_reg_reg[7]/D
  -------------------------------------------------------------------    -------------------

                         (clock gtx_clk_u rise edge)
                                                      0.000     0.000 r  
    AE5                                               0.000     0.000 r  sys_clk_clk_p (IN)
                         net (fo=0)                   0.000     0.000    u_netsec/u_ibuf_sys/I
    HPIOBDIFFINBUF_X0Y35 DIFFINBUF (Prop_DIFFINBUF_HPIOBDIFFINBUF_DIFF_IN_P_O)
                                                      0.372     0.372 r  u_netsec/u_ibuf_sys/DIFFINBUF_INST/O
                         net (fo=1, routed)           0.050     0.422    u_netsec/u_ibuf_sys/OUT
    AE5                  IBUFCTRL (Prop_IBUFCTRL_HPIOB_M_I_O)
                                                      0.000     0.422 r  u_netsec/u_ibuf_sys/IBUFCTRL_INST/O
                         net (fo=2, routed)           0.181     0.603    u_netsec/u_mac/sys_clk_200m
    BUFGCE_X0Y26         BUFGCE (Prop_BUFCE_BUFGCE_I_O)
                                                      0.019     0.622 r  u_netsec/u_mac/u_bufg_sys/O
                         net (fo=10, routed)          0.617     1.239    u_netsec/u_mac/sys_clk_buf
    MMCM_X0Y1            MMCME4_ADV (Prop_MMCM_CLKIN1_CLKOUT0)
                                                     -1.022     0.217 r  u_netsec/u_mac/u_mmcm/CLKOUT0
                         net (fo=1, routed)           0.165     0.382    u_netsec/u_mac/gtx_clk_u
    BUFGCE_X0Y38         BUFGCE (Prop_BUFCE_BUFGCE_I_O)
                                                      0.019     0.401 r  u_netsec/u_mac/u_bufg_gtx/O
    X1Y1 (CLOCK_ROOT)    net (fo=26915, routed)       0.839     1.240    u_netsec/u_mac/u_mac/rx_fifo/fifo_inst/rd_ptr_reg_reg[11]_0
    SLICE_X6Y115         FDRE                                         r  u_netsec/u_mac/u_mac/rx_fifo/fifo_inst/wr_ptr_commit_sync_reg_reg[7]/C
                         clock pessimism              0.000     1.240    
                         clock uncertainty            0.250     1.490    
    SLICE_X6Y115         FDRE (Hold_FFF_SLICEL_C_D)
                                                      0.046     1.536    u_netsec/u_mac/u_mac/rx_fifo/fifo_inst/wr_ptr_commit_sync_reg_reg[7]
  -------------------------------------------------------------------
                         required time                         -1.536    
                         arrival time                           3.847    
  -------------------------------------------------------------------
                         slack                                  2.311    





---------------------------------------------------------------------------------------------------
Path Group:  **async_default**
From Clock:  axi_clk
  To Clock:  axi_clk

Setup :            0  Failing Endpoints,  Worst Slack        5.989ns,  Total Violation        0.000ns
Hold  :            0  Failing Endpoints,  Worst Slack        1.395ns,  Total Violation        0.000ns
---------------------------------------------------------------------------------------------------


Max Delay Paths
--------------------------------------------------------------------------------------
Slack (MET) :             5.989ns  (required time - arrival time)
  Source:                 u_netsec/por_cnt_reg[0]/C
                            (rising edge-triggered cell FDRE clocked by axi_clk  {rise@0.000ns fall@5.000ns period=10.000ns})
  Destination:            u_netsec/hb_reg[0]/CLR
                            (recovery check against rising-edge clock axi_clk  {rise@0.000ns fall@5.000ns period=10.000ns})
  Path Group:             **async_default**
  Path Type:              Recovery (Max at Slow Process Corner)
  Requirement:            10.000ns  (axi_clk rise@10.000ns - axi_clk rise@0.000ns)
  Data Path Delay:        3.731ns  (logic 0.368ns (9.863%)  route 3.363ns (90.137%))
  Logic Levels:           3  (BUFGCE=1 LUT3=1 LUT6=1)
  Clock Path Skew:        -0.173ns (DCD - SCD + CPR)
    Destination Clock Delay (DCD):    2.190ns = ( 12.190 - 10.000 ) 
    Source Clock Delay      (SCD):    2.531ns
    Clock Pessimism Removal (CPR):    0.167ns
  Clock Uncertainty:      0.035ns  ((TSJ^2 + TIJ^2)^1/2 + DJ) / 2 + PE
    Total System Jitter     (TSJ):    0.071ns
    Total Input Jitter      (TIJ):    0.000ns
    Discrete Jitter          (DJ):    0.000ns
    Phase Error              (PE):    0.000ns
  Clock Net Delay (Source):      1.472ns (routing 0.211ns, distribution 1.261ns)
  Clock Net Delay (Destination): 1.281ns (routing 0.193ns, distribution 1.088ns)

    Location             Delay type                Incr(ns)  Path(ns)    Netlist Resource(s)
  -------------------------------------------------------------------    -------------------
                         (clock axi_clk rise edge)    0.000     0.000 r  
    AE5                                               0.000     0.000 r  sys_clk_clk_p (IN)
                         net (fo=0)                   0.000     0.000    u_netsec/u_ibuf_sys/I
    HPIOBDIFFINBUF_X0Y35 DIFFINBUF (Prop_DIFFINBUF_HPIOBDIFFINBUF_DIFF_IN_P_O)
                                                      0.523     0.523 r  u_netsec/u_ibuf_sys/DIFFINBUF_INST/O
                         net (fo=1, routed)           0.050     0.573    u_netsec/u_ibuf_sys/OUT
    AE5                  IBUFCTRL (Prop_IBUFCTRL_HPIOB_M_I_O)
                                                      0.000     0.573 r  u_netsec/u_ibuf_sys/IBUFCTRL_INST/O
                         net (fo=2, routed)           0.335     0.908    u_netsec/sys_clk_200m
    BUFGCE_DIV_X0Y4      BUFGCE_DIV (Prop_BUFGCE_DIV_I_O)
                                                      0.151     1.059 r  u_netsec/u_axi_div/O
    X1Y1 (CLOCK_ROOT)    net (fo=3478, routed)        1.472     2.531    u_netsec/axi_clk
    SLICE_X11Y157        FDRE                                         r  u_netsec/por_cnt_reg[0]/C
  -------------------------------------------------------------------    -------------------
    SLICE_X11Y157        FDRE (Prop_BFF2_SLICEL_C_Q)
                                                      0.098     2.629 r  u_netsec/por_cnt_reg[0]/Q
                         net (fo=7, routed)           0.194     2.823    u_netsec/u_regs/s_axi_awready_reg_0[0]
    SLICE_X11Y157        LUT6 (Prop_G6LUT_SLICEL_I2_O)
                                                      0.178     3.001 f  u_netsec/u_regs/design_1_i_i_2/O
                         net (fo=4, routed)           0.051     3.052    u_netsec/u_regs/por_cnt_reg[4]
    SLICE_X11Y157        LUT3 (Prop_H6LUT_SLICEL_I1_O)
                                                      0.064     3.116 f  u_netsec/u_regs/s_axi_bvalid_i_2/O
                         net (fo=3, routed)           1.408     4.524    u_netsec/u_regs/sel_bufg_place
    BUFGCE_X0Y76         BUFGCE (Prop_BUFCE_BUFGCE_I_O)
                                                      0.028     4.552 f  u_netsec/u_regs/s_axi_bvalid_i_2_bufg_place/O
                         net (fo=2286, routed)        1.710     6.262    u_netsec/sel
    SLICE_X11Y57         FDCE                                         f  u_netsec/hb_reg[0]/CLR
  -------------------------------------------------------------------    -------------------

                         (clock axi_clk rise edge)   10.000    10.000 r  
    AE5                                               0.000    10.000 r  sys_clk_clk_p (IN)
                         net (fo=0)                   0.000    10.000    u_netsec/u_ibuf_sys/I
    HPIOBDIFFINBUF_X0Y35 DIFFINBUF (Prop_DIFFINBUF_HPIOBDIFFINBUF_DIFF_IN_P_O)
                                                      0.441    10.441 r  u_netsec/u_ibuf_sys/DIFFINBUF_INST/O
                         net (fo=1, routed)           0.040    10.481    u_netsec/u_ibuf_sys/OUT
    AE5                  IBUFCTRL (Prop_IBUFCTRL_HPIOB_M_I_O)
                                                      0.000    10.481 r  u_netsec/u_ibuf_sys/IBUFCTRL_INST/O
                         net (fo=2, routed)           0.297    10.778    u_netsec/sys_clk_200m
    BUFGCE_DIV_X0Y4      BUFGCE_DIV (Prop_BUFGCE_DIV_I_O)
                                                      0.131    10.909 r  u_netsec/u_axi_div/O
    X1Y1 (CLOCK_ROOT)    net (fo=3478, routed)        1.281    12.190    u_netsec/axi_clk
    SLICE_X11Y57         FDCE                                         r  u_netsec/hb_reg[0]/C
                         clock pessimism              0.167    12.358    
                         clock uncertainty           -0.035    12.322    
    SLICE_X11Y57         FDCE (Recov_AFF_SLICEL_C_CLR)
                                                     -0.072    12.250    u_netsec/hb_reg[0]
  -------------------------------------------------------------------
                         required time                         12.250    
                         arrival time                          -6.262    
  -------------------------------------------------------------------
                         slack                                  5.989    





Min Delay Paths
--------------------------------------------------------------------------------------
Slack (MET) :             1.395ns  (arrival time - required time)
  Source:                 u_netsec/por_cnt_reg[7]/C
                            (rising edge-triggered cell FDRE clocked by axi_clk  {rise@0.000ns fall@5.000ns period=10.000ns})
  Destination:            u_netsec/u_regs/w_ok_reg/CLR
                            (removal check against rising-edge clock axi_clk  {rise@0.000ns fall@5.000ns period=10.000ns})
  Path Group:             **async_default**
  Path Type:              Removal (Min at Fast Process Corner)
  Requirement:            0.000ns  (axi_clk rise@0.000ns - axi_clk rise@0.000ns)
  Data Path Delay:        1.487ns  (logic 0.106ns (7.128%)  route 1.381ns (92.872%))
  Logic Levels:           2  (BUFGCE=1 LUT3=1)
  Clock Path Skew:        0.112ns (DCD - SCD - CPR)
    Destination Clock Delay (DCD):    1.586ns
    Source Clock Delay      (SCD):    1.306ns
    Clock Pessimism Removal (CPR):    0.167ns
  Clock Net Delay (Source):      0.760ns (routing 0.110ns, distribution 0.650ns)
  Clock Net Delay (Destination): 0.884ns (routing 0.122ns, distribution 0.762ns)

    Location             Delay type                Incr(ns)  Path(ns)    Netlist Resource(s)
  -------------------------------------------------------------------    -------------------
                         (clock axi_clk rise edge)    0.000     0.000 r  
    AE5                                               0.000     0.000 r  sys_clk_clk_p (IN)
                         net (fo=0)                   0.000     0.000    u_netsec/u_ibuf_sys/I
    HPIOBDIFFINBUF_X0Y35 DIFFINBUF (Prop_DIFFINBUF_HPIOBDIFFINBUF_DIFF_IN_P_O)
                                                      0.273     0.273 r  u_netsec/u_ibuf_sys/DIFFINBUF_INST/O
                         net (fo=1, routed)           0.040     0.313    u_netsec/u_ibuf_sys/OUT
    AE5                  IBUFCTRL (Prop_IBUFCTRL_HPIOB_M_I_O)
                                                      0.000     0.313 r  u_netsec/u_ibuf_sys/IBUFCTRL_INST/O
                         net (fo=2, routed)           0.144     0.457    u_netsec/sys_clk_200m
    BUFGCE_DIV_X0Y4      BUFGCE_DIV (Prop_BUFGCE_DIV_I_O)
                                                      0.089     0.546 r  u_netsec/u_axi_div/O
    X1Y1 (CLOCK_ROOT)    net (fo=3478, routed)        0.760     1.306    u_netsec/axi_clk
    SLICE_X11Y157        FDRE                                         r  u_netsec/por_cnt_reg[7]/C
  -------------------------------------------------------------------    -------------------
    SLICE_X11Y157        FDRE (Prop_EFF_SLICEL_C_Q)
                                                      0.039     1.345 r  u_netsec/por_cnt_reg[7]/Q
                         net (fo=3, routed)           0.051     1.396    u_netsec/u_regs/s_axi_awready_reg_0[7]
    SLICE_X11Y157        LUT3 (Prop_H6LUT_SLICEL_I2_O)
                                                      0.050     1.446 f  u_netsec/u_regs/s_axi_bvalid_i_2/O
                         net (fo=3, routed)           0.673     2.119    u_netsec/u_regs/sel_bufg_place
    BUFGCE_X0Y76         BUFGCE (Prop_BUFCE_BUFGCE_I_O)
                                                      0.017     2.136 f  u_netsec/u_regs/s_axi_bvalid_i_2_bufg_place/O
                         net (fo=2286, routed)        0.657     2.793    u_netsec/u_regs/sel
    SLICE_X9Y198         FDCE                                         f  u_netsec/u_regs/w_ok_reg/CLR
  -------------------------------------------------------------------    -------------------

                         (clock axi_clk rise edge)    0.000     0.000 r  
    AE5                                               0.000     0.000 r  sys_clk_clk_p (IN)
                         net (fo=0)                   0.000     0.000    u_netsec/u_ibuf_sys/I
    HPIOBDIFFINBUF_X0Y35 DIFFINBUF (Prop_DIFFINBUF_HPIOBDIFFINBUF_DIFF_IN_P_O)
                                                      0.372     0.372 r  u_netsec/u_ibuf_sys/DIFFINBUF_INST/O
                         net (fo=1, routed)           0.050     0.422    u_netsec/u_ibuf_sys/OUT
    AE5                  IBUFCTRL (Prop_IBUFCTRL_HPIOB_M_I_O)
                                                      0.000     0.422 r  u_netsec/u_ibuf_sys/IBUFCTRL_INST/O
                         net (fo=2, routed)           0.180     0.602    u_netsec/sys_clk_200m
    BUFGCE_DIV_X0Y4      BUFGCE_DIV (Prop_BUFGCE_DIV_I_O)
                                                      0.100     0.702 r  u_netsec/u_axi_div/O
    X1Y1 (CLOCK_ROOT)    net (fo=3478, routed)        0.884     1.586    u_netsec/u_regs/reg_ctrl_reg[1]_rep__2_1
    SLICE_X9Y198         FDCE                                         r  u_netsec/u_regs/w_ok_reg/C
                         clock pessimism             -0.167     1.418    
    SLICE_X9Y198         FDCE (Remov_EFF_SLICEL_C_CLR)
                                                     -0.020     1.398    u_netsec/u_regs/w_ok_reg
  -------------------------------------------------------------------
                         required time                         -1.398    
                         arrival time                           2.793    
  -------------------------------------------------------------------
                         slack                                  1.395    





---------------------------------------------------------------------------------------------------
Path Group:  **async_default**
From Clock:  dbg_hub/inst/BSCANID.u_xsdbm_id/SWITCH_N_EXT_BSCAN.bscan_inst/SERIES7_BSCAN.bscan_inst/INTERNAL_TCK
  To Clock:  dbg_hub/inst/BSCANID.u_xsdbm_id/SWITCH_N_EXT_BSCAN.bscan_inst/SERIES7_BSCAN.bscan_inst/INTERNAL_TCK

Setup :            0  Failing Endpoints,  Worst Slack       47.137ns,  Total Violation        0.000ns
Hold  :            0  Failing Endpoints,  Worst Slack        0.107ns,  Total Violation        0.000ns
---------------------------------------------------------------------------------------------------


Max Delay Paths
--------------------------------------------------------------------------------------
Slack (MET) :             47.137ns  (required time - arrival time)
  Source:                 dbg_hub/inst/BSCANID.u_xsdbm_id/SWITCH_N_EXT_BSCAN.bscan_switch/portno_reg[2]/C
                            (rising edge-triggered cell FDRE clocked by dbg_hub/inst/BSCANID.u_xsdbm_id/SWITCH_N_EXT_BSCAN.bscan_inst/SERIES7_BSCAN.bscan_inst/INTERNAL_TCK  {rise@0.000ns fall@25.000ns period=50.000ns})
  Destination:            dbg_hub/inst/BSCANID.u_xsdbm_id/CORE_XSDB.U_ICON/U_CMD/iTARGET_reg[15]/CLR
                            (recovery check against rising-edge clock dbg_hub/inst/BSCANID.u_xsdbm_id/SWITCH_N_EXT_BSCAN.bscan_inst/SERIES7_BSCAN.bscan_inst/INTERNAL_TCK  {rise@0.000ns fall@25.000ns period=50.000ns})
  Path Group:             **async_default**
  Path Type:              Recovery (Max at Slow Process Corner)
  Requirement:            50.000ns  (dbg_hub/inst/BSCANID.u_xsdbm_id/SWITCH_N_EXT_BSCAN.bscan_inst/SERIES7_BSCAN.bscan_inst/INTERNAL_TCK rise@50.000ns - dbg_hub/inst/BSCANID.u_xsdbm_id/SWITCH_N_EXT_BSCAN.bscan_inst/SERIES7_BSCAN.bscan_inst/INTERNAL_TCK rise@0.000ns)
  Data Path Delay:        2.611ns  (logic 0.360ns (13.788%)  route 2.251ns (86.212%))
  Logic Levels:           2  (LUT4=1 LUT6=1)
  Clock Path Skew:        -0.145ns (DCD - SCD + CPR)
    Destination Clock Delay (DCD):    3.104ns = ( 53.104 - 50.000 ) 
    Source Clock Delay      (SCD):    7.623ns
    Clock Pessimism Removal (CPR):    4.374ns
  Clock Uncertainty:      0.035ns  ((TSJ^2 + TIJ^2)^1/2 + DJ) / 2 + PE
    Total System Jitter     (TSJ):    0.071ns
    Total Input Jitter      (TIJ):    0.000ns
    Discrete Jitter          (DJ):    0.000ns
    Phase Error              (PE):    0.000ns
  Clock Net Delay (Source):      2.043ns (routing 0.949ns, distribution 1.094ns)
  Clock Net Delay (Destination): 1.768ns (routing 0.863ns, distribution 0.905ns)

    Location             Delay type                Incr(ns)  Path(ns)    Netlist Resource(s)
  -------------------------------------------------------------------    -------------------
                         (clock dbg_hub/inst/BSCANID.u_xsdbm_id/SWITCH_N_EXT_BSCAN.bscan_inst/SERIES7_BSCAN.bscan_inst/INTERNAL_TCK rise edge)
                                                      0.000     0.000 r  
    CONFIG_SITE_X0Y0     BSCANE2                      0.000     0.000 r  dbg_hub/inst/BSCANID.u_xsdbm_id/SWITCH_N_EXT_BSCAN.bscan_inst/SERIES7_BSCAN.bscan_inst/INTERNAL_TCK
    CONFIG_SITE_X0Y0     BSCANE2 (Prop_BSCAN1_CONFIG_SITE_INTERNAL_TCK_TCK)
                                                      4.300     4.300 r  dbg_hub/inst/BSCANID.u_xsdbm_id/SWITCH_N_EXT_BSCAN.bscan_inst/SERIES7_BSCAN.bscan_inst/TCK
                         net (fo=1, routed)           1.252     5.552    dbg_hub/inst/BSCANID.u_xsdbm_id/tck_bs
    BUFGCE_X0Y48         BUFGCE (Prop_BUFCE_BUFGCE_I_O)
                                                      0.028     5.580 r  dbg_hub/inst/BSCANID.u_xsdbm_id/SWITCH_N_EXT_BSCAN.u_bufg_icon_tck/O
    X1Y0 (CLOCK_ROOT)    net (fo=498, routed)         2.043     7.623    dbg_hub/inst/BSCANID.u_xsdbm_id/SWITCH_N_EXT_BSCAN.bscan_switch/s_bscan_tck
    SLICE_X58Y7          FDRE                                         r  dbg_hub/inst/BSCANID.u_xsdbm_id/SWITCH_N_EXT_BSCAN.bscan_switch/portno_reg[2]/C
  -------------------------------------------------------------------    -------------------
    SLICE_X58Y7          FDRE (Prop_EFF2_SLICEM_C_Q)
                                                      0.098     7.721 f  dbg_hub/inst/BSCANID.u_xsdbm_id/SWITCH_N_EXT_BSCAN.bscan_switch/portno_reg[2]/Q
                         net (fo=1, routed)           0.240     7.961    dbg_hub/inst/BSCANID.u_xsdbm_id/SWITCH_N_EXT_BSCAN.bscan_switch/portno[2]
    SLICE_X58Y7          LUT6 (Prop_H6LUT_SLICEM_I1_O)
                                                      0.182     8.143 f  dbg_hub/inst/BSCANID.u_xsdbm_id/SWITCH_N_EXT_BSCAN.bscan_switch/m_bscan_drck[0]_INST_0_i_1/O
                         net (fo=5, routed)           0.256     8.399    dbg_hub/inst/BSCANID.u_xsdbm_id/SWITCH_N_EXT_BSCAN.bscan_switch/m_bscan_drck[0]_INST_0_i_1_n_0
    SLICE_X56Y6          LUT4 (Prop_D5LUT_SLICEL_I3_O)
                                                      0.080     8.479 r  dbg_hub/inst/BSCANID.u_xsdbm_id/SWITCH_N_EXT_BSCAN.bscan_switch/m_bscan_sel[0]_INST_0/O
                         net (fo=11, routed)          1.755    10.234    dbg_hub/inst/BSCANID.u_xsdbm_id/CORE_XSDB.U_ICON/U_CMD/iTARGET_reg[6]_0
    SLICE_X17Y10         FDCE                                         f  dbg_hub/inst/BSCANID.u_xsdbm_id/CORE_XSDB.U_ICON/U_CMD/iTARGET_reg[15]/CLR  (IS_INVERTED)
  -------------------------------------------------------------------    -------------------

                         (clock dbg_hub/inst/BSCANID.u_xsdbm_id/SWITCH_N_EXT_BSCAN.bscan_inst/SERIES7_BSCAN.bscan_inst/INTERNAL_TCK rise edge)
                                                     50.000    50.000 r  
    CONFIG_SITE_X0Y0     BSCANE2                      0.000    50.000 r  dbg_hub/inst/BSCANID.u_xsdbm_id/SWITCH_N_EXT_BSCAN.bscan_inst/SERIES7_BSCAN.bscan_inst/INTERNAL_TCK
    CONFIG_SITE_X0Y0     BSCANE2 (Prop_BSCAN1_CONFIG_SITE_INTERNAL_TCK_TCK)
                                                      0.465    50.465 r  dbg_hub/inst/BSCANID.u_xsdbm_id/SWITCH_N_EXT_BSCAN.bscan_inst/SERIES7_BSCAN.bscan_inst/TCK
                         net (fo=1, routed)           0.847    51.312    dbg_hub/inst/BSCANID.u_xsdbm_id/tck_bs
    BUFGCE_X0Y48         BUFGCE (Prop_BUFCE_BUFGCE_I_O)
                                                      0.024    51.336 r  dbg_hub/inst/BSCANID.u_xsdbm_id/SWITCH_N_EXT_BSCAN.u_bufg_icon_tck/O
    X1Y0 (CLOCK_ROOT)    net (fo=498, routed)         1.768    53.104    dbg_hub/inst/BSCANID.u_xsdbm_id/CORE_XSDB.U_ICON/U_CMD/m_bscan_tck[0]
    SLICE_X17Y10         FDCE                                         r  dbg_hub/inst/BSCANID.u_xsdbm_id/CORE_XSDB.U_ICON/U_CMD/iTARGET_reg[15]/C
                         clock pessimism              4.374    57.478    
                         clock uncertainty           -0.035    57.443    
    SLICE_X17Y10         FDCE (Recov_AFF_SLICEM_C_CLR)
                                                     -0.072    57.371    dbg_hub/inst/BSCANID.u_xsdbm_id/CORE_XSDB.U_ICON/U_CMD/iTARGET_reg[15]
  -------------------------------------------------------------------
                         required time                         57.371    
                         arrival time                         -10.234    
  -------------------------------------------------------------------
                         slack                                 47.137    





Min Delay Paths
--------------------------------------------------------------------------------------
Slack (MET) :             0.107ns  (arrival time - required time)
  Source:                 dbg_hub/inst/BSCANID.u_xsdbm_id/CORE_XSDB.UUT_MASTER/U_ICON_INTERFACE/U_CMD6_RD/U_RD_FIFO/SUBCORE_FIFO.xsdbm_v3_0_0_rdfifo_inst/inst_fifo_gen/gconvfifo.rf/grf.rf/rstblk/ngwrdrst.grst.g7serrst.rst_rd_reg2_reg/C
                            (rising edge-triggered cell FDPE clocked by dbg_hub/inst/BSCANID.u_xsdbm_id/SWITCH_N_EXT_BSCAN.bscan_inst/SERIES7_BSCAN.bscan_inst/INTERNAL_TCK  {rise@0.000ns fall@25.000ns period=50.000ns})
  Destination:            dbg_hub/inst/BSCANID.u_xsdbm_id/CORE_XSDB.UUT_MASTER/U_ICON_INTERFACE/U_CMD6_RD/U_RD_FIFO/SUBCORE_FIFO.xsdbm_v3_0_0_rdfifo_inst/inst_fifo_gen/gconvfifo.rf/grf.rf/rstblk/ngwrdrst.grst.g7serrst.rd_rst_asreg_reg/PRE
                            (removal check against rising-edge clock dbg_hub/inst/BSCANID.u_xsdbm_id/SWITCH_N_EXT_BSCAN.bscan_inst/SERIES7_BSCAN.bscan_inst/INTERNAL_TCK  {rise@0.000ns fall@25.000ns period=50.000ns})
  Path Group:             **async_default**
  Path Type:              Removal (Min at Fast Process Corner)
  Requirement:            0.000ns  (dbg_hub/inst/BSCANID.u_xsdbm_id/SWITCH_N_EXT_BSCAN.bscan_inst/SERIES7_BSCAN.bscan_inst/INTERNAL_TCK rise@0.000ns - dbg_hub/inst/BSCANID.u_xsdbm_id/SWITCH_N_EXT_BSCAN.bscan_inst/SERIES7_BSCAN.bscan_inst/INTERNAL_TCK rise@0.000ns)
  Data Path Delay:        0.144ns  (logic 0.040ns (27.778%)  route 0.104ns (72.222%))
  Logic Levels:           0  
  Clock Path Skew:        0.057ns (DCD - SCD - CPR)
    Destination Clock Delay (DCD):    6.304ns
    Source Clock Delay      (SCD):    2.130ns
    Clock Pessimism Removal (CPR):    4.117ns
  Clock Net Delay (Source):      1.033ns (routing 0.492ns, distribution 0.541ns)
  Clock Net Delay (Destination): 1.176ns (routing 0.553ns, distribution 0.623ns)

    Location             Delay type                Incr(ns)  Path(ns)    Netlist Resource(s)
  -------------------------------------------------------------------    -------------------
                         (clock dbg_hub/inst/BSCANID.u_xsdbm_id/SWITCH_N_EXT_BSCAN.bscan_inst/SERIES7_BSCAN.bscan_inst/INTERNAL_TCK rise edge)
                                                      0.000     0.000 r  
    CONFIG_SITE_X0Y0     BSCANE2                      0.000     0.000 r  dbg_hub/inst/BSCANID.u_xsdbm_id/SWITCH_N_EXT_BSCAN.bscan_inst/SERIES7_BSCAN.bscan_inst/INTERNAL_TCK
    CONFIG_SITE_X0Y0     BSCANE2 (Prop_BSCAN1_CONFIG_SITE_INTERNAL_TCK_TCK)
                                                      0.465     0.465 r  dbg_hub/inst/BSCANID.u_xsdbm_id/SWITCH_N_EXT_BSCAN.bscan_inst/SERIES7_BSCAN.bscan_inst/TCK
                         net (fo=1, routed)           0.615     1.080    dbg_hub/inst/BSCANID.u_xsdbm_id/tck_bs
    BUFGCE_X0Y48         BUFGCE (Prop_BUFCE_BUFGCE_I_O)
                                                      0.017     1.097 r  dbg_hub/inst/BSCANID.u_xsdbm_id/SWITCH_N_EXT_BSCAN.u_bufg_icon_tck/O
    X1Y0 (CLOCK_ROOT)    net (fo=498, routed)         1.033     2.130    dbg_hub/inst/BSCANID.u_xsdbm_id/CORE_XSDB.UUT_MASTER/U_ICON_INTERFACE/U_CMD6_RD/U_RD_FIFO/SUBCORE_FIFO.xsdbm_v3_0_0_rdfifo_inst/inst_fifo_gen/gconvfifo.rf/grf.rf/rstblk/rd_clk
    SLICE_X6Y12          FDPE                                         r  dbg_hub/inst/BSCANID.u_xsdbm_id/CORE_XSDB.UUT_MASTER/U_ICON_INTERFACE/U_CMD6_RD/U_RD_FIFO/SUBCORE_FIFO.xsdbm_v3_0_0_rdfifo_inst/inst_fifo_gen/gconvfifo.rf/grf.rf/rstblk/ngwrdrst.grst.g7serrst.rst_rd_reg2_reg/C
  -------------------------------------------------------------------    -------------------
    SLICE_X6Y12          FDPE (Prop_AFF2_SLICEL_C_Q)
                                                      0.040     2.170 f  dbg_hub/inst/BSCANID.u_xsdbm_id/CORE_XSDB.UUT_MASTER/U_ICON_INTERFACE/U_CMD6_RD/U_RD_FIFO/SUBCORE_FIFO.xsdbm_v3_0_0_rdfifo_inst/inst_fifo_gen/gconvfifo.rf/grf.rf/rstblk/ngwrdrst.grst.g7serrst.rst_rd_reg2_reg/Q
                         net (fo=1, routed)           0.104     2.274    dbg_hub/inst/BSCANID.u_xsdbm_id/CORE_XSDB.UUT_MASTER/U_ICON_INTERFACE/U_CMD6_RD/U_RD_FIFO/SUBCORE_FIFO.xsdbm_v3_0_0_rdfifo_inst/inst_fifo_gen/gconvfifo.rf/grf.rf/rstblk/rst_rd_reg2
    SLICE_X4Y12          FDPE                                         f  dbg_hub/inst/BSCANID.u_xsdbm_id/CORE_XSDB.UUT_MASTER/U_ICON_INTERFACE/U_CMD6_RD/U_RD_FIFO/SUBCORE_FIFO.xsdbm_v3_0_0_rdfifo_inst/inst_fifo_gen/gconvfifo.rf/grf.rf/rstblk/ngwrdrst.grst.g7serrst.rd_rst_asreg_reg/PRE
  -------------------------------------------------------------------    -------------------

                         (clock dbg_hub/inst/BSCANID.u_xsdbm_id/SWITCH_N_EXT_BSCAN.bscan_inst/SERIES7_BSCAN.bscan_inst/INTERNAL_TCK rise edge)
                                                      0.000     0.000 r  
    CONFIG_SITE_X0Y0     BSCANE2                      0.000     0.000 r  dbg_hub/inst/BSCANID.u_xsdbm_id/SWITCH_N_EXT_BSCAN.bscan_inst/SERIES7_BSCAN.bscan_inst/INTERNAL_TCK
    CONFIG_SITE_X0Y0     BSCANE2 (Prop_BSCAN1_CONFIG_SITE_INTERNAL_TCK_TCK)
                                                      4.300     4.300 r  dbg_hub/inst/BSCANID.u_xsdbm_id/SWITCH_N_EXT_BSCAN.bscan_inst/SERIES7_BSCAN.bscan_inst/TCK
                         net (fo=1, routed)           0.809     5.109    dbg_hub/inst/BSCANID.u_xsdbm_id/tck_bs
    BUFGCE_X0Y48         BUFGCE (Prop_BUFCE_BUFGCE_I_O)
                                                      0.019     5.128 r  dbg_hub/inst/BSCANID.u_xsdbm_id/SWITCH_N_EXT_BSCAN.u_bufg_icon_tck/O
    X1Y0 (CLOCK_ROOT)    net (fo=498, routed)         1.176     6.304    dbg_hub/inst/BSCANID.u_xsdbm_id/CORE_XSDB.UUT_MASTER/U_ICON_INTERFACE/U_CMD6_RD/U_RD_FIFO/SUBCORE_FIFO.xsdbm_v3_0_0_rdfifo_inst/inst_fifo_gen/gconvfifo.rf/grf.rf/rstblk/rd_clk
    SLICE_X4Y12          FDPE                                         r  dbg_hub/inst/BSCANID.u_xsdbm_id/CORE_XSDB.UUT_MASTER/U_ICON_INTERFACE/U_CMD6_RD/U_RD_FIFO/SUBCORE_FIFO.xsdbm_v3_0_0_rdfifo_inst/inst_fifo_gen/gconvfifo.rf/grf.rf/rstblk/ngwrdrst.grst.g7serrst.rd_rst_asreg_reg/C
                         clock pessimism             -4.117     2.187    
    SLICE_X4Y12          FDPE (Remov_HFF2_SLICEM_C_PRE)
                                                     -0.020     2.167    dbg_hub/inst/BSCANID.u_xsdbm_id/CORE_XSDB.UUT_MASTER/U_ICON_INTERFACE/U_CMD6_RD/U_RD_FIFO/SUBCORE_FIFO.xsdbm_v3_0_0_rdfifo_inst/inst_fifo_gen/gconvfifo.rf/grf.rf/rstblk/ngwrdrst.grst.g7serrst.rd_rst_asreg_reg
  -------------------------------------------------------------------
                         required time                         -2.167    
                         arrival time                           2.274    
  -------------------------------------------------------------------
                         slack                                  0.107    





---------------------------------------------------------------------------------------------------
Path Group:  **async_default**
From Clock:  gtx_clk_u
  To Clock:  gtx_clk_u

Setup :            0  Failing Endpoints,  Worst Slack        4.206ns,  Total Violation        0.000ns
Hold  :            0  Failing Endpoints,  Worst Slack        0.142ns,  Total Violation        0.000ns
---------------------------------------------------------------------------------------------------


Max Delay Paths
--------------------------------------------------------------------------------------
Slack (MET) :             4.206ns  (required time - arrival time)
  Source:                 u_netsec/u_mac/rst_sync_reg[3]/C
                            (rising edge-triggered cell FDPE clocked by gtx_clk_u  {rise@0.000ns fall@4.000ns period=8.000ns})
  Destination:            u_netsec/u_gen/m_tdata_reg[2]/CLR
                            (recovery check against rising-edge clock gtx_clk_u  {rise@0.000ns fall@4.000ns period=8.000ns})
  Path Group:             **async_default**
  Path Type:              Recovery (Max at Slow Process Corner)
  Requirement:            8.000ns  (gtx_clk_u rise@8.000ns - gtx_clk_u rise@0.000ns)
  Data Path Delay:        3.504ns  (logic 0.243ns (6.935%)  route 3.261ns (93.065%))
  Logic Levels:           1  (LUT2=1)
  Clock Path Skew:        -0.154ns (DCD - SCD + CPR)
    Destination Clock Delay (DCD):    2.123ns = ( 10.123 - 8.000 ) 
    Source Clock Delay      (SCD):    1.969ns
    Clock Pessimism Removal (CPR):    -0.309ns
  Clock Uncertainty:      0.064ns  ((TSJ^2 + DJ^2)^1/2) / 2 + PE
    Total System Jitter     (TSJ):    0.071ns
    Discrete Jitter          (DJ):    0.107ns
    Phase Error              (PE):    0.000ns
  Clock Net Delay (Source):      1.286ns (routing 0.185ns, distribution 1.101ns)
  Clock Net Delay (Destination): 1.117ns (routing 0.170ns, distribution 0.947ns)

    Location             Delay type                Incr(ns)  Path(ns)    Netlist Resource(s)
  -------------------------------------------------------------------    -------------------
                         (clock gtx_clk_u rise edge)
                                                      0.000     0.000 r  
    AE5                                               0.000     0.000 r  sys_clk_clk_p (IN)
                         net (fo=0)                   0.000     0.000    u_netsec/u_ibuf_sys/I
    HPIOBDIFFINBUF_X0Y35 DIFFINBUF (Prop_DIFFINBUF_HPIOBDIFFINBUF_DIFF_IN_P_O)
                                                      0.523     0.523 r  u_netsec/u_ibuf_sys/DIFFINBUF_INST/O
                         net (fo=1, routed)           0.050     0.573    u_netsec/u_ibuf_sys/OUT
    AE5                  IBUFCTRL (Prop_IBUFCTRL_HPIOB_M_I_O)
                                                      0.000     0.573 r  u_netsec/u_ibuf_sys/IBUFCTRL_INST/O
                         net (fo=2, routed)           0.334     0.907    u_netsec/u_mac/sys_clk_200m
    BUFGCE_X0Y26         BUFGCE (Prop_BUFCE_BUFGCE_I_O)
                                                      0.028     0.935 r  u_netsec/u_mac/u_bufg_sys/O
                         net (fo=10, routed)          1.048     1.983    u_netsec/u_mac/sys_clk_buf
    MMCM_X0Y1            MMCME4_ADV (Prop_MMCM_CLKIN1_CLKOUT0)
                                                     -1.583     0.400 r  u_netsec/u_mac/u_mmcm/CLKOUT0
                         net (fo=1, routed)           0.255     0.655    u_netsec/u_mac/gtx_clk_u
    BUFGCE_X0Y38         BUFGCE (Prop_BUFCE_BUFGCE_I_O)
                                                      0.028     0.683 r  u_netsec/u_mac/u_bufg_gtx/O
    X1Y1 (CLOCK_ROOT)    net (fo=26915, routed)       1.286     1.969    u_netsec/u_mac/logic_clk
    SLICE_X23Y156        FDPE                                         r  u_netsec/u_mac/rst_sync_reg[3]/C
  -------------------------------------------------------------------    -------------------
    SLICE_X23Y156        FDPE (Prop_EFF_SLICEL_C_Q)
                                                      0.096     2.065 f  u_netsec/u_mac/rst_sync_reg[3]/Q
                         net (fo=673, routed)         0.642     2.707    u_netsec/u_cdc_sr/Q[0]
    SLICE_X24Y177        LUT2 (Prop_D6LUT_SLICEM_I1_O)
                                                      0.147     2.854 f  u_netsec/u_cdc_sr/start_d_i_1/O
                         net (fo=53, routed)          2.619     5.473    u_netsec/u_gen/m_tvalid_reg_0
    SLICE_X28Y71         FDCE                                         f  u_netsec/u_gen/m_tdata_reg[2]/CLR
  -------------------------------------------------------------------    -------------------

                         (clock gtx_clk_u rise edge)
                                                      8.000     8.000 r  
    AE5                                               0.000     8.000 r  sys_clk_clk_p (IN)
                         net (fo=0)                   0.000     8.000    u_netsec/u_ibuf_sys/I
    HPIOBDIFFINBUF_X0Y35 DIFFINBUF (Prop_DIFFINBUF_HPIOBDIFFINBUF_DIFF_IN_P_O)
                                                      0.441     8.441 r  u_netsec/u_ibuf_sys/DIFFINBUF_INST/O
                         net (fo=1, routed)           0.040     8.481    u_netsec/u_ibuf_sys/OUT
    AE5                  IBUFCTRL (Prop_IBUFCTRL_HPIOB_M_I_O)
                                                      0.000     8.481 r  u_netsec/u_ibuf_sys/IBUFCTRL_INST/O
                         net (fo=2, routed)           0.296     8.777    u_netsec/u_mac/sys_clk_200m
    BUFGCE_X0Y26         BUFGCE (Prop_BUFCE_BUFGCE_I_O)
                                                      0.024     8.801 r  u_netsec/u_mac/u_bufg_sys/O
                         net (fo=10, routed)          0.927     9.728    u_netsec/u_mac/sys_clk_buf
    MMCM_X0Y1            MMCME4_ADV (Prop_MMCM_CLKIN1_CLKOUT0)
                                                     -0.973     8.755 r  u_netsec/u_mac/u_mmcm/CLKOUT0
                         net (fo=1, routed)           0.227     8.982    u_netsec/u_mac/gtx_clk_u
    BUFGCE_X0Y38         BUFGCE (Prop_BUFCE_BUFGCE_I_O)
                                                      0.024     9.006 r  u_netsec/u_mac/u_bufg_gtx/O
    X1Y1 (CLOCK_ROOT)    net (fo=26915, routed)       1.117    10.123    u_netsec/u_gen/logic_clk
    SLICE_X28Y71         FDCE                                         r  u_netsec/u_gen/m_tdata_reg[2]/C
                         clock pessimism             -0.309     9.815    
                         clock uncertainty           -0.064     9.751    
    SLICE_X28Y71         FDCE (Recov_DFF_SLICEM_C_CLR)
                                                     -0.072     9.679    u_netsec/u_gen/m_tdata_reg[2]
  -------------------------------------------------------------------
                         required time                          9.679    
                         arrival time                          -5.473    
  -------------------------------------------------------------------
                         slack                                  4.206    





Min Delay Paths
--------------------------------------------------------------------------------------
Slack (MET) :             0.142ns  (arrival time - required time)
  Source:                 u_netsec/u_mac/rst_sync_reg[3]/C
                            (rising edge-triggered cell FDPE clocked by gtx_clk_u  {rise@0.000ns fall@4.000ns period=8.000ns})
  Destination:            u_netsec/u_cdc_sr/s1_reg[0]/CLR
                            (removal check against rising-edge clock gtx_clk_u  {rise@0.000ns fall@4.000ns period=8.000ns})
  Path Group:             **async_default**
  Path Type:              Removal (Min at Fast Process Corner)
  Requirement:            0.000ns  (gtx_clk_u rise@0.000ns - gtx_clk_u rise@0.000ns)
  Data Path Delay:        0.168ns  (logic 0.039ns (23.214%)  route 0.129ns (76.786%))
  Logic Levels:           0  
  Clock Path Skew:        0.046ns (DCD - SCD - CPR)
    Destination Clock Delay (DCD):    1.156ns
    Source Clock Delay      (SCD):    1.240ns
    Clock Pessimism Removal (CPR):    -0.131ns
  Clock Net Delay (Source):      0.662ns (routing 0.096ns, distribution 0.566ns)
  Clock Net Delay (Destination): 0.755ns (routing 0.108ns, distribution 0.647ns)

    Location             Delay type                Incr(ns)  Path(ns)    Netlist Resource(s)
  -------------------------------------------------------------------    -------------------
                         (clock gtx_clk_u rise edge)
                                                      0.000     0.000 r  
    AE5                                               0.000     0.000 r  sys_clk_clk_p (IN)
                         net (fo=0)                   0.000     0.000    u_netsec/u_ibuf_sys/I
    HPIOBDIFFINBUF_X0Y35 DIFFINBUF (Prop_DIFFINBUF_HPIOBDIFFINBUF_DIFF_IN_P_O)
                                                      0.273     0.273 r  u_netsec/u_ibuf_sys/DIFFINBUF_INST/O
                         net (fo=1, routed)           0.040     0.313    u_netsec/u_ibuf_sys/OUT
    AE5                  IBUFCTRL (Prop_IBUFCTRL_HPIOB_M_I_O)
                                                      0.000     0.313 r  u_netsec/u_ibuf_sys/IBUFCTRL_INST/O
                         net (fo=2, routed)           0.144     0.457    u_netsec/u_mac/sys_clk_200m
    BUFGCE_X0Y26         BUFGCE (Prop_BUFCE_BUFGCE_I_O)
                                                      0.017     0.474 r  u_netsec/u_mac/u_bufg_sys/O
                         net (fo=10, routed)          0.547     1.021    u_netsec/u_mac/sys_clk_buf
    MMCM_X0Y1            MMCME4_ADV (Prop_MMCM_CLKIN1_CLKOUT0)
                                                     -0.605     0.416 r  u_netsec/u_mac/u_mmcm/CLKOUT0
                         net (fo=1, routed)           0.145     0.561    u_netsec/u_mac/gtx_clk_u
    BUFGCE_X0Y38         BUFGCE (Prop_BUFCE_BUFGCE_I_O)
                                                      0.017     0.578 r  u_netsec/u_mac/u_bufg_gtx/O
    X1Y1 (CLOCK_ROOT)    net (fo=26915, routed)       0.662     1.240    u_netsec/u_mac/logic_clk
    SLICE_X23Y156        FDPE                                         r  u_netsec/u_mac/rst_sync_reg[3]/C
  -------------------------------------------------------------------    -------------------
    SLICE_X23Y156        FDPE (Prop_EFF_SLICEL_C_Q)
                                                      0.039     1.279 f  u_netsec/u_mac/rst_sync_reg[3]/Q
                         net (fo=673, routed)         0.129     1.408    u_netsec/u_cdc_sr/Q[0]
    SLICE_X24Y157        FDCE                                         f  u_netsec/u_cdc_sr/s1_reg[0]/CLR
  -------------------------------------------------------------------    -------------------

                         (clock gtx_clk_u rise edge)
                                                      0.000     0.000 r  
    AE5                                               0.000     0.000 r  sys_clk_clk_p (IN)
                         net (fo=0)                   0.000     0.000    u_netsec/u_ibuf_sys/I
    HPIOBDIFFINBUF_X0Y35 DIFFINBUF (Prop_DIFFINBUF_HPIOBDIFFINBUF_DIFF_IN_P_O)
                                                      0.372     0.372 r  u_netsec/u_ibuf_sys/DIFFINBUF_INST/O
                         net (fo=1, routed)           0.050     0.422    u_netsec/u_ibuf_sys/OUT
    AE5                  IBUFCTRL (Prop_IBUFCTRL_HPIOB_M_I_O)
                                                      0.000     0.422 r  u_netsec/u_ibuf_sys/IBUFCTRL_INST/O
                         net (fo=2, routed)           0.181     0.603    u_netsec/u_mac/sys_clk_200m
    BUFGCE_X0Y26         BUFGCE (Prop_BUFCE_BUFGCE_I_O)
                                                      0.019     0.622 r  u_netsec/u_mac/u_bufg_sys/O
                         net (fo=10, routed)          0.617     1.239    u_netsec/u_mac/sys_clk_buf
    MMCM_X0Y1            MMCME4_ADV (Prop_MMCM_CLKIN1_CLKOUT0)
                                                     -1.022     0.217 r  u_netsec/u_mac/u_mmcm/CLKOUT0
                         net (fo=1, routed)           0.165     0.382    u_netsec/u_mac/gtx_clk_u
    BUFGCE_X0Y38         BUFGCE (Prop_BUFCE_BUFGCE_I_O)
                                                      0.019     0.401 r  u_netsec/u_mac/u_bufg_gtx/O
    X1Y1 (CLOCK_ROOT)    net (fo=26915, routed)       0.755     1.156    u_netsec/u_cdc_sr/logic_clk
    SLICE_X24Y157        FDCE                                         r  u_netsec/u_cdc_sr/s1_reg[0]/C
                         clock pessimism              0.131     1.286    
    SLICE_X24Y157        FDCE (Remov_EFF_SLICEM_C_CLR)
                                                     -0.020     1.266    u_netsec/u_cdc_sr/s1_reg[0]
  -------------------------------------------------------------------
                         required time                         -1.266    
                         arrival time                           1.408    
  -------------------------------------------------------------------
                         slack                                  0.142    





---------------------------------------------------------------------------------------------------
Path Group:  **async_default**
From Clock:  rgmii_rxc
  To Clock:  rgmii_rxc

Setup :            0  Failing Endpoints,  Worst Slack        6.624ns,  Total Violation        0.000ns
Hold  :            0  Failing Endpoints,  Worst Slack        0.090ns,  Total Violation        0.000ns
---------------------------------------------------------------------------------------------------


Max Delay Paths
--------------------------------------------------------------------------------------
Slack (MET) :             6.624ns  (required time - arrival time)
  Source:                 u_netsec/rxc_rst_sync_reg[1]/C
                            (rising edge-triggered cell FDCE clocked by rgmii_rxc  {rise@0.000ns fall@4.000ns period=8.000ns})
  Destination:            u_netsec/rgmii_act_pulse_reg/CLR
                            (recovery check against rising-edge clock rgmii_rxc  {rise@0.000ns fall@4.000ns period=8.000ns})
  Path Group:             **async_default**
  Path Type:              Recovery (Max at Slow Process Corner)
  Requirement:            8.000ns  (rgmii_rxc rise@8.000ns - rgmii_rxc rise@0.000ns)
  Data Path Delay:        1.219ns  (logic 0.099ns (8.121%)  route 1.120ns (91.879%))
  Logic Levels:           0  
  Clock Path Skew:        -0.050ns (DCD - SCD + CPR)
    Destination Clock Delay (DCD):    2.504ns = ( 10.504 - 8.000 ) 
    Source Clock Delay      (SCD):    3.077ns
    Clock Pessimism Removal (CPR):    0.523ns
  Clock Uncertainty:      0.035ns  ((TSJ^2 + TIJ^2)^1/2 + DJ) / 2 + PE
    Total System Jitter     (TSJ):    0.071ns
    Total Input Jitter      (TIJ):    0.000ns
    Discrete Jitter          (DJ):    0.000ns
    Phase Error              (PE):    0.000ns
  Clock Net Delay (Source):      2.164ns (routing 0.984ns, distribution 1.180ns)
  Clock Net Delay (Destination): 1.900ns (routing 0.895ns, distribution 1.005ns)

    Location             Delay type                Incr(ns)  Path(ns)    Netlist Resource(s)
  -------------------------------------------------------------------    -------------------
                         (clock rgmii_rxc rise edge)
                                                      0.000     0.000 r  
    E5                                                0.000     0.000 r  rgmii_rxc (IN)
                         net (fo=0)                   0.000     0.000    rgmii_rxc_IBUF_inst/I
    E5                   INBUF (Prop_INBUF_HPIOB_M_PAD_O)
                                                      0.551     0.551 r  rgmii_rxc_IBUF_inst/INBUF_INST/O
                         net (fo=1, routed)           0.000     0.551    rgmii_rxc_IBUF_inst/OUT
    E5                   IBUFCTRL (Prop_IBUFCTRL_HPIOB_M_I_O)
                                                      0.000     0.551 r  rgmii_rxc_IBUF_inst/IBUFCTRL_INST/O
                         net (fo=2, routed)           0.334     0.885    rgmii_rxc_IBUF
    BUFGCE_X0Y80         BUFGCE (Prop_BUFCE_BUFGCE_I_O)
                                                      0.028     0.913 r  rgmii_rxc_IBUF_BUFGCE_collapsed_inst/O
    X1Y1 (CLOCK_ROOT)    net (fo=3793, routed)        2.164     3.077    u_netsec/CLK
    SLICE_X23Y181        FDCE                                         r  u_netsec/rxc_rst_sync_reg[1]/C
  -------------------------------------------------------------------    -------------------
    SLICE_X23Y181        FDCE (Prop_EFF2_SLICEL_C_Q)
                                                      0.099     3.176 r  u_netsec/rxc_rst_sync_reg[1]/Q
                         net (fo=10, routed)          1.120     4.296    u_netsec/u_cdc_act_n_1
    SLICE_X23Y182        FDCE                                         f  u_netsec/rgmii_act_pulse_reg/CLR  (IS_INVERTED)
  -------------------------------------------------------------------    -------------------

                         (clock rgmii_rxc rise edge)
                                                      8.000     8.000 r  
    E5                                                0.000     8.000 r  rgmii_rxc (IN)
                         net (fo=0)                   0.000     8.000    rgmii_rxc_IBUF_inst/I
    E5                   INBUF (Prop_INBUF_HPIOB_M_PAD_O)
                                                      0.284     8.284 r  rgmii_rxc_IBUF_inst/INBUF_INST/O
                         net (fo=1, routed)           0.000     8.284    rgmii_rxc_IBUF_inst/OUT
    E5                   IBUFCTRL (Prop_IBUFCTRL_HPIOB_M_I_O)
                                                      0.000     8.284 r  rgmii_rxc_IBUF_inst/IBUFCTRL_INST/O
                         net (fo=2, routed)           0.296     8.580    rgmii_rxc_IBUF
    BUFGCE_X0Y80         BUFGCE (Prop_BUFCE_BUFGCE_I_O)
                                                      0.024     8.604 r  rgmii_rxc_IBUF_BUFGCE_collapsed_inst/O
    X1Y1 (CLOCK_ROOT)    net (fo=3793, routed)        1.900    10.504    u_netsec/CLK
    SLICE_X23Y182        FDCE                                         r  u_netsec/rgmii_act_pulse_reg/C
                         clock pessimism              0.523    11.027    
                         clock uncertainty           -0.035    10.992    
    SLICE_X23Y182        FDCE (Recov_DFF_SLICEL_C_CLR)
                                                     -0.072    10.920    u_netsec/rgmii_act_pulse_reg
  -------------------------------------------------------------------
                         required time                         10.920    
                         arrival time                          -4.296    
  -------------------------------------------------------------------
                         slack                                  6.624    





Min Delay Paths
--------------------------------------------------------------------------------------
Slack (MET) :             0.090ns  (arrival time - required time)
  Source:                 dbg_hub/inst/BSCANID.u_xsdbm_id/CORE_XSDB.UUT_MASTER/U_ICON_INTERFACE/U_CMD6_WR/U_WR_FIFO/SUBCORE_FIFO.xsdbm_v3_0_0_wrfifo_inst/inst_fifo_gen/gconvfifo.rf/grf.rf/rstblk/ngwrdrst.grst.g7serrst.rd_rst_reg_reg[2]/C
                            (rising edge-triggered cell FDPE clocked by rgmii_rxc  {rise@0.000ns fall@4.000ns period=8.000ns})
  Destination:            dbg_hub/inst/BSCANID.u_xsdbm_id/CORE_XSDB.UUT_MASTER/U_ICON_INTERFACE/U_CMD6_WR/U_WR_FIFO/SUBCORE_FIFO.xsdbm_v3_0_0_wrfifo_inst/inst_fifo_gen/gconvfifo.rf/grf.rf/gntv_or_sync_fifo.gl0.rd/rpntr/gc0.count_d1_reg[2]/CLR
                            (removal check against rising-edge clock rgmii_rxc  {rise@0.000ns fall@4.000ns period=8.000ns})
  Path Group:             **async_default**
  Path Type:              Removal (Min at Fast Process Corner)
  Requirement:            0.000ns  (rgmii_rxc rise@0.000ns - rgmii_rxc rise@0.000ns)
  Data Path Delay:        0.137ns  (logic 0.039ns (28.467%)  route 0.098ns (71.533%))
  Logic Levels:           0  
  Clock Path Skew:        0.067ns (DCD - SCD - CPR)
    Destination Clock Delay (DCD):    1.865ns
    Source Clock Delay      (SCD):    1.473ns
    Clock Pessimism Removal (CPR):    0.325ns
  Clock Net Delay (Source):      1.153ns (routing 0.507ns, distribution 0.646ns)
  Clock Net Delay (Destination): 1.321ns (routing 0.569ns, distribution 0.752ns)

    Location             Delay type                Incr(ns)  Path(ns)    Netlist Resource(s)
  -------------------------------------------------------------------    -------------------
                         (clock rgmii_rxc rise edge)
                                                      0.000     0.000 r  
    E5                                                0.000     0.000 r  rgmii_rxc (IN)
                         net (fo=0)                   0.000     0.000    rgmii_rxc_IBUF_inst/I
    E5                   INBUF (Prop_INBUF_HPIOB_M_PAD_O)
                                                      0.159     0.159 r  rgmii_rxc_IBUF_inst/INBUF_INST/O
                         net (fo=1, routed)           0.000     0.159    rgmii_rxc_IBUF_inst/OUT
    E5                   IBUFCTRL (Prop_IBUFCTRL_HPIOB_M_I_O)
                                                      0.000     0.159 r  rgmii_rxc_IBUF_inst/IBUFCTRL_INST/O
                         net (fo=2, routed)           0.144     0.303    rgmii_rxc_IBUF
    BUFGCE_X0Y80         BUFGCE (Prop_BUFCE_BUFGCE_I_O)
                                                      0.017     0.320 r  rgmii_rxc_IBUF_BUFGCE_collapsed_inst/O
    X1Y1 (CLOCK_ROOT)    net (fo=3793, routed)        1.153     1.473    dbg_hub/inst/BSCANID.u_xsdbm_id/CORE_XSDB.UUT_MASTER/U_ICON_INTERFACE/U_CMD6_WR/U_WR_FIFO/SUBCORE_FIFO.xsdbm_v3_0_0_wrfifo_inst/inst_fifo_gen/gconvfifo.rf/grf.rf/rstblk/rd_clk
    SLICE_X15Y8          FDPE                                         r  dbg_hub/inst/BSCANID.u_xsdbm_id/CORE_XSDB.UUT_MASTER/U_ICON_INTERFACE/U_CMD6_WR/U_WR_FIFO/SUBCORE_FIFO.xsdbm_v3_0_0_wrfifo_inst/inst_fifo_gen/gconvfifo.rf/grf.rf/rstblk/ngwrdrst.grst.g7serrst.rd_rst_reg_reg[2]/C
  -------------------------------------------------------------------    -------------------
    SLICE_X15Y8          FDPE (Prop_FFF_SLICEL_C_Q)
                                                      0.039     1.512 f  dbg_hub/inst/BSCANID.u_xsdbm_id/CORE_XSDB.UUT_MASTER/U_ICON_INTERFACE/U_CMD6_WR/U_WR_FIFO/SUBCORE_FIFO.xsdbm_v3_0_0_wrfifo_inst/inst_fifo_gen/gconvfifo.rf/grf.rf/rstblk/ngwrdrst.grst.g7serrst.rd_rst_reg_reg[2]/Q
                         net (fo=10, routed)          0.098     1.610    dbg_hub/inst/BSCANID.u_xsdbm_id/CORE_XSDB.UUT_MASTER/U_ICON_INTERFACE/U_CMD6_WR/U_WR_FIFO/SUBCORE_FIFO.xsdbm_v3_0_0_wrfifo_inst/inst_fifo_gen/gconvfifo.rf/grf.rf/gntv_or_sync_fifo.gl0.rd/rpntr/AR[0]
    SLICE_X13Y8          FDCE                                         f  dbg_hub/inst/BSCANID.u_xsdbm_id/CORE_XSDB.UUT_MASTER/U_ICON_INTERFACE/U_CMD6_WR/U_WR_FIFO/SUBCORE_FIFO.xsdbm_v3_0_0_wrfifo_inst/inst_fifo_gen/gconvfifo.rf/grf.rf/gntv_or_sync_fifo.gl0.rd/rpntr/gc0.count_d1_reg[2]/CLR
  -------------------------------------------------------------------    -------------------

                         (clock rgmii_rxc rise edge)
                                                      0.000     0.000 r  
    E5                                                0.000     0.000 r  rgmii_rxc (IN)
                         net (fo=0)                   0.000     0.000    rgmii_rxc_IBUF_inst/I
    E5                   INBUF (Prop_INBUF_HPIOB_M_PAD_O)
                                                      0.344     0.344 r  rgmii_rxc_IBUF_inst/INBUF_INST/O
                         net (fo=1, routed)           0.000     0.344    rgmii_rxc_IBUF_inst/OUT
    E5                   IBUFCTRL (Prop_IBUFCTRL_HPIOB_M_I_O)
                                                      0.000     0.344 r  rgmii_rxc_IBUF_inst/IBUFCTRL_INST/O
                         net (fo=2, routed)           0.181     0.525    rgmii_rxc_IBUF
    BUFGCE_X0Y80         BUFGCE (Prop_BUFCE_BUFGCE_I_O)
                                                      0.019     0.544 r  rgmii_rxc_IBUF_BUFGCE_collapsed_inst/O
    X1Y1 (CLOCK_ROOT)    net (fo=3793, routed)        1.321     1.865    dbg_hub/inst/BSCANID.u_xsdbm_id/CORE_XSDB.UUT_MASTER/U_ICON_INTERFACE/U_CMD6_WR/U_WR_FIFO/SUBCORE_FIFO.xsdbm_v3_0_0_wrfifo_inst/inst_fifo_gen/gconvfifo.rf/grf.rf/gntv_or_sync_fifo.gl0.rd/rpntr/rd_clk
    SLICE_X13Y8          FDCE                                         r  dbg_hub/inst/BSCANID.u_xsdbm_id/CORE_XSDB.UUT_MASTER/U_ICON_INTERFACE/U_CMD6_WR/U_WR_FIFO/SUBCORE_FIFO.xsdbm_v3_0_0_wrfifo_inst/inst_fifo_gen/gconvfifo.rf/grf.rf/gntv_or_sync_fifo.gl0.rd/rpntr/gc0.count_d1_reg[2]/C
                         clock pessimism             -0.325     1.540    
    SLICE_X13Y8          FDCE (Remov_EFF_SLICEM_C_CLR)
                                                     -0.020     1.520    dbg_hub/inst/BSCANID.u_xsdbm_id/CORE_XSDB.UUT_MASTER/U_ICON_INTERFACE/U_CMD6_WR/U_WR_FIFO/SUBCORE_FIFO.xsdbm_v3_0_0_wrfifo_inst/inst_fifo_gen/gconvfifo.rf/grf.rf/gntv_or_sync_fifo.gl0.rd/rpntr/gc0.count_d1_reg[2]
  -------------------------------------------------------------------
                         required time                         -1.520    
                         arrival time                           1.610    
  -------------------------------------------------------------------
                         slack                                  0.090    





---------------------------------------------------------------------------------------------------
Path Group:  **async_default**
From Clock:  gtx_clk_u
  To Clock:  rxc60_u

Setup :            0  Failing Endpoints,  Worst Slack        3.576ns,  Total Violation        0.000ns
Hold  :            0  Failing Endpoints,  Worst Slack        0.711ns,  Total Violation        0.000ns
---------------------------------------------------------------------------------------------------


Max Delay Paths
--------------------------------------------------------------------------------------
Slack (MET) :             3.576ns  (required time - arrival time)
  Source:                 u_netsec/u_mac/rst_sync_reg[3]/C
                            (rising edge-triggered cell FDPE clocked by gtx_clk_u  {rise@0.000ns fall@4.000ns period=8.000ns})
  Destination:            u_netsec/u_mac/u_mac/eth_mac_1g_rgmii_inst/rgmii_phy_if_inst/rx_rst_reg_reg[0]/PRE
                            (recovery check against rising-edge clock rxc60_u  {rise@0.000ns fall@4.000ns period=8.000ns})
  Path Group:             **async_default**
  Path Type:              Recovery (Max at Slow Process Corner)
  Requirement:            8.000ns  (rxc60_u rise@8.000ns - gtx_clk_u rise@0.000ns)
  Data Path Delay:        7.616ns  (logic 0.096ns (1.261%)  route 7.520ns (98.740%))
  Logic Levels:           0  
  Phase Shift in Clock Latency:
    Destination Clock:    1.500ns
  Clock Path Skew:        3.514ns (DCD - SCD + CPR)
    Destination Clock Delay (DCD):    5.483ns = ( 13.483 - 8.000 ) 
    Source Clock Delay      (SCD):    1.969ns
    Clock Pessimism Removal (CPR):    0.000ns
  Clock Uncertainty:      0.250ns  ((TSJ^2 + DJ^2)^1/2) / 2 + PE
    Total System Jitter     (TSJ):    0.071ns
    Discrete Jitter          (DJ):    0.225ns
    Phase Error              (PE):    0.132ns
  Clock Net Delay (Source):      1.286ns (routing 0.185ns, distribution 1.101ns)
  Clock Net Delay (Destination): 1.931ns (routing 0.967ns, distribution 0.964ns)
  Clock Domain Crossing:  Inter clock paths are considered valid unless explicitly excluded by timing constraints such as set_clock_groups or set_false_path.

    Location             Delay type                Incr(ns)  Path(ns)    Netlist Resource(s)
  -------------------------------------------------------------------    -------------------
                         (clock gtx_clk_u rise edge)
                                                      0.000     0.000 r  
    AE5                                               0.000     0.000 r  sys_clk_clk_p (IN)
                         net (fo=0)                   0.000     0.000    u_netsec/u_ibuf_sys/I
    HPIOBDIFFINBUF_X0Y35 DIFFINBUF (Prop_DIFFINBUF_HPIOBDIFFINBUF_DIFF_IN_P_O)
                                                      0.523     0.523 r  u_netsec/u_ibuf_sys/DIFFINBUF_INST/O
                         net (fo=1, routed)           0.050     0.573    u_netsec/u_ibuf_sys/OUT
    AE5                  IBUFCTRL (Prop_IBUFCTRL_HPIOB_M_I_O)
                                                      0.000     0.573 r  u_netsec/u_ibuf_sys/IBUFCTRL_INST/O
                         net (fo=2, routed)           0.334     0.907    u_netsec/u_mac/sys_clk_200m
    BUFGCE_X0Y26         BUFGCE (Prop_BUFCE_BUFGCE_I_O)
                                                      0.028     0.935 r  u_netsec/u_mac/u_bufg_sys/O
                         net (fo=10, routed)          1.048     1.983    u_netsec/u_mac/sys_clk_buf
    MMCM_X0Y1            MMCME4_ADV (Prop_MMCM_CLKIN1_CLKOUT0)
                                                     -1.583     0.400 r  u_netsec/u_mac/u_mmcm/CLKOUT0
                         net (fo=1, routed)           0.255     0.655    u_netsec/u_mac/gtx_clk_u
    BUFGCE_X0Y38         BUFGCE (Prop_BUFCE_BUFGCE_I_O)
                                                      0.028     0.683 r  u_netsec/u_mac/u_bufg_gtx/O
    X1Y1 (CLOCK_ROOT)    net (fo=26915, routed)       1.286     1.969    u_netsec/u_mac/logic_clk
    SLICE_X23Y156        FDPE                                         r  u_netsec/u_mac/rst_sync_reg[3]/C
  -------------------------------------------------------------------    -------------------
    SLICE_X23Y156        FDPE (Prop_EFF_SLICEL_C_Q)
                                                      0.096     2.065 f  u_netsec/u_mac/rst_sync_reg[3]/Q
                         net (fo=673, routed)         7.520     9.585    u_netsec/u_mac/u_mac/eth_mac_1g_rgmii_inst/rgmii_phy_if_inst/Q[0]
    SLICE_X12Y154        FDPE                                         f  u_netsec/u_mac/u_mac/eth_mac_1g_rgmii_inst/rgmii_phy_if_inst/rx_rst_reg_reg[0]/PRE
  -------------------------------------------------------------------    -------------------

                         (clock rxc60_u rise edge)    8.000     8.000 r  
    E5                                                0.000     8.000 r  rgmii_rxc (IN)
                         net (fo=0)                   0.000     8.000    rgmii_rxc_IBUF_inst/I
    E5                   INBUF (Prop_INBUF_HPIOB_M_PAD_O)
                                                      0.284     8.284 r  rgmii_rxc_IBUF_inst/INBUF_INST/O
                         net (fo=1, routed)           0.000     8.284    rgmii_rxc_IBUF_inst/OUT
    E5                   IBUFCTRL (Prop_IBUFCTRL_HPIOB_M_I_O)
                                                      0.000     8.284 r  rgmii_rxc_IBUF_inst/IBUFCTRL_INST/O
                         net (fo=2, routed)           0.296     8.580    rgmii_rxc_IBUF
    BUFGCE_X0Y80         BUFGCE (Prop_BUFCE_BUFGCE_I_O)
                                                      0.024     8.604 r  rgmii_rxc_IBUF_BUFGCE_collapsed_inst/O
                         net (fo=3793, routed)        1.731    10.335    u_netsec/u_mac/lopt
    MMCM_X0Y3            MMCME4_ADV (Prop_MMCM_CLKIN1_CLKOUT1)
                                                      0.960    11.295 r  u_netsec/u_mac/u_mmcm_rxc/CLKOUT1
                         net (fo=1, routed)           0.233    11.528    u_netsec/u_mac/u_mac/eth_mac_1g_rgmii_inst/rgmii_phy_if_inst/rx_ssio_ddr_inst/rxc60
    BUFGCE_X0Y73         BUFGCE (Prop_BUFCE_BUFGCE_I_O)
                                                      0.024    11.552 r  u_netsec/u_mac/u_mac/eth_mac_1g_rgmii_inst/rgmii_phy_if_inst/rx_ssio_ddr_inst/clk_bufg/O
    X0Y2 (CLOCK_ROOT)    net (fo=205, routed)         1.931    13.483    u_netsec/u_mac/u_mac/eth_mac_1g_rgmii_inst/rgmii_phy_if_inst/CLK
    SLICE_X12Y154        FDPE                                         r  u_netsec/u_mac/u_mac/eth_mac_1g_rgmii_inst/rgmii_phy_if_inst/rx_rst_reg_reg[0]/C
                         clock pessimism              0.000    13.483    
                         clock uncertainty           -0.250    13.232    
    SLICE_X12Y154        FDPE (Recov_AFF_SLICEM_C_PRE)
                                                     -0.072    13.160    u_netsec/u_mac/u_mac/eth_mac_1g_rgmii_inst/rgmii_phy_if_inst/rx_rst_reg_reg[0]
  -------------------------------------------------------------------
                         required time                         13.160    
                         arrival time                          -9.585    
  -------------------------------------------------------------------
                         slack                                  3.576    





Min Delay Paths
--------------------------------------------------------------------------------------
Slack (MET) :             0.711ns  (arrival time - required time)
  Source:                 u_netsec/u_mac/rst_sync_reg[3]/C
                            (rising edge-triggered cell FDPE clocked by gtx_clk_u  {rise@0.000ns fall@4.000ns period=8.000ns})
  Destination:            u_netsec/u_mac/u_mac/eth_mac_1g_rgmii_inst/rgmii_phy_if_inst/rx_rst_reg_reg[1]/PRE
                            (removal check against rising-edge clock rxc60_u  {rise@0.000ns fall@4.000ns period=8.000ns})
  Path Group:             **async_default**
  Path Type:              Removal (Min at Fast Process Corner)
  Requirement:            0.000ns  (rxc60_u rise@0.000ns - gtx_clk_u rise@0.000ns)
  Data Path Delay:        3.518ns  (logic 0.039ns (1.109%)  route 3.479ns (98.891%))
  Logic Levels:           0  
  Phase Shift in Clock Latency:
    Destination Clock:    1.500ns
  Clock Path Skew:        2.576ns (DCD - SCD - CPR)
    Destination Clock Delay (DCD):    3.817ns
    Source Clock Delay      (SCD):    1.240ns
    Clock Pessimism Removal (CPR):    -0.000ns
  Clock Uncertainty:      0.250ns  ((TSJ^2 + DJ^2)^1/2) / 2 + PE
    Total System Jitter     (TSJ):    0.071ns
    Discrete Jitter          (DJ):    0.225ns
    Phase Error              (PE):    0.132ns
  Clock Net Delay (Source):      0.662ns (routing 0.096ns, distribution 0.566ns)
  Clock Net Delay (Destination): 1.257ns (routing 0.606ns, distribution 0.651ns)
  Clock Domain Crossing:  Inter clock paths are considered valid unless explicitly excluded by timing constraints such as set_clock_groups or set_false_path.

    Location             Delay type                Incr(ns)  Path(ns)    Netlist Resource(s)
  -------------------------------------------------------------------    -------------------
                         (clock gtx_clk_u rise edge)
                                                      0.000     0.000 r  
    AE5                                               0.000     0.000 r  sys_clk_clk_p (IN)
                         net (fo=0)                   0.000     0.000    u_netsec/u_ibuf_sys/I
    HPIOBDIFFINBUF_X0Y35 DIFFINBUF (Prop_DIFFINBUF_HPIOBDIFFINBUF_DIFF_IN_P_O)
                                                      0.273     0.273 r  u_netsec/u_ibuf_sys/DIFFINBUF_INST/O
                         net (fo=1, routed)           0.040     0.313    u_netsec/u_ibuf_sys/OUT
    AE5                  IBUFCTRL (Prop_IBUFCTRL_HPIOB_M_I_O)
                                                      0.000     0.313 r  u_netsec/u_ibuf_sys/IBUFCTRL_INST/O
                         net (fo=2, routed)           0.144     0.457    u_netsec/u_mac/sys_clk_200m
    BUFGCE_X0Y26         BUFGCE (Prop_BUFCE_BUFGCE_I_O)
                                                      0.017     0.474 r  u_netsec/u_mac/u_bufg_sys/O
                         net (fo=10, routed)          0.547     1.021    u_netsec/u_mac/sys_clk_buf
    MMCM_X0Y1            MMCME4_ADV (Prop_MMCM_CLKIN1_CLKOUT0)
                                                     -0.605     0.416 r  u_netsec/u_mac/u_mmcm/CLKOUT0
                         net (fo=1, routed)           0.145     0.561    u_netsec/u_mac/gtx_clk_u
    BUFGCE_X0Y38         BUFGCE (Prop_BUFCE_BUFGCE_I_O)
                                                      0.017     0.578 r  u_netsec/u_mac/u_bufg_gtx/O
    X1Y1 (CLOCK_ROOT)    net (fo=26915, routed)       0.662     1.240    u_netsec/u_mac/logic_clk
    SLICE_X23Y156        FDPE                                         r  u_netsec/u_mac/rst_sync_reg[3]/C
  -------------------------------------------------------------------    -------------------
    SLICE_X23Y156        FDPE (Prop_EFF_SLICEL_C_Q)
                                                      0.039     1.279 f  u_netsec/u_mac/rst_sync_reg[3]/Q
                         net (fo=673, routed)         3.479     4.758    u_netsec/u_mac/u_mac/eth_mac_1g_rgmii_inst/rgmii_phy_if_inst/Q[0]
    SLICE_X13Y177        FDPE                                         f  u_netsec/u_mac/u_mac/eth_mac_1g_rgmii_inst/rgmii_phy_if_inst/rx_rst_reg_reg[1]/PRE
  -------------------------------------------------------------------    -------------------

                         (clock rxc60_u rise edge)    0.000     0.000 r  
    E5                                                0.000     0.000 r  rgmii_rxc (IN)
                         net (fo=0)                   0.000     0.000    rgmii_rxc_IBUF_inst/I
    E5                   INBUF (Prop_INBUF_HPIOB_M_PAD_O)
                                                      0.344     0.344 r  rgmii_rxc_IBUF_inst/INBUF_INST/O
                         net (fo=1, routed)           0.000     0.344    rgmii_rxc_IBUF_inst/OUT
    E5                   IBUFCTRL (Prop_IBUFCTRL_HPIOB_M_I_O)
                                                      0.000     0.344 r  rgmii_rxc_IBUF_inst/IBUFCTRL_INST/O
                         net (fo=2, routed)           0.181     0.525    rgmii_rxc_IBUF
    BUFGCE_X0Y80         BUFGCE (Prop_BUFCE_BUFGCE_I_O)
                                                      0.019     0.544 r  rgmii_rxc_IBUF_BUFGCE_collapsed_inst/O
                         net (fo=3793, routed)        1.114     1.658    u_netsec/u_mac/lopt
    MMCM_X0Y3            MMCME4_ADV (Prop_MMCM_CLKIN1_CLKOUT1)
                                                      0.713     2.371 r  u_netsec/u_mac/u_mmcm_rxc/CLKOUT1
                         net (fo=1, routed)           0.170     2.541    u_netsec/u_mac/u_mac/eth_mac_1g_rgmii_inst/rgmii_phy_if_inst/rx_ssio_ddr_inst/rxc60
    BUFGCE_X0Y73         BUFGCE (Prop_BUFCE_BUFGCE_I_O)
                                                      0.019     2.560 r  u_netsec/u_mac/u_mac/eth_mac_1g_rgmii_inst/rgmii_phy_if_inst/rx_ssio_ddr_inst/clk_bufg/O
    X0Y2 (CLOCK_ROOT)    net (fo=205, routed)         1.257     3.817    u_netsec/u_mac/u_mac/eth_mac_1g_rgmii_inst/rgmii_phy_if_inst/CLK
    SLICE_X13Y177        FDPE                                         r  u_netsec/u_mac/u_mac/eth_mac_1g_rgmii_inst/rgmii_phy_if_inst/rx_rst_reg_reg[1]/C
                         clock pessimism              0.000     3.817    
                         clock uncertainty            0.250     4.067    
    SLICE_X13Y177        FDPE (Remov_EFF2_SLICEM_C_PRE)
                                                     -0.020     4.047    u_netsec/u_mac/u_mac/eth_mac_1g_rgmii_inst/rgmii_phy_if_inst/rx_rst_reg_reg[1]
  -------------------------------------------------------------------
                         required time                         -4.047    
                         arrival time                           4.758    
  -------------------------------------------------------------------
                         slack                                  0.711    





---------------------------------------------------------------------------------------------------
Path Group:  **async_default**
From Clock:  rxc60_u
  To Clock:  rxc60_u

Setup :            0  Failing Endpoints,  Worst Slack        6.483ns,  Total Violation        0.000ns
Hold  :            0  Failing Endpoints,  Worst Slack        0.366ns,  Total Violation        0.000ns
---------------------------------------------------------------------------------------------------


Max Delay Paths
--------------------------------------------------------------------------------------
Slack (MET) :             6.483ns  (required time - arrival time)
  Source:                 u_netsec/u_mac/u_mac/eth_mac_1g_rgmii_inst/rgmii_phy_if_inst/rx_rst_reg_reg[0]/C
                            (rising edge-triggered cell FDPE clocked by rxc60_u  {rise@0.000ns fall@4.000ns period=8.000ns})
  Destination:            u_netsec/u_mac/u_mac/rx_fifo/fifo_inst/m_rst_sync1_reg_reg/PRE
                            (recovery check against rising-edge clock rxc60_u  {rise@0.000ns fall@4.000ns period=8.000ns})
  Path Group:             **async_default**
  Path Type:              Recovery (Max at Slow Process Corner)
  Requirement:            8.000ns  (rxc60_u rise@8.000ns - rxc60_u rise@0.000ns)
  Data Path Delay:        1.272ns  (logic 0.093ns (7.311%)  route 1.179ns (92.689%))
  Logic Levels:           0  
  Phase Shift in Clock Latency:
    Source Clock:         1.500ns
    Destination Clock:    1.500ns
  Clock Path Skew:        -0.104ns (DCD - SCD + CPR)
    Destination Clock Delay (DCD):    5.524ns = ( 13.524 - 8.000 ) 
    Source Clock Delay      (SCD):    5.611ns
    Clock Pessimism Removal (CPR):    -0.017ns
  Clock Uncertainty:      0.069ns  ((TSJ^2 + DJ^2)^1/2) / 2 + PE
    Total System Jitter     (TSJ):    0.071ns
    Discrete Jitter          (DJ):    0.118ns
    Phase Error              (PE):    0.000ns
  Clock Net Delay (Source):      2.177ns (routing 1.063ns, distribution 1.114ns)
  Clock Net Delay (Destination): 1.972ns (routing 0.967ns, distribution 1.005ns)

    Location             Delay type                Incr(ns)  Path(ns)    Netlist Resource(s)
  -------------------------------------------------------------------    -------------------
                         (clock rxc60_u rise edge)    0.000     0.000 r  
    E5                                                0.000     0.000 r  rgmii_rxc (IN)
                         net (fo=0)                   0.000     0.000    rgmii_rxc_IBUF_inst/I
    E5                   INBUF (Prop_INBUF_HPIOB_M_PAD_O)
                                                      0.551     0.551 r  rgmii_rxc_IBUF_inst/INBUF_INST/O
                         net (fo=1, routed)           0.000     0.551    rgmii_rxc_IBUF_inst/OUT
    E5                   IBUFCTRL (Prop_IBUFCTRL_HPIOB_M_I_O)
                                                      0.000     0.551 r  rgmii_rxc_IBUF_inst/IBUFCTRL_INST/O
                         net (fo=2, routed)           0.334     0.885    rgmii_rxc_IBUF
    BUFGCE_X0Y80         BUFGCE (Prop_BUFCE_BUFGCE_I_O)
                                                      0.028     0.913 r  rgmii_rxc_IBUF_BUFGCE_collapsed_inst/O
                         net (fo=3793, routed)        1.934     2.847    u_netsec/u_mac/lopt
    MMCM_X0Y3            MMCME4_ADV (Prop_MMCM_CLKIN1_CLKOUT1)
                                                      0.297     3.144 r  u_netsec/u_mac/u_mmcm_rxc/CLKOUT1
                         net (fo=1, routed)           0.262     3.406    u_netsec/u_mac/u_mac/eth_mac_1g_rgmii_inst/rgmii_phy_if_inst/rx_ssio_ddr_inst/rxc60
    BUFGCE_X0Y73         BUFGCE (Prop_BUFCE_BUFGCE_I_O)
                                                      0.028     3.434 r  u_netsec/u_mac/u_mac/eth_mac_1g_rgmii_inst/rgmii_phy_if_inst/rx_ssio_ddr_inst/clk_bufg/O
    X0Y2 (CLOCK_ROOT)    net (fo=205, routed)         2.177     5.611    u_netsec/u_mac/u_mac/eth_mac_1g_rgmii_inst/rgmii_phy_if_inst/CLK
    SLICE_X12Y154        FDPE                                         r  u_netsec/u_mac/u_mac/eth_mac_1g_rgmii_inst/rgmii_phy_if_inst/rx_rst_reg_reg[0]/C
  -------------------------------------------------------------------    -------------------
    SLICE_X12Y154        FDPE (Prop_AFF_SLICEM_C_Q)
                                                      0.093     5.704 f  u_netsec/u_mac/u_mac/eth_mac_1g_rgmii_inst/rgmii_phy_if_inst/rx_rst_reg_reg[0]/Q
                         net (fo=47, routed)          1.179     6.883    u_netsec/u_mac/u_mac/rx_fifo/fifo_inst/AR[0]
    SLICE_X19Y115        FDPE                                         f  u_netsec/u_mac/u_mac/rx_fifo/fifo_inst/m_rst_sync1_reg_reg/PRE
  -------------------------------------------------------------------    -------------------

                         (clock rxc60_u rise edge)    8.000     8.000 r  
    E5                                                0.000     8.000 r  rgmii_rxc (IN)
                         net (fo=0)                   0.000     8.000    rgmii_rxc_IBUF_inst/I
    E5                   INBUF (Prop_INBUF_HPIOB_M_PAD_O)
                                                      0.284     8.284 r  rgmii_rxc_IBUF_inst/INBUF_INST/O
                         net (fo=1, routed)           0.000     8.284    rgmii_rxc_IBUF_inst/OUT
    E5                   IBUFCTRL (Prop_IBUFCTRL_HPIOB_M_I_O)
                                                      0.000     8.284 r  rgmii_rxc_IBUF_inst/IBUFCTRL_INST/O
                         net (fo=2, routed)           0.296     8.580    rgmii_rxc_IBUF
    BUFGCE_X0Y80         BUFGCE (Prop_BUFCE_BUFGCE_I_O)
                                                      0.024     8.604 r  rgmii_rxc_IBUF_BUFGCE_collapsed_inst/O
                         net (fo=3793, routed)        1.731    10.335    u_netsec/u_mac/lopt
    MMCM_X0Y3            MMCME4_ADV (Prop_MMCM_CLKIN1_CLKOUT1)
                                                      0.960    11.295 r  u_netsec/u_mac/u_mmcm_rxc/CLKOUT1
                         net (fo=1, routed)           0.233    11.528    u_netsec/u_mac/u_mac/eth_mac_1g_rgmii_inst/rgmii_phy_if_inst/rx_ssio_ddr_inst/rxc60
    BUFGCE_X0Y73         BUFGCE (Prop_BUFCE_BUFGCE_I_O)
                                                      0.024    11.552 r  u_netsec/u_mac/u_mac/eth_mac_1g_rgmii_inst/rgmii_phy_if_inst/rx_ssio_ddr_inst/clk_bufg/O
    X0Y2 (CLOCK_ROOT)    net (fo=205, routed)         1.972    13.524    u_netsec/u_mac/u_mac/rx_fifo/fifo_inst/CLK
    SLICE_X19Y115        FDPE                                         r  u_netsec/u_mac/u_mac/rx_fifo/fifo_inst/m_rst_sync1_reg_reg/C
                         clock pessimism             -0.017    13.507    
                         clock uncertainty           -0.069    13.438    
    SLICE_X19Y115        FDPE (Recov_AFF_SLICEL_C_PRE)
                                                     -0.072    13.366    u_netsec/u_mac/u_mac/rx_fifo/fifo_inst/m_rst_sync1_reg_reg
  -------------------------------------------------------------------
                         required time                         13.366    
                         arrival time                          -6.883    
  -------------------------------------------------------------------
                         slack                                  6.483    





Min Delay Paths
--------------------------------------------------------------------------------------
Slack (MET) :             0.366ns  (arrival time - required time)
  Source:                 u_netsec/u_mac/u_mac/eth_mac_1g_rgmii_inst/rgmii_phy_if_inst/rx_rst_reg_reg[0]/C
                            (rising edge-triggered cell FDPE clocked by rxc60_u  {rise@0.000ns fall@4.000ns period=8.000ns})
  Destination:            u_netsec/u_mac/u_mac/rx_sync_reg_1_reg[1]/CLR
                            (removal check against rising-edge clock rxc60_u  {rise@0.000ns fall@4.000ns period=8.000ns})
  Path Group:             **async_default**
  Path Type:              Removal (Min at Fast Process Corner)
  Requirement:            0.000ns  (rxc60_u rise@0.000ns - rxc60_u rise@0.000ns)
  Data Path Delay:        0.408ns  (logic 0.038ns (9.314%)  route 0.370ns (90.686%))
  Logic Levels:           0  
  Phase Shift in Clock Latency:
    Source Clock:         1.500ns
    Destination Clock:    1.500ns
  Clock Path Skew:        0.062ns (DCD - SCD - CPR)
    Destination Clock Delay (DCD):    3.819ns
    Source Clock Delay      (SCD):    3.741ns
    Clock Pessimism Removal (CPR):    0.016ns
  Clock Net Delay (Source):      1.104ns (routing 0.542ns, distribution 0.562ns)
  Clock Net Delay (Destination): 1.259ns (routing 0.606ns, distribution 0.653ns)

    Location             Delay type                Incr(ns)  Path(ns)    Netlist Resource(s)
  -------------------------------------------------------------------    -------------------
                         (clock rxc60_u rise edge)    0.000     0.000 r  
    E5                                                0.000     0.000 r  rgmii_rxc (IN)
                         net (fo=0)                   0.000     0.000    rgmii_rxc_IBUF_inst/I
    E5                   INBUF (Prop_INBUF_HPIOB_M_PAD_O)
                                                      0.159     0.159 r  rgmii_rxc_IBUF_inst/INBUF_INST/O
                         net (fo=1, routed)           0.000     0.159    rgmii_rxc_IBUF_inst/OUT
    E5                   IBUFCTRL (Prop_IBUFCTRL_HPIOB_M_I_O)
                                                      0.000     0.159 r  rgmii_rxc_IBUF_inst/IBUFCTRL_INST/O
                         net (fo=2, routed)           0.144     0.303    rgmii_rxc_IBUF
    BUFGCE_X0Y80         BUFGCE (Prop_BUFCE_BUFGCE_I_O)
                                                      0.017     0.320 r  rgmii_rxc_IBUF_BUFGCE_collapsed_inst/O
                         net (fo=3793, routed)        0.990     1.310    u_netsec/u_mac/lopt
    MMCM_X0Y3            MMCME4_ADV (Prop_MMCM_CLKIN1_CLKOUT1)
                                                      1.161     2.471 r  u_netsec/u_mac/u_mmcm_rxc/CLKOUT1
                         net (fo=1, routed)           0.149     2.620    u_netsec/u_mac/u_mac/eth_mac_1g_rgmii_inst/rgmii_phy_if_inst/rx_ssio_ddr_inst/rxc60
    BUFGCE_X0Y73         BUFGCE (Prop_BUFCE_BUFGCE_I_O)
                                                      0.017     2.637 r  u_netsec/u_mac/u_mac/eth_mac_1g_rgmii_inst/rgmii_phy_if_inst/rx_ssio_ddr_inst/clk_bufg/O
    X0Y2 (CLOCK_ROOT)    net (fo=205, routed)         1.104     3.741    u_netsec/u_mac/u_mac/eth_mac_1g_rgmii_inst/rgmii_phy_if_inst/CLK
    SLICE_X12Y154        FDPE                                         r  u_netsec/u_mac/u_mac/eth_mac_1g_rgmii_inst/rgmii_phy_if_inst/rx_rst_reg_reg[0]/C
  -------------------------------------------------------------------    -------------------
    SLICE_X12Y154        FDPE (Prop_AFF_SLICEM_C_Q)
                                                      0.038     3.779 f  u_netsec/u_mac/u_mac/eth_mac_1g_rgmii_inst/rgmii_phy_if_inst/rx_rst_reg_reg[0]/Q
                         net (fo=47, routed)          0.370     4.149    u_netsec/u_mac/u_mac/rx_rst
    SLICE_X15Y175        FDCE                                         f  u_netsec/u_mac/u_mac/rx_sync_reg_1_reg[1]/CLR
  -------------------------------------------------------------------    -------------------

                         (clock rxc60_u rise edge)    0.000     0.000 r  
    E5                                                0.000     0.000 r  rgmii_rxc (IN)
                         net (fo=0)                   0.000     0.000    rgmii_rxc_IBUF_inst/I
    E5                   INBUF (Prop_INBUF_HPIOB_M_PAD_O)
                                                      0.344     0.344 r  rgmii_rxc_IBUF_inst/INBUF_INST/O
                         net (fo=1, routed)           0.000     0.344    rgmii_rxc_IBUF_inst/OUT
    E5                   IBUFCTRL (Prop_IBUFCTRL_HPIOB_M_I_O)
                                                      0.000     0.344 r  rgmii_rxc_IBUF_inst/IBUFCTRL_INST/O
                         net (fo=2, routed)           0.181     0.525    rgmii_rxc_IBUF
    BUFGCE_X0Y80         BUFGCE (Prop_BUFCE_BUFGCE_I_O)
                                                      0.019     0.544 r  rgmii_rxc_IBUF_BUFGCE_collapsed_inst/O
                         net (fo=3793, routed)        1.114     1.658    u_netsec/u_mac/lopt
    MMCM_X0Y3            MMCME4_ADV (Prop_MMCM_CLKIN1_CLKOUT1)
                                                      0.713     2.371 r  u_netsec/u_mac/u_mmcm_rxc/CLKOUT1
                         net (fo=1, routed)           0.170     2.541    u_netsec/u_mac/u_mac/eth_mac_1g_rgmii_inst/rgmii_phy_if_inst/rx_ssio_ddr_inst/rxc60
    BUFGCE_X0Y73         BUFGCE (Prop_BUFCE_BUFGCE_I_O)
                                                      0.019     2.560 r  u_netsec/u_mac/u_mac/eth_mac_1g_rgmii_inst/rgmii_phy_if_inst/rx_ssio_ddr_inst/clk_bufg/O
    X0Y2 (CLOCK_ROOT)    net (fo=205, routed)         1.259     3.819    u_netsec/u_mac/u_mac/rx_clk
    SLICE_X15Y175        FDCE                                         r  u_netsec/u_mac/u_mac/rx_sync_reg_1_reg[1]/C
                         clock pessimism             -0.016     3.803    
    SLICE_X15Y175        FDCE (Remov_HFF_SLICEL_C_CLR)
                                                     -0.020     3.783    u_netsec/u_mac/u_mac/rx_sync_reg_1_reg[1]
  -------------------------------------------------------------------
                         required time                         -3.783    
                         arrival time                           4.149    
  -------------------------------------------------------------------
                         slack                                  0.366    





---------------------------------------------------------------------------------------------------
Path Group:  **async_default**
From Clock:  sys_clk_clk_p
  To Clock:  sys_clk_clk_p

Setup :            0  Failing Endpoints,  Worst Slack        2.990ns,  Total Violation        0.000ns
Hold  :            0  Failing Endpoints,  Worst Slack        0.086ns,  Total Violation        0.000ns
---------------------------------------------------------------------------------------------------


Max Delay Paths
--------------------------------------------------------------------------------------
Slack (MET) :             2.990ns  (required time - arrival time)
  Source:                 u_netsec/u_mac/idly_rst_cnt_reg[7]/C
                            (rising edge-triggered cell FDCE clocked by sys_clk_clk_p  {rise@0.000ns fall@2.500ns period=5.000ns})
  Destination:            u_netsec/u_mac/u_idelayctrl/RST
                            (recovery check against rising-edge clock sys_clk_clk_p  {rise@0.000ns fall@2.500ns period=5.000ns})
  Path Group:             **async_default**
  Path Type:              Recovery (Max at Slow Process Corner)
  Requirement:            5.000ns  (sys_clk_clk_p rise@5.000ns - sys_clk_clk_p rise@0.000ns)
  Data Path Delay:        1.239ns  (logic 0.246ns (19.855%)  route 0.993ns (80.145%))
  Logic Levels:           1  (LUT3=1)
  Clock Path Skew:        -0.203ns (DCD - SCD + CPR)
    Destination Clock Delay (DCD):    1.927ns = ( 6.927 - 5.000 ) 
    Source Clock Delay      (SCD):    2.339ns
    Clock Pessimism Removal (CPR):    0.209ns
  Clock Uncertainty:      0.035ns  ((TSJ^2 + TIJ^2)^1/2 + DJ) / 2 + PE
    Total System Jitter     (TSJ):    0.071ns
    Total Input Jitter      (TIJ):    0.000ns
    Discrete Jitter          (DJ):    0.000ns
    Phase Error              (PE):    0.000ns
  Clock Net Delay (Source):      1.404ns (routing 0.185ns, distribution 1.219ns)
  Clock Net Delay (Destination): 1.126ns (routing 0.170ns, distribution 0.956ns)

    Location             Delay type                Incr(ns)  Path(ns)    Netlist Resource(s)
  -------------------------------------------------------------------    -------------------
                         (clock sys_clk_clk_p rise edge)
                                                      0.000     0.000 r  
    AE5                                               0.000     0.000 r  sys_clk_clk_p (IN)
                         net (fo=0)                   0.000     0.000    u_netsec/u_ibuf_sys/I
    HPIOBDIFFINBUF_X0Y35 DIFFINBUF (Prop_DIFFINBUF_HPIOBDIFFINBUF_DIFF_IN_P_O)
                                                      0.523     0.523 r  u_netsec/u_ibuf_sys/DIFFINBUF_INST/O
                         net (fo=1, routed)           0.050     0.573    u_netsec/u_ibuf_sys/OUT
    AE5                  IBUFCTRL (Prop_IBUFCTRL_HPIOB_M_I_O)
                                                      0.000     0.573 r  u_netsec/u_ibuf_sys/IBUFCTRL_INST/O
                         net (fo=2, routed)           0.334     0.907    u_netsec/u_mac/sys_clk_200m
    BUFGCE_X0Y26         BUFGCE (Prop_BUFCE_BUFGCE_I_O)
                                                      0.028     0.935 r  u_netsec/u_mac/u_bufg_sys/O
    X1Y1 (CLOCK_ROOT)    net (fo=10, routed)          1.404     2.339    u_netsec/u_mac/sys_clk_buf
    SLICE_X22Y5          FDCE                                         r  u_netsec/u_mac/idly_rst_cnt_reg[7]/C
  -------------------------------------------------------------------    -------------------
    SLICE_X22Y5          FDCE (Prop_CFF2_SLICEL_C_Q)
                                                      0.097     2.436 r  u_netsec/u_mac/idly_rst_cnt_reg[7]/Q
                         net (fo=3, routed)           0.186     2.622    u_netsec/u_mac/idly_rst_cnt_reg[7]
    SLICE_X22Y5          LUT3 (Prop_A6LUT_SLICEL_I0_O)
                                                      0.149     2.771 f  u_netsec/u_mac/u_idelayctrl_i_1/O
                         net (fo=1, routed)           0.807     3.578    u_netsec/u_mac/idly_rst
    BITSLICE_CONTROL_X0Y0
                         IDELAYCTRL                                   f  u_netsec/u_mac/u_idelayctrl/RST
  -------------------------------------------------------------------    -------------------

                         (clock sys_clk_clk_p rise edge)
                                                      5.000     5.000 r  
    AE5                                               0.000     5.000 r  sys_clk_clk_p (IN)
                         net (fo=0)                   0.000     5.000    u_netsec/u_ibuf_sys/I
    HPIOBDIFFINBUF_X0Y35 DIFFINBUF (Prop_DIFFINBUF_HPIOBDIFFINBUF_DIFF_IN_P_O)
                                                      0.441     5.441 r  u_netsec/u_ibuf_sys/DIFFINBUF_INST/O
                         net (fo=1, routed)           0.040     5.481    u_netsec/u_ibuf_sys/OUT
    AE5                  IBUFCTRL (Prop_IBUFCTRL_HPIOB_M_I_O)
                                                      0.000     5.481 r  u_netsec/u_ibuf_sys/IBUFCTRL_INST/O
                         net (fo=2, routed)           0.296     5.777    u_netsec/u_mac/sys_clk_200m
    BUFGCE_X0Y26         BUFGCE (Prop_BUFCE_BUFGCE_I_O)
                                                      0.024     5.801 r  u_netsec/u_mac/u_bufg_sys/O
    X1Y1 (CLOCK_ROOT)    net (fo=10, routed)          1.126     6.927    u_netsec/u_mac/sys_clk_buf
    BITSLICE_CONTROL_X0Y0
                         IDELAYCTRL                                   r  u_netsec/u_mac/u_idelayctrl/REFCLK
                         clock pessimism              0.209     7.136    
                         clock uncertainty           -0.035     7.101    
    BITSLICE_CONTROL_X0Y0
                         IDELAYCTRL (Recov_CONTROL_BITSLICE_CONTROL_REFCLK_RST)
                                                     -0.533     6.568    u_netsec/u_mac/u_idelayctrl
  -------------------------------------------------------------------
                         required time                          6.568    
                         arrival time                          -3.578    
  -------------------------------------------------------------------
                         slack                                  2.990    





Min Delay Paths
--------------------------------------------------------------------------------------
Slack (MET) :             0.086ns  (arrival time - required time)
  Source:                 u_netsec/u_mac/idly_rst_cnt_reg[5]/C
                            (rising edge-triggered cell FDCE clocked by sys_clk_clk_p  {rise@0.000ns fall@2.500ns period=5.000ns})
  Destination:            u_netsec/u_mac/u_idelayctrl/RST
                            (removal check against rising-edge clock sys_clk_clk_p  {rise@0.000ns fall@2.500ns period=5.000ns})
  Path Group:             **async_default**
  Path Type:              Removal (Min at Fast Process Corner)
  Requirement:            0.000ns  (sys_clk_clk_p rise@0.000ns - sys_clk_clk_p rise@0.000ns)
  Data Path Delay:        0.407ns  (logic 0.061ns (14.988%)  route 0.346ns (85.012%))
  Logic Levels:           1  (LUT3=1)
  Clock Path Skew:        0.042ns (DCD - SCD - CPR)
    Destination Clock Delay (DCD):    1.419ns
    Source Clock Delay      (SCD):    1.181ns
    Clock Pessimism Removal (CPR):    0.195ns
  Clock Net Delay (Source):      0.707ns (routing 0.096ns, distribution 0.611ns)
  Clock Net Delay (Destination): 0.797ns (routing 0.108ns, distribution 0.689ns)

    Location             Delay type                Incr(ns)  Path(ns)    Netlist Resource(s)
  -------------------------------------------------------------------    -------------------
                         (clock sys_clk_clk_p rise edge)
                                                      0.000     0.000 r  
    AE5                                               0.000     0.000 r  sys_clk_clk_p (IN)
                         net (fo=0)                   0.000     0.000    u_netsec/u_ibuf_sys/I
    HPIOBDIFFINBUF_X0Y35 DIFFINBUF (Prop_DIFFINBUF_HPIOBDIFFINBUF_DIFF_IN_P_O)
                                                      0.273     0.273 r  u_netsec/u_ibuf_sys/DIFFINBUF_INST/O
                         net (fo=1, routed)           0.040     0.313    u_netsec/u_ibuf_sys/OUT
    AE5                  IBUFCTRL (Prop_IBUFCTRL_HPIOB_M_I_O)
                                                      0.000     0.313 r  u_netsec/u_ibuf_sys/IBUFCTRL_INST/O
                         net (fo=2, routed)           0.144     0.457    u_netsec/u_mac/sys_clk_200m
    BUFGCE_X0Y26         BUFGCE (Prop_BUFCE_BUFGCE_I_O)
                                                      0.017     0.474 r  u_netsec/u_mac/u_bufg_sys/O
    X1Y1 (CLOCK_ROOT)    net (fo=10, routed)          0.707     1.181    u_netsec/u_mac/sys_clk_buf
    SLICE_X22Y5          FDCE                                         r  u_netsec/u_mac/idly_rst_cnt_reg[5]/C
  -------------------------------------------------------------------    -------------------
    SLICE_X22Y5          FDCE (Prop_BFF_SLICEL_C_Q)
                                                      0.039     1.220 r  u_netsec/u_mac/idly_rst_cnt_reg[5]/Q
                         net (fo=3, routed)           0.026     1.246    u_netsec/u_mac/idly_rst_cnt_reg[5]
    SLICE_X22Y5          LUT3 (Prop_A6LUT_SLICEL_I2_O)
                                                      0.022     1.268 f  u_netsec/u_mac/u_idelayctrl_i_1/O
                         net (fo=1, routed)           0.320     1.588    u_netsec/u_mac/idly_rst
    BITSLICE_CONTROL_X0Y0
                         IDELAYCTRL                                   f  u_netsec/u_mac/u_idelayctrl/RST
  -------------------------------------------------------------------    -------------------

                         (clock sys_clk_clk_p rise edge)
                                                      0.000     0.000 r  
    AE5                                               0.000     0.000 r  sys_clk_clk_p (IN)
                         net (fo=0)                   0.000     0.000    u_netsec/u_ibuf_sys/I
    HPIOBDIFFINBUF_X0Y35 DIFFINBUF (Prop_DIFFINBUF_HPIOBDIFFINBUF_DIFF_IN_P_O)
                                                      0.372     0.372 r  u_netsec/u_ibuf_sys/DIFFINBUF_INST/O
                         net (fo=1, routed)           0.050     0.422    u_netsec/u_ibuf_sys/OUT
    AE5                  IBUFCTRL (Prop_IBUFCTRL_HPIOB_M_I_O)
                                                      0.000     0.422 r  u_netsec/u_ibuf_sys/IBUFCTRL_INST/O
                         net (fo=2, routed)           0.181     0.603    u_netsec/u_mac/sys_clk_200m
    BUFGCE_X0Y26         BUFGCE (Prop_BUFCE_BUFGCE_I_O)
                                                      0.019     0.622 r  u_netsec/u_mac/u_bufg_sys/O
    X1Y1 (CLOCK_ROOT)    net (fo=10, routed)          0.797     1.419    u_netsec/u_mac/sys_clk_buf
    BITSLICE_CONTROL_X0Y0
                         IDELAYCTRL                                   r  u_netsec/u_mac/u_idelayctrl/REFCLK
                         clock pessimism             -0.195     1.223    
    BITSLICE_CONTROL_X0Y0
                         IDELAYCTRL (Remov_CONTROL_BITSLICE_CONTROL_REFCLK_RST)
                                                      0.279     1.502    u_netsec/u_mac/u_idelayctrl
  -------------------------------------------------------------------
                         required time                         -1.502    
                         arrival time                           1.588    
  -------------------------------------------------------------------
                         slack                                  0.086    





